{
"type": "FeatureCollection",
"name": "US_States_20m",
"crs": { "type": "name", "properties": { "name": "urn:ogc:def:crs:OGC:1.3:CRS84" } },
"features": [
{"type":"Feature","properties":{"STUSPS":"TX","NAME":"Texas"},"geometry":{"type":"Polygon","coordinates":[[[-106.623445148335676,31.914033064529466],[-106.630114207333477,31.971256976252729],[-106.618486261472327,32.000493935700987],[-106.513986502289939,32.00081662995111],[-106.377173698986965,32.001239165271059],[-106.20069957377568,32.001784192633188],[-105.997971793148338,32.001973910427239],[-105.750527818565146,32.002205187694166],[-105.153994104968405,32.000496549482214],[-104.918357269283561,32.000471793064683],[-104.847740276425668,32.000464323538132],[-104.643526420166992,32.000442831863609],[-104.024521765716145,32.000010263747072],[-103.980214179808939,32.000033092850877],[-103.722882019332459,32.000165567092587],[-103.32650099187336,32.000369814572558],[-103.06442313348262,32.000517924126783],[-103.064422643579249,32.087050735943521],[-103.064422315469201,32.145005609909454],[-103.064696592364854,32.522191525903409],[-103.064761607757077,32.587981472930899],[-103.064829695047393,32.726948776742105],[-103.064889730411423,32.849357421509112],[-103.063469711036007,32.959104898106986],[-103.060103715337263,33.219223834144572],[-103.056495719474299,33.388413258997964],[-103.052611164237987,33.570573783727184],[-103.052610647682584,33.570598007226799],[-103.047346678189967,33.824673383058638],[-103.043516860810215,34.079379712598254],[-103.043837381172267,34.30264528183686],[-103.043851878948828,34.312747165102046],[-103.043947754835884,34.379552356165433],[-103.043074067666595,34.619779879546662],[-103.042771061255138,34.747359315753926],[-103.042740409006328,34.954140648214064],[-103.042712522272794,35.144733799198818],[-103.042619482541582,35.183156092324246],[-103.041554470198776,35.622485328584638],[-103.041356927132824,35.739431767356741],[-103.04082409637077,36.05522925515816],[-103.041925418406436,36.500436450494995],[-103.00243539302376,36.500394498016433],[-102.162466092058196,36.500322703274264],[-102.032342412930888,36.500062450888912],[-101.826568982494891,36.499651129164015],[-101.623919557157834,36.499525632265602],[-101.085160171889811,36.49924297082655],[-100.95415616451092,36.499528445498946],[-100.884177705760521,36.499680795644466],[-100.592617021659564,36.499467347673011],[-100.546148116293494,36.499503441797835],[-100.311021190178536,36.499686122899142],[-100.003764779454343,36.499699904651891],[-100.000408779560544,36.499700055594154],[-100.000402418402786,36.055675072787658],[-100.000399564166955,35.881231281417683],[-100.00039515636233,35.619113880781917],[-100.000391669644188,35.422363278776977],[-100.000387358196946,35.182701251209416],[-100.00038605317539,35.029928813497399],[-100.000384170627797,34.746359109702013],[-100.000383141987882,34.560507440507756],[-99.997631469545624,34.561135063770635],[-99.929336127537681,34.576712407922493],[-99.842066079821407,34.506931090259755],[-99.818188206420132,34.48783830906499],[-99.764884223213357,34.435264291880145],[-99.696464292352161,34.381034242835497],[-99.600028396868481,34.374686151439938],[-99.584482361353494,34.407671134196889],[-99.475024646689604,34.396869067516086],[-99.470971520169201,34.396469081469228],[-99.420434693257846,34.380462142605111],[-99.394958523702812,34.442097089014403],[-99.35040961953743,34.43708111264548],[-99.275343033233057,34.386597283997986],[-99.221611343828016,34.325372087845537],[-99.211603495796211,34.313968545836566],[-99.189514660124644,34.214310608144174],[-99.131556546842134,34.209350564367718],[-99.058803411499056,34.201254513615432],[-99.002919334005369,34.208780490754769],[-98.952328306612074,34.204668406208903],[-98.940223441752991,34.203684512584751],[-98.872232506488373,34.160444535880806],[-98.806813617129976,34.155899577478841],[-98.737235673879383,34.130990643480111],[-98.690075699357848,34.133153720002554],[-98.648076773053589,34.164439769817392],[-98.610203990734348,34.156175701663997],[-98.577139774170135,34.148960892447178],[-98.528203718751527,34.094960021152048],[-98.475069692217232,34.064268107012452],[-98.423536708298954,34.081948582127033],[-98.414429710899256,34.085073106746762],[-98.398444759687607,34.128455085877171],[-98.364026785708987,34.157108089697218],[-98.3187537643458,34.146420119970237],[-98.225285698806104,34.127244157816648],[-98.169123606863252,34.114170157033257],[-98.138489631434012,34.141205175700179],[-98.123380608054461,34.154539155232818],[-98.099331493615651,34.104294156609839],[-98.099099398042597,34.048638158878866],[-98.082842287713675,34.002411161291398],[-98.005670133200368,33.995963168343842],[-97.947575096853285,33.991052148481501],[-97.953698081612316,33.924372242941082],[-97.951909022675338,33.89122510335055],[-97.951218068038571,33.878423306257723],[-97.865768021082829,33.849392370026131],[-97.803476000876728,33.880189319937919],[-97.759836993007085,33.925209215746314],[-97.671774931537868,33.991369000584228],[-97.609093871709149,33.968091985158445],[-97.596157861209846,33.922105016903338],[-97.56124598492822,33.899060490608122],[-97.558272832593502,33.89709798031955],[-97.486507778443823,33.91699287248565],[-97.484146217090597,33.913887978514133],[-97.451471786666971,33.870928830647884],[-97.444195808606693,33.823771822086002],[-97.372943819172093,33.819452740290579],[-97.318245775424799,33.865119675151085],[-97.246182713745839,33.900342592595869],[-97.206143655833898,33.91427859024887],[-97.166631668472093,33.847309596193938],[-97.205654767346829,33.809822600072891],[-97.149396592279516,33.721965629082725],[-97.09107451978501,33.735113617003897],[-97.08785455822543,33.774097605147169],[-97.078592537345116,33.812754600068622],[-97.055840503104037,33.85573959400778],[-96.985569423685419,33.886520581017457],[-96.988747447252507,33.918466576534051],[-96.952315420382789,33.944580546899324],[-96.944619299970526,33.945011792013538],[-96.934345703019304,33.945587463655329],[-96.905255366782924,33.947217513957582],[-96.897196326012065,33.902952528252946],[-96.850595227118717,33.847209534366449],[-96.794278172813392,33.86888449568189],[-96.776768128550728,33.841974508646331],[-96.712424078381687,33.831631507517585],[-96.682105113269188,33.876643467598072],[-96.659898146434017,33.916664431071261],[-96.59467641306091,33.88301711791253],[-96.590114102723803,33.8806634626592],[-96.592928055384604,33.830914509492601],[-96.572939040137342,33.819096520956066],[-96.523865029575489,33.818112522770932],[-96.50228797977455,33.77345856726221],[-96.436457033505548,33.780048512080938],[-96.403509033708175,33.746287508876208],[-96.379662855278184,33.715529412884067],[-96.363137028010371,33.694213503828855],[-96.307391108255942,33.735003435310531],[-96.277271149462777,33.769733392795089],[-96.229025172920956,33.748019375412625],[-96.173027198934463,33.800558361981011],[-96.151632208142786,33.831944356052027],[-96.063926229991409,33.841521351990814],[-95.935327310926539,33.875097337401677],[-95.887493360970865,33.863854331750368],[-95.844880939279236,33.860420230705969],[-95.820598430325816,33.858463322658508],[-95.789641781358796,33.872435702289863],[-95.737510522274235,33.895965313306128],[-95.669980601031199,33.905842322864125],[-95.603659675895514,33.927193330407256],[-95.556917728535751,33.927018336819273],[-95.525324771233599,33.885485347041254],[-95.447372893833972,33.868848372765889],[-95.352341056024954,33.867787407923529],[-95.310452917382278,33.873841457858326],[-95.283448163447019,33.877744426618854],[-95.2536261560805,33.929708398909604],[-95.22639612999599,33.961952370648774],[-95.155910800629215,33.938480743383117],[-95.149465189488652,33.936334352054509],[-95.095005275419467,33.904814313399399],[-95.046571405151894,33.862563243671815],[-94.981653431017975,33.85228217331575],[-94.93956343200206,33.810501077217928],[-94.902279404847889,33.776286974438342],[-94.841637264741237,33.73942887295761],[-94.766149045554144,33.748028740943759],[-94.73193583807938,33.720828418257533],[-94.714867887621395,33.707259022930614],[-94.630588681752386,33.673399470114639],[-94.572874993334679,33.669884288822104],[-94.528931091037009,33.621838493932522],[-94.485878049640846,33.637865514349876],[-94.419060448826997,33.577215577122523],[-94.388055607776437,33.565509563951984],[-94.354168777268228,33.556450539484587],[-94.338425765143214,33.567080507715126],[-94.303745899676741,33.564484472980581],[-94.238871944440618,33.576720385979023],[-94.213608911231148,33.570620348095936],[-94.183398664240542,33.592210283760714],[-94.143027637675871,33.577723225668912],[-94.072673441859223,33.572232110715802],[-94.043431421293107,33.551423068642855],[-94.042991370668418,33.43582210550926],[-94.04306999006829,33.330496139377424],[-94.04294862049683,33.271239207335626],[-94.042721815192976,33.160289020853753],[-94.042966999424166,33.019216796781627],[-94.043003113163607,32.881088481335674],[-94.043026814874779,32.797475155576997],[-94.043052665736127,32.693028772132259],[-94.043084453815467,32.564259426662836],[-94.042789768281807,32.392281577981464],[-94.042740514844979,32.363557422899973],[-94.042697083894097,32.196063708947953],[-94.042681835308869,32.137954905500848],[-94.041833095075603,31.992401307725196],[-94.02942852252238,31.979686222532006],[-93.977461202540979,31.926418011703305],[-93.909557354214783,31.893142664677299],[-93.8782522938575,31.844275109220071],[-93.85339043677655,31.805465484237207],[-93.803419385931747,31.700684584198381],[-93.816838118430752,31.622507960358607],[-93.834923980675242,31.586210153946652],[-93.787686867719131,31.527343318930225],[-93.725925073591412,31.504091032742657],[-93.749475834479981,31.468689448119306],[-93.697603285921261,31.428407894395853],[-93.668146440707488,31.375101760855394],[-93.67544027767822,31.301039141030355],[-93.613942451693262,31.259373841484738],[-93.602443499981106,31.182539674907101],[-93.60060359228099,31.182623617195876],[-93.552497942967392,31.184818345636906],[-93.535097683380684,31.185612199130716],[-93.540278652548224,31.128866133760955],[-93.531219638639627,31.051675933618206],[-93.539526617629946,31.008495911510835],[-93.549841844913743,30.967115938381315],[-93.530937169404694,30.924531784125147],[-93.554577324717641,30.877467401540351],[-93.558618518972722,30.869421919115066],[-93.569304951819177,30.802966934119485],[-93.617690153629752,30.738477087586915],[-93.629906164830373,30.679937643113771],[-93.685123129648517,30.625198543521883],[-93.684331187264732,30.592583259634743],[-93.729197258844607,30.544839191252645],[-93.710119345581901,30.506396725673017],[-93.702667636384035,30.429943465060497],[-93.738175814439728,30.402543686242161],[-93.745335854055739,30.397018662286985],[-93.760331195876063,30.329920471490354],[-93.707193272265926,30.275509157365896],[-93.711065575278084,30.243966788074012],[-93.713362448305915,30.225256943814642],[-93.703767513741667,30.173931526000818],[-93.702439633114338,30.112716068127988],[-93.703943753151563,30.054285643014889],[-93.706187326518233,30.052308970536341],[-93.741081853402775,30.021565568740861],[-93.807819148005109,29.954543382027509],[-93.830378206798017,29.894353209657663],[-93.852314116524681,29.872085143187292],[-93.872450265892169,29.851644066026235],[-93.929212263235627,29.802945856839383],[-93.8908251674425,29.761666732219702],[-93.863208208865686,29.724052679450573],[-93.837975282344217,29.690612652415751],[-93.861295309387444,29.679000608224616],[-93.961871308059642,29.682206505564231],[-94.056510712165633,29.671156941170853],[-94.16155450003906,29.636582359648354],[-94.354128209824751,29.562097488515118],[-94.370821628893552,29.555640664442095],[-94.500812517558728,29.505361778634789],[-94.594858423447008,29.467898027283919],[-94.670394350646433,29.430775265463755],[-94.73105229950032,29.369136537765282],[-94.72253530054337,29.331441601468836],[-94.803700332437344,29.279232837385262],[-95.026224462177794,29.148060500043837],[-95.115056001796034,29.07554893462364],[-95.125139500298246,29.067317961427637],[-95.1913965366588,29.023087253900162],[-95.29715258465356,28.934070538603628],[-95.382395591551258,28.866345627184828],[-95.439599602215438,28.859019626341404],[-95.507042990914456,28.824733184694264],[-95.588806464351393,28.783166666853976],[-95.684094359988052,28.734038616781262],[-95.812509345459674,28.664939633188233],[-96.00068740024183,28.588235760549665],[-96.194417374486065,28.502221968940638],[-96.328822082823166,28.423657044340992],[-96.3785381203719,28.389863070489625],[-96.390380939512667,28.381813035492609],[-96.442853945497987,28.317663957960896],[-96.632015150371586,28.222818672339066],[-96.719632325211592,28.164591642588682],[-96.792163475130167,28.110494736330914],[-96.852076199517569,28.059818765718347],[-96.886464620044123,28.03073202060488],[-97.003330677526506,27.90830523254462],[-97.043689896884999,27.83653051193939],[-97.044851817579541,27.83446415655192],[-97.090740966498672,27.785886107468205],[-97.140860178766317,27.716685952114162],[-97.212685479968073,27.596417498434135],[-97.222997928543847,27.576604741491465],[-97.257331644444875,27.510641170096054],[-97.296063599008221,27.427171507350462],[-97.336128461994349,27.317813596653156],[-97.34685727927527,27.277954102887588],[-97.358475417730659,27.234791022136367],[-97.378704076905137,27.060038909377276],[-97.366880032894727,26.885576146981428],[-97.322759213394789,26.70174137606303],[-97.287550912639077,26.60033523155743],[-97.253811347599097,26.503159299549651],[-97.227299434451922,26.411173082273528],[-97.196946655576397,26.305860517534423],[-97.158811032769663,26.082655753340028],[-97.151935419677585,26.017648825408589],[-97.14558063627743,25.971127859128593],[-97.156621706096885,25.949017910137641],[-97.206958607383044,25.960895038104155],[-97.277176550693085,25.935434300435908],[-97.338359361515259,25.923121595920637],[-97.365989329829006,25.902443761968929],[-97.360095473009267,25.868870794559086],[-97.372877526344908,25.840113915130729],[-97.422649331186363,25.840375180987888],[-97.454740069383561,25.879334249201438],[-97.496873903915713,25.880055457856944],[-97.542969512899916,25.920032490589211],[-97.582577242181017,25.937854563929452],[-97.644022744990878,26.006611553566813],[-97.697080431876486,26.023452683123828],[-97.758849129045316,26.032128864983832],[-97.795301958829995,26.055215949468021],[-97.862269057733343,26.05774415426519],[-97.871197734467913,26.058081237901995],[-97.944355523206184,26.059619517994822],[-98.010981305613015,26.063861710287444],[-98.039249163783282,26.041273767111402],[-98.080125685384175,26.055394581418565],[-98.091047894757338,26.059167664973184],[-98.149472586650177,26.0558116264049],[-98.197055338941169,26.056151586645818],[-98.248815130575352,26.073099526088548],[-98.302988136546546,26.110048478253383],[-98.386703279198301,26.157870457420415],[-98.442545564464098,26.199149474228751],[-98.503501669084471,26.214796488846726],[-98.576196948880025,26.23521909897908],[-98.593172979996595,26.242873017176681],[-98.61347361690197,26.252025899283574],[-98.654228965897502,26.235957668195919],[-98.698863704465296,26.265616532455553],[-98.779920026186858,26.326539889074926],[-98.807356705144244,26.369419322916738],[-98.890973382661983,26.357567290357483],[-98.958333997679972,26.394054680868411],[-99.032325133350909,26.412080873212012],[-99.082010548090565,26.396508752610078],[-99.110863920190539,26.426276973044551],[-99.091644971208808,26.476976357732724],[-99.105041290924007,26.500334512847633],[-99.171413906205089,26.549847448267563],[-99.176826018424094,26.56966000972907],[-99.200532086981099,26.65644251197369],[-99.208917310020638,26.724760577819421],[-99.242454457716633,26.788261832422581],[-99.268623490464691,26.843213185773362],[-99.328910300870149,26.879761621539604],[-99.361154256964511,26.928921986745003],[-99.387377247025654,26.982400342383897],[-99.446979869643584,27.02602766665192],[-99.442132417181668,27.106840602557586],[-99.429993147716203,27.159150517660866],[-99.445246728293597,27.223342556062068],[-99.460834286632164,27.262241784239354],[-99.463317456571858,27.268438583111898],[-99.48794530230856,27.294942629427986],[-99.52966216456322,27.306052681135707],[-99.487528842330519,27.412397306049698],[-99.495111686248279,27.451519228176576],[-99.497526498671732,27.500497102090087],[-99.528327467789694,27.498897144197436],[-99.530145306893417,27.580208119033955],[-99.556819229797227,27.614337130051258],[-99.624522176387799,27.634516173523913],[-99.704608141704938,27.65495521921881],[-99.758541101103475,27.717072201614918],[-99.801658008260944,27.741772177826014],[-99.844743918365509,27.778810196951831],[-99.877846853080683,27.824377236445386],[-99.904391805297522,27.875285273716994],[-99.917467784515196,27.917974304052329],[-99.93216776390048,27.967711334895611],[-99.984929685863491,27.990730303428116],[-100.028731508066159,28.073119173814845],[-100.075480404141516,28.124883123573142],[-100.1744192520311,28.179449060626993],[-100.19751628512914,28.197001784763977],[-100.26761015624777,28.2502700511955],[-100.287560143160306,28.301094059269353],[-100.32039912942416,28.362118074092127],[-100.337065181574246,28.427152098162704],[-100.368294209956275,28.477197123092886],[-100.388866218491799,28.515749146852407],[-100.397276189482341,28.575638183977198],[-100.448654140828907,28.616775238226452],[-100.500360107304587,28.661961309712783],[-100.506707100604643,28.716746366661528],[-100.533023052287547,28.763281433210295],[-100.535836007862642,28.80588944574783],[-100.576851933296297,28.836169527959473],[-100.627211832855835,28.903735677072415],[-100.646998783591769,28.957080774041319],[-100.660213742159542,29.031498899636603],[-100.671220914115708,29.083518031658549],[-100.674661720288142,29.099779039506529],[-100.727467705091925,29.12912523350073],[-100.772654719253865,29.168494424916403],[-100.795686767715068,29.22773259172369],[-100.801873325453997,29.232834189340085],[-100.848669797100015,29.271423822486355],[-100.886847730261707,29.307850973251025],[-100.99561265478934,29.363406393425226],[-101.060156166425188,29.45866477318382],[-101.137507942293425,29.473546230878263],[-101.192724532739334,29.520289724911272],[-101.254899335605643,29.520347149710155],[-101.305536360473027,29.577930963414612],[-101.307334931217554,29.640722254720909],[-101.367200145477739,29.664048085419903],[-101.400637369269916,29.738086860850135],[-101.453499739865663,29.759679503921674],[-101.503223197305815,29.764591056664603],[-101.561568008313202,29.794667113429462],[-101.654575456979487,29.765173042032064],[-101.714220368308631,29.767670405288502],[-101.761614670715289,29.778870588116604],[-101.809435539959026,29.790171278956358],[-101.87539332193677,29.794033121259567],[-101.966158681711832,29.807352862631056],[-102.021909912034303,29.802500666404573],[-102.073636510840615,29.78693532731651],[-102.115672241069078,29.792398956063657],[-102.161664036774937,29.819495507287215],[-102.22754271339663,29.843541983747837],[-102.301371071330195,29.877681408546614],[-102.31867410769577,29.872200212737859],[-102.349851294556586,29.862323997200424],[-102.36951215384363,29.820401724544627],[-102.392895927160794,29.765575327475503],[-102.468936426585728,29.779822584162606],[-102.512677755177222,29.780308195090456],[-102.551072037020106,29.752362805665022],[-102.612870814689302,29.748186437165284],[-102.677184603758874,29.738265045347614],[-102.693458520098957,29.676510776522466],[-102.738420883588844,29.621932291723848],[-102.777524154520492,29.556499848827322],[-102.808685494080351,29.522321565430229],[-102.830963798019368,29.444269080792914],[-102.824557710728044,29.399559898568612],[-102.871851589195288,29.352094337734911],[-102.891017039610276,29.287113832501269],[-102.87134174043662,29.241625743573266],[-102.917800836383861,29.190697144519017],[-102.995685390111447,29.161218405834386],[-103.035680986433803,29.103028178144463],[-103.076353480305755,29.085721130732932],[-103.100366949410116,29.026875816464063],[-103.126747387849065,28.982122615076172],[-103.227801584875479,28.99153056663129],[-103.281191110408471,28.982136709539411],[-103.361999700055804,29.018913363952009],[-103.463198459366723,29.066822328058542],[-103.524615832375787,29.120999075134442],[-103.592363131718912,29.150261563360175],[-103.660206460133736,29.170935952611202],[-103.724746787122541,29.191472296757574],[-103.78903778388036,29.25750474302875],[-103.7938767752469,29.259241142979583],[-103.856896515938018,29.281854825977081],[-103.975238204380872,29.296019997608724],[-104.055598862059313,29.330912929273197],[-104.143694433417465,29.383280806561217],[-104.181275181493362,29.426267732823558],[-104.229082873562774,29.48105266576173],[-104.308814564361739,29.524339477669375],[-104.371176404250278,29.543065377496042],[-104.452302124794869,29.603662270511823],[-104.539761971562271,29.676076283245905],[-104.565688798967813,29.770464182512566],[-104.619039661059745,29.844446986762311],[-104.672327512512496,29.911113942295788],[-104.685479257095949,29.989944842481247],[-104.703998210268495,30.024211866818902],[-104.692094129273244,30.107305712842972],[-104.702788011779532,30.211737571306831],[-104.74044787443178,30.25945542508461],[-104.761633882843228,30.301149209526621],[-104.824313999144366,30.370466771528815],[-104.859521050515042,30.390413599550012],[-104.869872017616572,30.458645244493308],[-104.889376014570985,30.535143870028904],[-104.92479603338333,30.604831541139337],[-104.972071031193991,30.610259401386617],[-104.980753912142603,30.628811337333143],[-105.001239989100554,30.672582126082034],[-105.062334140078192,30.686301974823831],[-105.098282204292545,30.718912796639906],[-105.16015329327206,30.757057560586208],[-105.218660347182166,30.801565397863577],[-105.314863615388944,30.816959182583332],[-105.394242754940521,30.852976944117099],[-105.399609742358763,30.888938850227252],[-105.488027918437936,30.94327546979142],[-105.557431066639992,30.990226269913439],[-105.579543282359182,31.035393221481243],[-105.627350659881586,31.098542119490173],[-105.709492946433798,31.136371887862516],[-105.773259017546792,31.166893859823304],[-105.794388029550475,31.20223691902838],[-105.869354785320681,31.288631360175668],[-105.938453529863722,31.318732780821527],[-105.953943480394486,31.364748693963779],[-105.99642987862515,31.387839826270632],[-106.004926494711214,31.392457701129434],[-106.080258520319973,31.398701639747777],[-106.175675404552877,31.456278687070363],[-106.2368043059016,31.513375715554115],[-106.280811268882175,31.562061667863865],[-106.303536194705387,31.620412648822665],[-106.339928510481784,31.669751574326586],[-106.370139067302702,31.710709584480565],[-106.41794000397411,31.752008531603117],[-106.467642018312034,31.759607461806905],[-106.48464200454589,31.747808461268303],[-106.528242045114823,31.783147354018809],[-106.581344058182594,31.813905251714836],[-106.635880083720082,31.871513119546147],[-106.623445148335676,31.914033064529466]]]}},
{"type":"Feature","properties":{"STUSPS":"CA","NAME":"California"},"geometry":{"type":"MultiPolygon","coordinates":[[[[-118.593970169583642,33.467197985604145],[-118.484786570139462,33.487483152853535],[-118.370323774207918,33.409284826765855],[-118.286261283167022,33.351462693441874],[-118.325244047536515,33.299074500410256],[-118.374768236089565,33.320064509694582],[-118.465368402625714,33.326055434941253],[-118.482609736164775,33.36991361641914],[-118.563443039476866,33.434380885690494],[-118.593970169583642,33.467197985604145]]],[[[-118.594031063213691,33.035951276661912],[-118.540066791820976,32.980933584597167],[-118.446768978375118,32.895425359575803],[-118.353502384432034,32.821964053684596],[-118.425632034288355,32.800597162713551],[-118.487905763256862,32.844591739772561],[-118.581510705385824,32.93167296473078],[-118.641575893327982,33.01712938869219],[-118.594031063213691,33.035951276661912]]],[[[-119.578940715369214,33.278626624201699],[-119.510487637761273,33.307267786500361],[-119.427169385277949,33.266022077242063],[-119.429557244596396,33.228166134994098],[-119.464723215111064,33.215431066942166],[-119.545870417727059,33.233404803125218],[-119.578940715369214,33.278626624201699]]],[[[-119.91621956654096,34.058346195309639],[-119.857307758026423,34.071294090951156],[-119.739476006513982,34.049296557496518],[-119.566702239039216,34.053450318640479],[-119.470738094099659,34.05399538193214],[-119.442655319107786,34.05415490168869],[-119.364214964176298,34.050793297905379],[-119.363065624044339,34.000547301357422],[-119.391587735767345,33.994635156833475],[-119.487720722588506,33.996513843467334],[-119.554473860959106,33.997818382979759],[-119.662828058242525,33.98588687814798],[-119.72120954181355,33.959580575305829],[-119.795941734716209,33.962925732621599],[-119.873361583326329,33.980370474240011],[-119.876919686348842,34.023522508866215],[-119.91621956654096,34.058346195309639]]],[[[-120.368280594459705,34.076464233164501],[-120.242483003206303,34.057170243745546],[-120.135856111808238,34.026083204399328],[-120.055110205635756,34.037723777433797],[-119.984319207515995,33.983941651257823],[-119.973694076293313,33.942475117384497],[-120.049684862977898,33.914557807036985],[-120.121819747634262,33.895708106340308],[-120.179051817967263,33.927991013623689],[-120.200087898854179,33.956901380777403],[-120.364842565614055,33.991780349859177],[-120.454136279158845,34.028081023747312],[-120.368280594459705,34.076464233164501]]],[[[-124.38701889911593,40.504966719731456],[-124.301347213177522,40.659653669003433],[-124.176705859159554,40.843625466517729],[-124.118138377439152,40.989268410444886],[-124.125439615557724,41.048508813629034],[-124.154504652983718,41.087163605989346],[-124.163979984546927,41.138679104680499],[-124.122669601558627,41.189729198037625],[-124.092277744948177,41.287697319373962],[-124.063072311529865,41.439581411800077],[-124.067470372486241,41.464738668302985],[-124.08198503228968,41.547763985896211],[-124.116036291506674,41.628852607257059],[-124.14347955803764,41.709288064600358],[-124.154246862771245,41.728805133386444],[-124.191040945685799,41.736082990837055],[-124.245027532677909,41.792303546300026],[-124.219591866695978,41.846435393931152],[-124.203400710131007,41.940966962096695],[-124.211602910596937,41.998462626710563],[-124.001187512755649,41.996149336986704],[-123.822035559802671,41.995623321120938],[-123.656996032795334,41.995138835858747],[-123.519111901580487,41.999173850006052],[-123.434768947899087,42.001642206326224],[-123.347560606021375,41.999109120616524],[-123.230999405630897,42.004971291076998],[-123.145956836087507,42.009249074712891],[-123.04525148831074,42.003052089378713],[-122.800077080583776,42.004074617021004],[-122.501131479345773,42.008463385746055],[-122.289746623255255,42.007766310465023],[-122.289524528208275,42.007765578060251],[-122.101920434552952,42.00576649803525],[-121.846710731527452,42.003069823766552],[-121.675347094856747,42.000350957420693],[-121.447540203398319,41.997190357668266],[-121.439610199427463,41.997080296487063],[-121.251099051364037,41.997569640798652],[-121.035195046907518,41.993321927113612],[-120.879925970117441,41.993481776308933],[-120.692219484037622,41.993675422354116],[-120.501069468038438,41.993784177202755],[-120.181563261354526,41.994587502116971],[-119.999168276983937,41.994539714843526],[-119.999276245017541,41.874890588782677],[-119.998280378983907,41.618763837002177],[-119.999863442723353,41.183972079186937],[-119.99922698867195,40.865897567104767],[-119.99752941291672,40.720990770938691],[-119.996155618486497,40.321248999756293],[-119.997126296990018,40.126361624425805],[-119.997636568294183,39.956503250650229],[-119.999936124084826,39.722406175613052],[-120.001740731023887,39.538852592197649],[-120.003030815594656,39.44504769404228],[-120.004801068843051,39.316478803161822],[-120.005148270252818,39.291262156486056],[-120.003371991009246,39.16563182724564],[-120.002623135296659,39.112694622344172],[-120.001983825363226,39.067501279069965],[-120.001022988610828,38.999579641314909],[-119.904324688266684,38.933330602911468],[-119.58768340482743,38.714744561380229],[-119.585410509399992,38.713161456991934],[-119.33036854849199,38.535517351863461],[-119.279264774422643,38.499921325545216],[-119.15581811424056,38.41340862502966],[-118.949674712342969,38.268943303195222],[-118.500961607839997,37.94902324121805],[-118.427998243948778,37.89622694975322],[-118.022183020409457,37.602582665933603],[-117.833505076427144,37.464938695221441],[-117.680610256937655,37.353399059551421],[-117.244915379310967,37.030248158146009],[-117.165998859796872,36.971211910212659],[-117.000893950477334,36.84769752193327],[-116.488231845342156,36.459099056175823],[-116.375874329845232,36.372564333987313],[-116.093600983868072,36.155806479450654],[-115.892975220869374,35.999966752722429],[-115.846114191459975,35.963552449469312],[-115.648033801878995,35.809629811553791],[-115.647684787710403,35.809358601910262],[-115.404539318602758,35.617605215127156],[-115.303744725909624,35.538206335376877],[-115.160068901125285,35.424127752657071],[-115.043813541943038,35.332010317313298],[-114.948156815743488,35.255215336838624],[-114.80424998242033,35.139686673817266],[-114.633486433848816,35.001854637289853],[-114.629767893349282,34.943037639400174],[-114.634380214011472,34.872887603918926],[-114.576450075372477,34.81529790196165],[-114.49096917632626,34.724846444934272],[-114.465244065820215,34.691200680972848],[-114.422379696363294,34.580710249897869],[-114.378220325630181,34.516520617739779],[-114.378849523196592,34.450375729799561],[-114.33536934712852,34.450037837852449],[-114.264314413686023,34.4013290100958],[-114.172842710894543,34.344978911335339],[-114.140927882283222,34.305918877242476],[-114.140815048209063,34.303127391901221],[-114.139053123901974,34.259537890573895],[-114.178048288732484,34.239968940742564],[-114.229713418897532,34.186928004754115],[-114.292804470464773,34.166725036104012],[-114.348050443309674,34.134458097964604],[-114.405939420515807,34.111540181226587],[-114.428024405297606,34.092787237816061],[-114.430089534740688,34.07893167207326],[-114.435502372348608,34.042615341682733],[-114.454805348775366,34.010968439455098],[-114.509566366251164,33.95726443744126],[-114.53498536774498,33.92849929885891],[-114.508706428049081,33.900640343503731],[-114.505636470044578,33.864276288452061],[-114.520463495953891,33.827778196751815],[-114.504861581007049,33.760465105074481],[-114.496563625739512,33.719155183174578],[-114.504991657379506,33.693022249231184],[-114.525199692705101,33.66158330733132],[-114.52918476478888,33.606650442174733],[-114.524597833024856,33.552231595197057],[-114.597281935518666,33.490653440907906],[-114.629145231739614,33.43354505289043],[-114.635181673190402,33.422725968656671],[-114.673899708394472,33.418298728474134],[-114.725280726924325,33.405047342685961],[-114.707346581310929,33.37662725851748],[-114.707960359409029,33.323419894675901],[-114.723257241339724,33.288077517247885],[-114.674489005224132,33.255595767637224],[-114.678095096222762,33.230298599960527],[-114.679357486810432,33.159517234768309],[-114.706173886936725,33.105332742357383],[-114.670802112453174,33.037981692900487],[-114.62829194782573,33.031049971672914],[-114.57515967231916,33.036540398511725],[-114.517490513329335,33.024714720664363],[-114.511341418698962,33.023453782262962],[-114.481313379506332,32.972062685915368],[-114.476638256510512,32.923626540944412],[-114.463125210836836,32.901882540397217],[-114.468969059554993,32.845153315287646],[-114.531743885232487,32.782500714910711],[-114.540258202672319,32.774826821096241],[-114.570672781219272,32.747414381776544],[-114.61572265941669,32.74127628619236],[-114.667490768522299,32.734222818888547],[-114.705714766458883,32.741577618110377],[-114.719630727164997,32.718759493048154],[-115.000799869898273,32.69967216126927],[-115.465162168555068,32.667098628199838],[-116.046619720323648,32.623352120479062],[-116.106175698153123,32.618577603044407],[-116.540643780224869,32.583747075853537],[-116.627050829458213,32.576261230644384],[-116.853157457359671,32.557786265344923],[-116.857154843483414,32.557459642059889],[-117.1248626924002,32.534157171348916],[-117.132039473813961,32.585602360716088],[-117.136664403553851,32.618755174458457],[-117.168866171933672,32.67195323184216],[-117.196767061114187,32.68885228948492],[-117.246069044075099,32.66935340664179],[-117.25516891511495,32.700052409749979],[-117.2549696405692,32.786949308167813],[-117.280970570554416,32.822248231119453],[-117.282169535535772,32.839548189802031],[-117.27386950748911,32.851448161860446],[-117.262904507084073,32.849350167398356],[-117.256169482047,32.859448144997828],[-117.254469391774535,32.900147053767405],[-117.263703799101123,32.939541695723847],[-117.28076924361288,33.0123437883652],[-117.315277527247503,33.093504618805092],[-117.36257178759881,33.168437405363107],[-117.445583056628138,33.268517116200464],[-117.547692913921168,33.365491442346766],[-117.595879706302171,33.386629540425261],[-117.596188390565914,33.386965536000027],[-117.645581452311561,33.440728719707202],[-117.715348109331444,33.460556760107394],[-117.726485026827675,33.483427809551607],[-117.73907914985692,33.493307223950978],[-117.814187333159992,33.552224523020769],[-117.840288493092118,33.573523406324519],[-117.927090847521853,33.605521150309244],[-118.000593134828151,33.654318913432789],[-118.088896732082588,33.729816849095293],[-118.115077627035262,33.743803180506532],[-118.132699002525527,33.753216846058393],[-118.183701264688281,33.736117936728796],[-118.231927658996739,33.715295462737572],[-118.258688550890668,33.703741018765008],[-118.317206647427625,33.712818049296075],[-118.333296709160791,33.721184439486187],[-118.354706731382748,33.732317064692147],[-118.396607782507672,33.73591708736857],[-118.428408870523853,33.774715012854791],[-118.39430876964785,33.80431478139468],[-118.41270988591863,33.883912493246974],[-118.460613602043708,33.969110742593607],[-118.517280366576529,34.025291703856617],[-118.519517064772259,34.027509243703349],[-118.603574691674936,34.039047882777894],[-118.679368452032151,34.033254510605531],[-118.744954220688342,34.032102199102681],[-118.805116077296859,34.001238130925813],[-118.854654815333078,34.034214338951557],[-118.944480995264371,34.046738458989076],[-118.95472344812606,34.048166523284102],[-119.069960156475901,34.090469737601751],[-119.109785082619297,34.094565776909583],[-119.227744273475437,34.161727908971869],[-119.257044659154261,34.213303896432087],[-119.264588236033475,34.236104461706582],[-119.270145968181069,34.25290282701792],[-119.313036140560058,34.275688521875729],[-119.375782386165213,34.32111706186177],[-119.461038675968666,34.374062499323301],[-119.477949433701028,34.378835963328484],[-119.536960014957643,34.395493202426195],[-119.616865525438129,34.420993072209711],[-119.684669921453533,34.408294977481141],[-119.709071041452631,34.395394924765668],[-119.785875259446854,34.415994982287692],[-119.835775147843293,34.415794093495151],[-119.873975049166432,34.408793131300392],[-119.97195488550966,34.444639704471726],[-120.050685686110853,34.461649913800699],[-120.141168420670994,34.47340383422263],[-120.295053973911294,34.470621626192937],[-120.451427571315207,34.447092778208976],[-120.511423659927857,34.522951736799293],[-120.550094804376499,34.542792909803993],[-120.581295892566601,34.556958040050532],[-120.62257788608413,34.554016174849963],[-120.645742006280287,34.581034286696166],[-120.601973569589831,34.692094311109692],[-120.61485572716029,34.730708399263854],[-120.626323729850711,34.738071436438581],[-120.61026994329282,34.858179291825685],[-120.670838814482167,34.904114351817178],[-120.650309160580946,34.975165526739033],[-120.633573838752,35.03308436321381],[-120.629586599055912,35.078361629550145],[-120.635790329885936,35.123804903738915],[-120.675077058271754,35.153061076497529],[-120.714187822549817,35.175998192655143],[-120.756088775244777,35.160459137010314],[-120.846676070522136,35.204429689195678],[-120.896791625208621,35.24787800356188],[-120.879571809038453,35.294185059706976],[-120.862135058271249,35.360764213153445],[-120.884759126802507,35.430197379337464],[-120.955864856101087,35.453744288278607],[-120.984228735193156,35.457904832089241],[-121.003360656793461,35.460711225410449],[-121.114241367003089,35.571722203663313],[-121.166713191746254,35.635401537311139],[-121.272322692927304,35.666714345778125],[-121.314632346824681,35.713313787378063],[-121.332449045785225,35.783109659067378],[-121.347053823555839,35.795189985817302],[-121.406822151552831,35.844627407857381],[-121.462262525983235,35.885623184659266],[-121.486198000400094,35.970353346432866],[-121.531873857518377,36.01437370642676],[-121.574599850859997,36.025162033414489],[-121.622007698314405,36.099700287815267],[-121.680144401597005,36.165822711612051],[-121.779850847832165,36.227411561645397],[-121.826424771587156,36.241864820237026],[-121.888490818960634,36.302814646838144],[-121.903195280071003,36.393606506868451],[-121.941600651712946,36.485604482522028],[-121.970428171624448,36.582755964493451],[-121.923867736894778,36.634560555503988],[-121.860605692205766,36.611137360665708],[-121.814464100326802,36.682859051713095],[-121.796828527019798,36.777544067459694],[-121.791546767238856,36.815187266903521],[-121.812735492332294,36.850050901254988],[-121.862269788668428,36.931553795993175],[-121.906472207623423,36.968951853069136],[-121.951674384422319,36.971451758251582],[-122.027178102103264,36.951151687221355],[-122.105979270387621,36.955952895923794],[-122.206182343329218,37.013951026059495],[-122.260483065694743,37.072549977733459],[-122.284884177228491,37.101749004091872],[-122.294312384156996,37.10514342754405],[-122.322973240146453,37.115462155210331],[-122.344031364332494,37.144101185255813],[-122.39706757947711,37.187251365135111],[-122.418454873314204,37.248523351263344],[-122.401325331405857,37.337011125195978],[-122.409260118410643,37.374807132228085],[-122.443688844834242,37.435943334242921],[-122.445988705481099,37.461543330880488],[-122.493790686222269,37.492343724971455],[-122.516690611111201,37.521342607685376],[-122.518089547282003,37.576140192235066],[-122.496787532959573,37.612137893058005],[-122.496786034535248,37.665622300573794],[-122.496785451463651,37.686434325804143],[-122.500679453162633,37.708133728238103],[-122.511984254377865,37.771130973861446],[-122.465397046646657,37.800880153094461],[-122.398139909209021,37.805631240657974],[-122.385323953739757,37.790725208850397],[-122.376463120791016,37.738559134032357],[-122.356785080357938,37.729506180542799],[-122.361750099042666,37.715011197706552],[-122.389828046543045,37.708332198218983],[-122.393191178560613,37.707532199398266],[-122.360220155417224,37.592502390489223],[-122.244372852405945,37.558140743691929],[-122.168450164401463,37.50414351596978],[-122.129201000184764,37.521322532613262],[-122.1119993512158,37.528851539167015],[-122.144397160088275,37.581866705855369],[-122.152906062712702,37.640771874843239],[-122.162803518116021,37.667273944739556],[-122.163050009409972,37.667933965671459],[-122.213774892848207,37.698696148263863],[-122.249810833580042,37.726407309842863],[-122.252452822775709,37.755130383234182],[-122.312974872035454,37.777245285124977],[-122.333711784952868,37.809798310300842],[-122.303931662695788,37.830088359021957],[-122.328714738905319,37.893833802464947],[-122.334530397436211,37.908792489281602],[-122.378709442318453,37.905192539551543],[-122.425258231368815,37.955673794565818],[-122.367582124193717,37.978169712235086],[-122.368891034710302,38.007949772873076],[-122.321706043948723,38.010311611467372],[-122.262861046052421,38.051474414090912],[-122.269320100122187,38.0603759343728],[-122.301804051776571,38.105143550097353],[-122.393588113635474,38.143450858757475],[-122.397581345946463,38.142005469310874],[-122.488499773583854,38.109096651266547],[-122.491283134320014,38.108089186355457],[-122.499465041119421,38.032167218433678],[-122.452995030646889,37.996169043825574],[-122.488665183893929,37.966716006962208],[-122.486375426750342,37.921882765568746],[-122.448413550293239,37.893411577463617],[-122.418470719410124,37.852722395874679],[-122.483483938382548,37.826729267657477],[-122.537285945988444,37.830329311544268],[-122.601290819333926,37.875127532916778],[-122.678474884327073,37.906605609229047],[-122.702640938354648,37.893821572471595],[-122.754607062867706,37.935528609578732],[-122.797406218683506,37.976658742143478],[-122.856574438244792,38.016718889311974],[-122.939712656933438,38.031910039197555],[-122.974391805942645,37.992431148257239],[-123.011534877726959,38.00344015062764],[-122.960890478009887,38.112963941844122],[-122.953630283066602,38.175671828879345],[-122.987150117578551,38.237539735167779],[-122.986319960445471,38.273165616697078],[-123.003147286852837,38.295706746294641],[-123.00412279631189,38.29701349839312],[-123.05350446198932,38.299386301813541],[-123.068437154223346,38.33521113510627],[-123.085571707853006,38.390525926421354],[-123.16642658826828,38.474947624604681],[-123.24979494606535,38.511045546394037],[-123.331899038363943,38.565540901506019],[-123.349612772158991,38.596803480129957],[-123.441777661420858,38.699740236257007],[-123.514789303112593,38.741960494943882],[-123.540927909707079,38.767650284650031],[-123.57199350482864,38.798182667240653],[-123.638644435129095,38.843857684636056],[-123.659853749120856,38.87252145778384],[-123.710548221873324,38.913221745920325],[-123.732900424490083,38.954985576622867],[-123.69074791718883,39.021286502042507],[-123.721510221461543,39.125324356189488],[-123.765894277098553,39.19365704391668],[-123.798993180358238,39.271357498383175],[-123.825333732173135,39.360817261198555],[-123.814692898138318,39.446542096573936],[-123.766477528474496,39.552807027880668],[-123.782324616071577,39.621489635480181],[-123.79266171337656,39.68412533453008],[-123.829548396355847,39.723074696355198],[-123.851720038848498,39.832044547042983],[-123.907671691535441,39.863032884136011],[-123.954961650164861,39.922379297624794],[-124.025216456179564,40.001307840736715],[-124.035914678487885,40.013327619753724],[-124.068917998926381,40.021316060569063],[-124.087093744579533,40.078451232945845],[-124.139958113669536,40.116359978249747],[-124.187879450434366,40.130552700582477],[-124.258408763854419,40.184288759006492],[-124.343071889526499,40.243991546969688],[-124.363415422095756,40.260986728549426],[-124.353123874501335,40.331437605308672],[-124.365355858965785,40.374867681571715],[-124.409588334321654,40.438088977402309],[-124.38701889911593,40.504966719731456]]]]}},
{"type":"Feature","properties":{"STUSPS":"KY","NAME":"Kentucky"},"geometry":{"type":"Polygon","coordinates":[[[-89.544434118158833,36.574509825893735],[-89.479346100717976,36.566252798935373],[-89.407905990048675,36.562344650310649],[-89.378693904143248,36.622291666360951],[-89.327319607273097,36.623945858197217],[-89.324657826450164,36.62403156441141],[-89.278934778087503,36.577698411299806],[-89.227318747319117,36.569374222463061],[-89.199135741369304,36.625648193609678],[-89.175649512729251,36.651318412516495],[-89.165487739197914,36.662425135989928],[-89.202509623929529,36.716616590537932],[-89.156988522488362,36.75596659223087],[-89.155983427233892,36.786291236566569],[-89.155889517793511,36.789124571425042],[-89.147672522988245,36.847146522069835],[-89.120470582445449,36.891894443799231],[-89.10313409253844,36.944759287795584],[-89.098841662606489,36.957848374293505],[-89.132913561090817,36.982055424971776],[-89.128897635539943,37.017906435435222],[-89.166618944658325,37.07210890322748],[-89.168085737957554,37.074216563646992],[-89.09904606619979,37.140965594109417],[-89.058035195669845,37.188765660094987],[-89.000967226170658,37.224399725672797],[-88.933509241642582,37.227510261402827],[-88.931744180446628,37.227591649634078],[-88.927892727005585,37.226352608243694],[-88.835050138112464,37.196484425736166],[-88.753067176431372,37.154699147671423],[-88.693982075745851,37.141153171394429],[-88.611438879793653,37.112743259841245],[-88.561056841264971,37.08400644036665],[-88.531574589036296,37.067190443573622],[-88.490479499558887,37.06795461650993],[-88.483801780095135,37.068078761853961],[-88.476125512192709,37.068221471208659],[-88.444603613776763,37.098599367028804],[-88.424774745356729,37.149899294461513],[-88.471751849948717,37.220153326891499],[-88.514659941000531,37.290946345472641],[-88.486945991867572,37.339594318478355],[-88.46586004949873,37.400545294758786],[-88.418593050984029,37.421985241583215],[-88.416132618521928,37.421284753314197],[-88.358475518925232,37.40486970107019],[-88.358435028733453,37.404858173457747],[-88.281665986016307,37.452594088148118],[-88.157060002254056,37.466934947752044],[-88.062293052244939,37.487834843941783],[-88.066247486441171,37.504128391131346],[-88.072241090398379,37.528823898732782],[-88.13162112680601,37.572965999903943],[-88.132430186666554,37.575280632715859],[-88.160061249829567,37.654330088435515],[-88.132340327620682,37.697140130813587],[-88.059587408806394,37.742606214006102],[-88.02802947522656,37.799222093586614],[-87.970261433207753,37.781854169779216],[-87.935860410906187,37.789701141608518],[-87.903803414100807,37.817760083122792],[-87.938127503712167,37.870648970729839],[-87.925392907248934,37.899589396881488],[-87.921743531875052,37.907882906461758],[-87.872539506286842,37.920996930959063],[-87.80801239836444,37.875189035520997],[-87.723634393866291,37.892056040055643],[-87.713156724026234,37.883040433450937],[-87.68163235520997,37.855915018458013],[-87.625850368167477,37.851916975493559],[-87.608478519165601,37.898791931134369],[-87.551276677957333,37.925415856941299],[-87.486346706659319,37.920215795253881],[-87.448700000746641,37.933852272050764],[-87.41858470670158,37.944760702447624],[-87.331764489777683,37.90825062370137],[-87.304056885049917,37.893430143746571],[-87.270386785740911,37.875420381979154],[-87.255249358766903,37.867323536355222],[-87.180062225246317,37.841372558490143],[-87.137501126395819,37.807261561633219],[-87.105613017436426,37.767628637147986],[-87.057835033237851,37.827454596957125],[-87.043048061935494,37.875046639325056],[-87.010314060415496,37.919665697651283],[-86.977740457220037,37.925696940257701],[-86.927745999025504,37.934953788179364],[-86.875872995864071,37.97076787186105],[-86.813578546001395,37.996065088253282],[-86.810911974440216,37.997147959035907],[-86.779991899183841,37.956519949170584],[-86.722245760614257,37.892645922179454],[-86.658372660595305,37.869373913476139],[-86.646708031772519,37.864909310731171],[-86.615213595000739,37.85285490615847],[-86.599846633300771,37.906751964627944],[-86.509366523030309,37.902884981717499],[-86.525172600189663,37.968226046760456],[-86.521823667947587,38.038325116343628],[-86.488051105809646,38.043663447219423],[-86.471901630794179,38.046216151902073],[-86.434044633049936,38.086761210272918],[-86.433568712254299,38.087146063229355],[-86.38721459953311,38.124630262090236],[-86.321272512194398,38.14741630335083],[-86.278654476338545,38.098507303429031],[-86.206437407931617,38.021874318793166],[-86.095764176756518,38.008928361626495],[-86.03338404913471,37.970380330379555],[-85.997349631925161,37.991223984791446],[-85.976025939121911,38.003558418021804],[-85.951724339633657,38.014940077749785],[-85.922392859733407,38.028677485737653],[-85.905161825972726,38.11106857936101],[-85.895910687301452,38.179917474301988],[-85.89476180954162,38.188467664467879],[-85.839661791989514,38.239768776227137],[-85.81616188352811,38.282967849423279],[-85.794499369891312,38.27795142717406],[-85.750959826960866,38.26786890688031],[-85.683559180274813,38.295467891364851],[-85.646199357420699,38.342914931506655],[-85.634442545586381,38.378398423370754],[-85.621623426625035,38.417088027057829],[-85.587756448411994,38.450494069044922],[-85.498864462555716,38.468241083727634],[-85.474352350031481,38.504073142828368],[-85.433134319464529,38.523913147503698],[-85.43297936719901,38.524111317840884],[-85.415598312826575,38.546340156206192],[-85.431414463272574,38.586284758995333],[-85.436168420140561,38.59829114030277],[-85.438740508049747,38.659318130866865],[-85.44886062466604,38.713367102294647],[-85.400479426673968,38.735979216991595],[-85.340951142282179,38.73389236214944],[-85.332638836311972,38.734816137731087],[-85.275451823104632,38.741171533651723],[-85.238662693019819,38.722493567082836],[-85.201758240568964,38.697440313925057],[-85.18727558802648,38.687608500726],[-85.146858454627321,38.695426519728542],[-85.07192516869496,38.741566664924882],[-85.021049279501824,38.758526997356725],[-84.962532125112489,38.778035030678183],[-84.856901343600327,38.790224913590905],[-84.812874405237793,38.786088320456059],[-84.803244574896851,38.850723948968998],[-84.798698736246067,38.85922585204063],[-84.786403663486681,38.882220824275819],[-84.830469666886486,38.897256476237537],[-84.86432488001185,38.91379435194218],[-84.877759704749479,38.920357114915532],[-84.832614834703193,38.9614600702538],[-84.849442937500797,39.000922794549282],[-84.877568138040687,39.031262564909042],[-84.897168798245389,39.052406593866777],[-84.86068671751606,39.07813957342362],[-84.820154633386252,39.105479516211844],[-84.750746459520158,39.147357085157289],[-84.714045455735985,39.132658099918672],[-84.711926770878691,39.130677702824826],[-84.677244473296653,39.09825914503547],[-84.622044856355913,39.078333827083227],[-84.607925403012089,39.073237150512647],[-84.550841299426992,39.099359087774779],[-84.506515976410668,39.101765473836679],[-84.493740220472901,39.102459060514974],[-84.480940203205236,39.116759043808798],[-84.462039178032498,39.121759037274465],[-84.445239150963346,39.114460040474178],[-84.432938113546257,39.08396005568126],[-84.400937022573473,39.046361054416771],[-84.326535836186295,39.027461996983845],[-84.32120403935042,39.020585342860649],[-84.297251723268403,38.989692939268956],[-84.288160724726069,38.955787866762513],[-84.232128720651289,38.880481625538025],[-84.232301774087802,38.874706510163321],[-84.233261772773403,38.842669550871832],[-84.226152002633853,38.829762177904449],[-84.212900827494238,38.805705430579216],[-84.135084887830189,38.789483225191923],[-84.052606537767247,38.7716047332488],[-84.051638991690552,38.771395002216963],[-83.978811122410903,38.787101881218661],[-83.928451602551348,38.774580762036742],[-83.904372944906413,38.76728157928197],[-83.852083459588272,38.751430581777612],[-83.834013515006234,38.716005651309139],[-83.783618816701619,38.695638642244234],[-83.772158693502234,38.658147755940682],[-83.705856199303966,38.638034495457525],[-83.679482575418916,38.630033929131315],[-83.646960134904475,38.641831695012243],[-83.642992584744832,38.643270954836417],[-83.626920689554694,38.679384922307662],[-83.533337513314308,38.702103124727998],[-83.440402441585121,38.669359167605336],[-83.376300486323828,38.661471135971645],[-83.320529519852187,38.622711104722889],[-83.286512546402776,38.599239089114597],[-83.264266259479058,38.613130067933575],[-83.239513594209228,38.628586076431574],[-83.172645670820216,38.620250068310206],[-83.128971719746843,38.640229063827753],[-83.112370736066069,38.671683062718735],[-83.042336808324848,38.708317054822686],[-83.03033375115055,38.716865730100217],[-83.011814837457536,38.730055051267108],[-82.943145763582422,38.743278061758403],[-82.889191667824363,38.756074073318672],[-82.871190692627778,38.718375087855271],[-82.869590748333792,38.678175106481],[-82.851312851796749,38.604332152682595],[-82.811541294781421,38.572367791276093],[-82.800110931434887,38.563181217482516],[-82.724844936816112,38.557598253015158],[-82.675722998224657,38.515502276742509],[-82.664119797526297,38.507716477885523],[-82.618472986702798,38.477087258615121],[-82.59367198695017,38.421807195451173],[-82.597978019945089,38.344907128712158],[-82.571876033526607,38.315779066445401],[-82.581795055337182,38.248590011055512],[-82.584692859513098,38.240511013239299],[-82.598862995685181,38.201005061207994],[-82.626180905569726,38.134833128879421],[-82.549405901338332,38.063061063517509],[-82.464985827881279,37.976857050480717],[-82.479418917726491,37.938560571378993],[-82.487554775342161,37.916973044374387],[-82.418688653827616,37.872373050732584],[-82.398463415779815,37.843052202895812],[-82.369971524448388,37.801747055507931],[-82.327354440851593,37.762231061826817],[-82.320673370726951,37.745963901797644],[-82.296116274635551,37.686171994271902],[-82.226109213554622,37.653089948786238],[-82.141553412138165,37.595163816700065],[-82.064416732380423,37.544513672711034],[-81.968295971298559,37.537795597673899],[-82.20174286219779,37.375105426333207],[-82.309412740861433,37.300063365270098],[-82.31436819728566,37.296303612959299],[-82.355340770045842,37.265217331727051],[-82.449161882457958,37.24390538156964],[-82.553637537775742,37.201447794026272],[-82.558175323054428,37.199603196816156],[-82.565273035074242,37.195898310201571],[-82.726291824859629,37.111849611575458],[-82.722251595517847,37.057945533870395],[-82.75071270362092,37.024104669591118],[-82.815745797624388,37.007193630039517],[-82.869180962083391,36.974179619111119],[-82.865190071955155,36.920920664213916],[-82.883752374932754,36.897127788524152],[-82.895443217052872,36.882142638774262],[-83.012585488390229,36.84728642468238],[-83.075588521063381,36.850586463920664],[-83.114691639166907,36.796085431555746],[-83.136393771755095,36.743085415285151],[-83.236397926675053,36.726884469192925],[-83.386098220822646,36.686586569169897],[-83.436507954438781,36.666184576837018],[-83.460954607869681,36.666130606878092],[-83.527111984295132,36.665984564958642],[-83.614513046429067,36.633982580591749],[-83.675413105578002,36.600813603950272],[-83.690714129013372,36.582580614505957],[-83.894420908873741,36.586480433986807],[-83.930760627226178,36.587693641520715],[-83.987610692299157,36.589591591207693],[-83.987841741205528,36.589599304819195],[-84.227194267974113,36.592179159273527],[-84.227332306328975,36.592180647136544],[-84.26132156633264,36.592741398439884],[-84.499938380811244,36.596678084458738],[-84.77845581352959,36.60321084086393],[-84.785340940369721,36.603372326011659],[-84.785399918842089,36.603375745928219],[-84.94394773540678,36.612569279770213],[-84.974868132217125,36.61458363175673],[-85.096127734328363,36.622483184012331],[-85.276287800237142,36.626157558818967],[-85.2906268555802,36.626450007510108],[-85.295812342764123,36.626149561676314],[-85.436404169098552,36.618003702599907],[-85.488352910536236,36.614993802279685],[-85.731861975310949,36.62042879837734],[-85.78855654169223,36.621711685201468],[-85.873857037545733,36.623641886105531],[-85.975713255215027,36.628637686512619],[-86.081944066785255,36.633847973985681],[-86.205565305742724,36.639246820719364],[-86.411496298683673,36.64824032121993],[-86.50777114372589,36.652444851852344],[-86.551292129834579,36.637984705272991],[-86.562067784004853,36.640746359348057],[-86.606394141957807,36.652106603038838],[-86.763291089075494,36.64871991383545],[-86.813037081276008,36.647646255571559],[-87.060826285813647,36.644770223969346],[-87.115003518089338,36.644141402847147],[-87.335979140321726,36.641576595683958],[-87.347796100981626,36.641439439090171],[-87.641150346221337,36.638035392155395],[-87.69418629534762,36.636837597181525],[-87.853204614456487,36.633246470832624],[-87.849567561955467,36.663700651923463],[-88.011792791044186,36.677024945355804],[-88.070532746714804,36.678117944053263],[-88.055738835057085,36.630474708229848],[-88.033802978010129,36.55173230683905],[-88.050467050946281,36.50005205466082],[-88.053351849952264,36.499995306825269],[-88.127379004794136,36.498539096235355],[-88.489076558504479,36.501283057138949],[-88.511919781363105,36.501456358829408],[-88.516357845709706,36.501463561901126],[-88.816764147060169,36.501950542747679],[-88.827178022073909,36.501967353632168],[-88.834589005776053,36.50197931702067],[-88.964470933242538,36.502188983113783],[-89.211408777796947,36.505629014433516],[-89.345194242871841,36.501342652781055],[-89.417293053742057,36.499032589902249],[-89.539232188303842,36.497933732470379],[-89.571481145017529,36.53808676849728],[-89.544434118158833,36.574509825893735]]]}},
{"type":"Feature","properties":{"STUSPS":"GA","NAME":"Georgia"},"geometry":{"type":"Polygon","coordinates":[[[-85.605165015773323,34.984678002210003],[-85.474338888241221,34.983673343995605],[-85.384967143740809,34.982987021991001],[-85.363919195357127,34.983376585731186],[-85.277556259594789,34.984975025090975],[-85.265055294926796,34.985077670319178],[-85.045183285517169,34.986883065366918],[-84.979854291080471,34.987205684288526],[-84.976974069747044,34.987219907111296],[-84.861314154950705,34.987791047335733],[-84.810477574466034,34.987877992812443],[-84.77583774659746,34.987937237081823],[-84.727434048818125,34.988020027127931],[-84.621483037448073,34.988329032455489],[-84.509052025991991,34.988033038690332],[-84.321869000274447,34.988408051535245],[-84.12944691619964,34.987946991999507],[-84.005336648954085,34.987649602717696],[-83.936645858327282,34.987484965443926],[-83.936427202387605,34.987484348642795],[-83.619984605678866,34.986591855397762],[-83.549180309250588,34.988803073595342],[-83.482872729889081,34.990873862309989],[-83.322767570635008,34.995873973081743],[-83.108605654881117,35.000659108537192],[-83.124377826286675,34.95523855663302],[-83.140620656133066,34.924913550184776],[-83.201182214253762,34.884651654569325],[-83.252580807268089,34.853481790770665],[-83.284810301664507,34.823041724481584],[-83.323863554999974,34.789710675893836],[-83.320059351229858,34.759614755571604],[-83.353234997688261,34.728646629489077],[-83.34960570575771,34.717009176911738],[-83.340036796629775,34.686326208691149],[-83.338687756736959,34.682000484372537],[-83.277958783221777,34.644851425791458],[-83.221401356399625,34.609945245851925],[-83.154576634787745,34.588196040019341],[-83.102873713786181,34.537428761241614],[-83.096857908781189,34.531521835436159],[-83.050572964152266,34.495051419317633],[-83.048289002583459,34.493251766690619],[-82.995090041348703,34.472480751911824],[-82.991388198214651,34.472978375692477],[-82.925766110494919,34.481799684788726],[-82.873831181232177,34.471505642040562],[-82.841997294759281,34.399763667401771],[-82.823420359406896,34.358869689743599],[-82.780308473241064,34.296698732014285],[-82.774629219294681,34.288364557565536],[-82.744982541027056,34.244858756521431],[-82.735980479526518,34.215460376515288],[-82.715373316128307,34.148162696803809],[-82.642797355756429,34.081309634051891],[-82.595026249672443,34.013515560231305],[-82.591855467474431,34.009015762753734],[-82.562997414867183,33.956552784386048],[-82.556835646627306,33.945350895905207],[-82.512950798685026,33.936966906956918],[-82.431150844433546,33.867048777742077],[-82.324480842703665,33.820030525106816],[-82.239098867223731,33.730869635548984],[-82.215939271483862,33.687752797405103],[-82.199747935335736,33.657608949815021],[-82.161908981792607,33.61064115081016],[-82.114647480586996,33.597901293759548],[-82.106240998811856,33.595635233897127],[-82.028239057947616,33.544932447350057],[-82.016582999667165,33.52908930401744],[-81.990939143550563,33.494233604256792],[-81.926337347287969,33.4629355583169],[-81.920122391653791,33.410751633343843],[-81.932738405076307,33.343539747259257],[-81.846137559782164,33.303841779429945],[-81.846502089817179,33.247250972908773],[-81.846537553441024,33.241744884649172],[-81.763536649190783,33.20364692420825],[-81.76250763323236,33.197264818202591],[-81.755136662459662,33.151548976615764],[-81.658434481428159,33.10315074157743],[-81.615957136546228,33.089337205977372],[-81.601656411768559,33.084686647942604],[-81.543967685046582,33.044398691555848],[-81.502031548858398,33.015111875016601],[-81.499567516019766,32.943721332048966],[-81.46407037773848,32.897813423878809],[-81.420621278164802,32.831222720438618],[-81.413118022279406,32.744261715451138],[-81.412671207971286,32.739083411890455],[-81.393818919143868,32.653491804151393],[-81.397106739764723,32.60558804946595],[-81.386902642511956,32.598965926466306],[-81.328753765662057,32.561229224830917],[-81.28423923354417,32.547112223868361],[-81.274927871365989,32.544159289888746],[-81.194829116827194,32.465085988540778],[-81.194930820027906,32.411487938279691],[-81.173473310099382,32.384901073126514],[-81.133031007494807,32.334791346465487],[-81.128032734155326,32.276293534722619],[-81.15352958392117,32.237683032256861],[-81.147593592083439,32.227165521789843],[-81.119358604122809,32.17713823062136],[-81.113330693057989,32.113201248134622],[-81.038260635751882,32.084465342922243],[-81.006740631521268,32.101148436302211],[-80.943220800821777,32.057820196906398],[-80.885511663573936,32.034596270700348],[-80.843124570829531,32.024222204111823],[-80.848435306854398,31.98827508691971],[-80.911201478307376,31.94376497102715],[-80.941353658316956,31.912979873835354],[-81.000312058515931,31.856739654530866],[-81.036868583212225,31.812716610901028],[-81.077053046643002,31.761251585542446],[-81.13063044241764,31.722687763958675],[-81.135295137177508,31.710560392853107],[-81.139390639318052,31.6999128217305],[-81.133490209112111,31.623343909339482],[-81.173076862364837,31.555904101639634],[-81.174830633665067,31.53959257572631],[-81.177252183621633,31.517070159873715],[-81.213491511499655,31.462814289381697],[-81.258614713656243,31.404421404685738],[-81.27933677623831,31.35112346133754],[-81.260956843576849,31.303906453179227],[-81.264376803103346,31.294595527793618],[-81.282840912683454,31.244326526952815],[-81.30495592250503,31.206169641393345],[-81.368239963243738,31.136530865013775],[-81.402094980914725,31.125379928327821],[-81.401266015355844,31.072778014812599],[-81.420473066594752,31.016700125321307],[-81.412517089391585,30.990831654038608],[-81.408483024053339,30.977715155166088],[-81.405151880916648,30.908200195488053],[-81.440128726540152,30.821366238553825],[-81.460059631486757,30.769909246499779],[-81.444122421248039,30.709711340642237],[-81.507216494270168,30.722933259644567],[-81.528279494982314,30.723356221884742],[-81.561708463882368,30.715594173458697],[-81.633271509459789,30.729600032957887],[-81.668281549268329,30.744640966998375],[-81.73223654625869,30.749631866852564],[-81.763382575622956,30.773817787471643],[-81.8085416040512,30.790012668405421],[-81.868622621020307,30.792752528932677],[-81.902352592482259,30.820816385861253],[-81.905977030442642,30.821403716867458],[-81.943185572270764,30.827433265404025],[-81.994990674739881,30.786070266064431],[-82.032665656865106,30.750670289944228],[-82.041832530328463,30.6923702730138],[-82.04952744635014,30.655540241833005],[-82.015726455802323,30.601694422148615],[-82.018379322975534,30.531172445827483],[-82.028230253684811,30.447381681216307],[-82.042009242458775,30.403249853726003],[-82.040764252151789,30.370141053941765],[-82.050981224818372,30.368364794455939],[-82.094707208263756,30.360762876315501],[-82.143304163582968,30.363374645441699],[-82.180041123382907,30.368606437540191],[-82.21031599579409,30.424572755864123],[-82.200962924770124,30.474422334551274],[-82.229424829307831,30.520808953868379],[-82.218604873597457,30.564390182497792],[-82.418982068862547,30.580912152539714],[-82.459578990016851,30.584259586657474],[-82.459790425605476,30.584272115490073],[-82.584003267307097,30.591632366584502],[-82.689527945147574,30.597885193153189],[-82.877309146558076,30.609011722309312],[-83.131428926797085,30.623571138643765],[-83.136616778378951,30.62388211115595],[-83.309344910558352,30.634236101777027],[-83.357714112831786,30.637135667882976],[-83.499948831268739,30.645662228072155],[-83.611702278236564,30.651559369935356],[-83.743727707041714,30.65852622326334],[-83.820971779797475,30.662602020359849],[-84.007452893736087,30.672068168330128],[-84.083751912866489,30.675941412817078],[-84.124991796928384,30.678034916050407],[-84.285513155601549,30.684806876267352],[-84.380752693361117,30.688825119973657],[-84.474517377801362,30.692781125154774],[-84.812995317868612,30.709648176746011],[-84.863462071145804,30.711495098821381],[-84.864691224532407,30.711540081903088],[-84.918149039790592,30.772080501719774],[-84.934282226341409,30.834031470340776],[-84.935697422510245,30.878701522903306],[-84.983756503097268,30.936982353637539],[-85.006061646780751,30.977037355779348],[-85.002498776059937,31.000680406185577],[-85.011391906738453,31.053544438212381],[-85.021107505603027,31.075462320417611],[-85.035614985867767,31.10819045722663],[-85.107515884614969,31.186449413293829],[-85.108191972394778,31.258589401151443],[-85.089774110449994,31.295024422064134],[-85.088830096743095,31.30864617655417],[-85.087929154689832,31.321646420252669],[-85.09248719377122,31.36287940228733],[-85.066005369252309,31.43136145759301],[-85.07162139644818,31.468382439512432],[-85.051682007376257,31.519538860437027],[-85.041881720278653,31.544682606708125],[-85.057960827655037,31.570838594187542],[-85.058170080142176,31.620225673504148],[-85.125531498776894,31.6949634932744],[-85.118931721379283,31.732662567830047],[-85.125442453012369,31.762967245276556],[-85.129161249800603,31.780276773389566],[-85.141833116958125,31.839259394434581],[-85.114033307160341,31.893358423130998],[-85.067831671677425,31.967356408257078],[-85.063593329854456,31.991855366068016],[-85.051413559664127,32.062254664971398],[-85.047065269883134,32.087387673869728],[-85.058750911560125,32.136016827868254],[-84.997766660475037,32.185444074923169],[-84.930128074378587,32.219050342193718],[-84.919943106611839,32.230847590834166],[-84.891841684989387,32.263397475680925],[-84.955704742456547,32.305909347246832],[-85.008096706311932,32.336676245991065],[-84.98346652130796,32.363185273236461],[-84.98115072565669,32.379039348121708],[-84.97183108591824,32.442842265387775],[-84.999786541937766,32.507066152127145],[-85.001130635614004,32.510153970836129],[-85.007099847029281,32.523867178985526],[-85.069848121656648,32.583145098690871],[-85.076072571437876,32.608066544005496],[-85.088533350739638,32.657956998330185],[-85.114250574821369,32.730445848312094],[-85.12453386243115,32.751628398992665],[-85.160963782278543,32.826670773108717],[-85.184400854547889,32.861315737951742],[-85.186118269792715,32.870137012744173],[-85.232442217067558,33.108073686361784],[-85.236596616420243,33.129542696451452],[-85.294348274871169,33.427991960100975],[-85.304945267779829,33.482755207685628],[-85.314049420944357,33.529803921272446],[-85.338117622873952,33.653113448742033],[-85.360533187303162,33.767956173964272],[-85.386671329765193,33.901700685645629],[-85.398871537005604,33.964127164961177],[-85.421073468420744,34.080811809015202],[-85.429499230344817,34.125094176919397],[-85.463140966160992,34.286190289416595],[-85.502471740230234,34.474525412486706],[-85.513045002160439,34.523945895178095],[-85.526895486062614,34.588685155114632],[-85.534405870498659,34.623789827963535],[-85.56142442411722,34.750078623435186],[-85.582812827162144,34.86043506643982],[-85.595165559154523,34.924170577054014],[-85.605165015773323,34.984678002210003]]]}},
{"type":"Feature","properties":{"STUSPS":"WI","NAME":"Wisconsin"},"geometry":{"type":"MultiPolygon","coordinates":[[[[-86.934276453133705,45.421148981171001],[-86.835749280279103,45.450187992076167],[-86.805868385007315,45.412902999670699],[-86.867743632824684,45.353064996644754],[-86.899891848266606,45.295184997479417],[-86.956198696876228,45.352005984420977],[-86.934276453133705,45.421148981171001]]],[[[-90.776922721157817,47.024326049506357],[-90.740181684187803,47.036107034749605],[-90.65042373741359,47.054680174283824],[-90.560937818358482,47.037015324223667],[-90.544876849337456,47.017385361197185],[-90.511624951189972,46.961409379093965],[-90.524057972058358,46.935666325791772],[-90.54910595939613,46.915463258554581],[-90.637125819438666,46.906726100734303],[-90.679447751931832,46.95603408894938],[-90.712033723446623,46.985262068454574],[-90.767986724649532,47.002329044057745],[-90.776922721157817,47.024326049506357]]],[[[-92.886696552652992,45.644148654498352],[-92.869688308621875,45.715142860619949],[-92.840741304826764,45.729397761473102],[-92.826012139516564,45.736651115867424],[-92.776495127077482,45.79001529425225],[-92.759457290159716,45.835342248471022],[-92.721127565879343,45.883806325637245],[-92.656124886681823,45.924443548818495],[-92.580565126400359,45.946251847586581],[-92.545682285489193,45.970119890372828],[-92.472761459522118,45.972954090701684],[-92.44963060645712,46.002253910904528],[-92.392681721093354,46.019541844825092],[-92.351760836804118,46.015686871019319],[-92.338239792312223,46.05215075241086],[-92.294033855429902,46.074378723986214],[-92.293831276306193,46.157322802225522],[-92.293619471417031,46.244044257557391],[-92.292760287460112,46.41722089044147],[-92.29237149824877,46.495586456904562],[-92.292192056077184,46.663243197546194],[-92.205492394392508,46.664742509845951],[-92.183091540366277,46.69524254098981],[-92.143338929537578,46.731597648926709],[-92.100256372895828,46.734447798965093],[-92.050820734412795,46.710518945780905],[-92.015292025522371,46.706471051349887],[-91.961890772957361,46.68254100316851],[-91.886964445176062,46.690212909373535],[-91.820028101228203,46.690177814803391],[-91.645502669534196,46.734734686981689],[-91.574291551655961,46.757489641134626],[-91.551342045275888,46.757476927897557],[-91.511077435852513,46.757454622677493],[-91.411799771030488,46.789641535969089],[-91.36080497479081,46.798137524710612],[-91.314816167480757,46.826826519229769],[-91.256706402190375,46.836888543017047],[-91.211648509399751,46.866825651387067],[-91.1676025686765,46.844761733590509],[-91.130476654773915,46.870009842223062],[-91.087358742006003,46.87947295377942],[-91.034519870649504,46.903055111812577],[-90.984618951450173,46.925604213150159],[-90.989377043983382,46.982276305662992],[-90.924129965972043,47.001890245162329],[-90.852841817638279,46.962560105462302],[-90.806281728253438,46.938740017656507],[-90.745306626168826,46.894255905556356],[-90.798937612083861,46.823144865271409],[-90.861047609820574,46.765632852496651],[-90.8808426029522,46.739958838688615],[-90.852705573574568,46.69958376964226],[-90.9151535688313,46.658411776380106],[-90.932627535888329,46.617297742733882],[-90.955651505875963,46.592504730963292],[-90.925230909489713,46.58748977496095],[-90.898309523350065,46.583051677623601],[-90.829032558339051,46.616067661470574],[-90.794776564488529,46.62494264405629],[-90.755288560722377,46.646290633903732],[-90.737261580495598,46.692268693271672],[-90.663274871290071,46.645327754460183],[-90.565562292417553,46.584893821029425],[-90.548580911167335,46.586238104544492],[-90.505911512221857,46.589615908326543],[-90.437599043874229,46.56149400640458],[-90.418139177295288,46.566096050743546],[-90.387231514887262,46.53366508614463],[-90.331890873495837,46.553280217943581],[-90.285711399873165,46.518848300819279],[-90.21487030390135,46.499949195222293],[-90.158243926373444,46.420486807657504],[-90.120491117756458,46.336853605349276],[-89.929126878916961,46.299916915020141],[-89.638416912179039,46.243804791845541],[-89.09163117521112,46.138505559478652],[-88.991218469391384,46.09653701326755],[-88.932770380348302,46.072107875148063],[-88.811950917319678,46.021609645402421],[-88.739997307066261,46.027308486310382],[-88.683235440882882,46.014465895062202],[-88.679135226609077,46.01353820530413],[-88.657763115575094,45.989287036190845],[-88.613066037631896,45.9906268402707],[-88.593863059207138,46.015131822414432],[-88.526675923017223,46.020821533495372],[-88.409866039088058,45.979687356915605],[-88.38018488668915,45.991653408051789],[-88.309521219588703,45.959368391510623],[-88.246307812573477,45.962982453961075],[-88.178008661066357,45.947110517553917],[-88.116857058577864,45.922810818109753],[-88.115346517924422,45.922210577481557],[-88.073944398979535,45.875592608227002],[-88.135067413571733,45.821693459016302],[-88.10551835049786,45.798838498706537],[-88.057010750284277,45.784976620969772],[-88.048514273399661,45.782548607677548],[-87.995876229293273,45.795434718126955],[-87.966970176438892,45.764020744714777],[-87.879812081879024,45.75484284255522],[-87.833049427199839,45.722752454082375],[-87.805075893302273,45.703555901332862],[-87.781006818213129,45.673933915459223],[-87.824675769915032,45.653210847590898],[-87.777670681304784,45.609203886603453],[-87.787291599678127,45.574905855191901],[-87.80420246236865,45.524675802859619],[-87.80577236836389,45.473138841378365],[-87.847428237204795,45.444176819091446],[-87.856829131075571,45.393105886916196],[-87.863488043893909,45.353019937399665],[-87.800463243756681,45.353608098503905],[-87.750927401025649,45.355037222438789],[-87.706766538246512,45.383827161133354],[-87.657348670410258,45.368752201856111],[-87.667422640985293,45.316360319572993],[-87.711479512252936,45.245224489830321],[-87.74180478339126,45.197051639537847],[-87.695055274268114,45.150522791929781],[-87.648191701222487,45.106368950825157],[-87.590208894021544,45.095265011751842],[-87.625749156116768,45.045158169445195],[-87.630299609427809,44.976866372424588],[-87.696493576626921,44.974234342018661],[-87.762640192692658,44.96275336481763],[-87.812991091660976,44.954013613327788],[-87.843435577969274,44.924355381284471],[-87.838362033368611,44.873987666114203],[-87.854684331940618,44.85777156774828],[-87.904488201489741,44.818723263457791],[-87.941458314828537,44.756080287530743],[-87.983499592569729,44.72019626325762],[-87.997578734771764,44.677664548660907],[-88.002090280324836,44.664035685987272],[-87.998720687053023,44.609289335826311],[-88.041206933634669,44.572582250353804],[-88.005522070168638,44.539218051903227],[-87.943804848962387,44.529695251125581],[-87.89889201121197,44.574136977609946],[-87.866888030043484,44.608435850255965],[-87.775163570112468,44.639283108295857],[-87.761311149415874,44.65369988899694],[-87.748412374097413,44.667124169783001],[-87.737574220571631,44.677013955060197],[-87.719783330676918,44.693248087485522],[-87.720892277295917,44.724550019259553],[-87.646302829054591,44.798740776442152],[-87.581308452561657,44.851792634585763],[-87.531001410998712,44.857438611366128],[-87.515144337115714,44.869597590088553],[-87.446479299739806,44.886110407871442],[-87.393407093478984,44.934394165484186],[-87.336458750066569,45.013530820589345],[-87.26487852857116,45.081361464029634],[-87.238225153352928,45.167259273234968],[-87.175069202707675,45.173050205475569],[-87.121610094015622,45.209783113288594],[-87.10874389813354,45.257003055575069],[-87.057627849104151,45.292838014363724],[-87.017036877526408,45.299253991847301],[-86.97778091191455,45.290683986957859],[-86.978760149513334,45.227333006983997],[-87.044171297526248,45.186946071754861],[-87.045749539380722,45.134987119166006],[-87.063158780300398,45.07931619051196],[-87.139386008421141,45.012565368612208],[-87.18837725101622,44.948077587893039],[-87.206287530270743,44.885928766495049],[-87.276032758145547,44.833181025858359],[-87.318985042458053,44.771336272517026],[-87.375494925975033,44.675513790783903],[-87.401632532548504,44.631192866466193],[-87.446966714145432,44.586276075803909],[-87.498666045007269,44.460688551617658],[-87.543330497960341,44.327515943464199],[-87.54538569506424,44.321388109538745],[-87.521758670866092,44.259960382643072],[-87.507422435570874,44.210806517026434],[-87.539942976333151,44.159693566068178],[-87.600884599184312,44.13169853592818],[-87.655185123969005,44.081897562031109],[-87.698921243422575,43.965939708462436],[-87.728580139632925,43.892212641042128],[-87.736017436737285,43.873724765875814],[-87.726406962109351,43.810448843993434],[-87.700250675158372,43.767353913512153],[-87.708184385477139,43.722898910560303],[-87.706203167466185,43.679545889677847],[-87.790133588493006,43.563057700827478],[-87.791018634122167,43.543019133733317],[-87.793237259248272,43.492786654541433],[-87.840952982095388,43.420680468793783],[-87.88920454138038,43.307655204960653],[-87.896283072374416,43.197111140172737],[-87.896576362567203,43.19213777517821],[-87.900481774208458,43.125913176443653],[-87.870180421630877,43.064415283734213],[-87.895780285899832,43.015817258927548],[-87.873418609250621,42.98562564941512],[-87.842676477732354,42.944119379725507],[-87.834873540319933,42.856720403297352],[-87.821157200304725,42.842276983696429],[-87.766668008263466,42.78489957947555],[-87.785067060738086,42.700822049386005],[-87.80200850782542,42.668313753519747],[-87.814667745155035,42.644022431265114],[-87.813267068964564,42.579221801665831],[-87.800470729488438,42.491921745280713],[-88.199380732926528,42.495755292020021],[-88.216897801464498,42.495923645620067],[-88.304689888535052,42.495608903255686],[-88.471621028972109,42.495010736627613],[-88.50690961583075,42.494884254994382],[-88.707378641834254,42.493587889314078],[-88.707419477090724,42.493588213956691],[-88.776591279871027,42.494138129672045],[-88.940383532942818,42.495440261251694],[-89.042896755092869,42.496255449518259],[-89.06743997939509,42.496542152125933],[-89.36579846124954,42.500027435286917],[-89.401416790191035,42.500443509880036],[-89.493216302156341,42.501515861861357],[-89.837594829435503,42.504913242187641],[-89.926465932361793,42.505789455328667],[-89.926484078558332,42.505789634238809],[-90.223188336651219,42.507766954932464],[-90.426376125624344,42.507178975900679],[-90.437010228423532,42.507148200715378],[-90.642844096868373,42.50848189221],[-90.672728100195854,42.576600187574222],[-90.700857088062364,42.626446394453133],[-90.743678294292877,42.645561447163473],[-90.852499309457741,42.664823181154524],[-90.896964620763328,42.674319198802152],[-90.94156979999461,42.683845145641534],[-91.017241254849822,42.719567692797874],[-91.070717131706743,42.77550446463119],[-91.098820699074992,42.864423523998227],[-91.138000516656291,42.903774605243676],[-91.155519230713367,42.975776540542597],[-91.159084492736028,42.987480319258388],[-91.174692193174067,43.038715471686729],[-91.174935155399879,43.080262779793664],[-91.17525330510631,43.134667324415879],[-91.134173241192073,43.174407215990328],[-91.087456123138949,43.221893098690572],[-91.057910020453718,43.253970026452386],[-91.107237098213474,43.313646976568577],[-91.154806147721359,43.334827973635583],[-91.207367095226772,43.373660931063831],[-91.199407984314618,43.403033869189734],[-91.210663283323527,43.419443623832855],[-91.232275790571549,43.450953782880433],[-91.217705608780335,43.500551679333235],[-91.232811695392982,43.564842353157779],[-91.252925691794658,43.600363442329382],[-91.273251705872099,43.666623656934455],[-91.256999798914464,43.725659601914664],[-91.243954530061131,43.773047018856218],[-91.287655101711096,43.847066186088121],[-91.291001475460178,43.852734200081997],[-91.357425696188173,43.917232369372165],[-91.423568763789532,43.984298505393596],[-91.440536176523167,44.001502698350933],[-91.559216089986052,44.024210802477121],[-91.573283521626351,44.026902427126139],[-91.647873405522631,44.064110137560775],[-91.719097197137557,44.128853874008911],[-91.817302001155497,44.164235608658643],[-91.854499825693907,44.197227075653792],[-91.892697709774382,44.231105503947951],[-91.916190356782266,44.318094488193054],[-91.963599291873422,44.362112379092792],[-92.084527958890988,44.404614554110012],[-92.111084379145851,44.41394822877033],[-92.232471382246686,44.445434196154849],[-92.245364013172377,44.45425132423528],[-92.29100427235737,44.485464270144959],[-92.314070083752284,44.538014428869161],[-92.31693221496856,44.539276447508854],[-92.361517070239785,44.558935531582087],[-92.399280123469438,44.558292560243849],[-92.549279335298323,44.577704570385833],[-92.618024452721357,44.612870473188664],[-92.696490638289333,44.689436394207434],[-92.731623569324043,44.714923116694735],[-92.792360670240143,44.7589841450514],[-92.80528692078056,44.768361346301646],[-92.768574224906388,44.854368546018094],[-92.767117586779534,44.861515748509824],[-92.767023519954066,44.861977300807666],[-92.750802566399344,44.941567754752185],[-92.761904826925417,45.022467919581736],[-92.802911831407144,45.065403911118899],[-92.789712836252093,45.075555240988038],[-92.740509878209494,45.113397168212735],[-92.766932980350816,45.195112266072748],[-92.766092405058217,45.210023003313069],[-92.76186881505393,45.284939295389201],[-92.748268440757272,45.296060707921242],[-92.698967283501943,45.336375322820224],[-92.658485790083915,45.396059332212488],[-92.646767532121075,45.43793031414198],[-92.686792428488374,45.472272051936997],[-92.72802228399047,45.52565285031325],[-92.756905256655585,45.557499817283251],[-92.801502334546498,45.562854723155233],[-92.881135482040747,45.57340954119244],[-92.887928436168167,45.639006640813527],[-92.886696552652992,45.644148654498352]]]]}},
{"type":"Feature","properties":{"STUSPS":"OR","NAME":"Oregon"},"geometry":{"type":"Polygon","coordinates":[[[-124.552430170789506,42.84057425468589],[-124.480925546682528,42.951500470187064],[-124.479869735346824,42.954327888398396],[-124.436184807446011,43.071316434406057],[-124.411376582955739,43.159856600030864],[-124.395593393851883,43.223911014677448],[-124.382446293102035,43.270169606574193],[-124.4003900132588,43.3021234115905],[-124.353318268535872,43.342668956256794],[-124.286882533220592,43.43629696531378],[-124.23352067471005,43.557129956227968],[-124.219044389098471,43.610931409775127],[-124.193441873875514,43.706084095674825],[-124.160193302170981,43.863718969208783],[-124.150252542483514,43.910848312528685],[-124.122390848065493,44.104438554693907],[-124.111039179124234,44.235065654368647],[-124.114355423838688,44.276188207960587],[-124.115185414904516,44.28648010925518],[-124.084387760124571,44.415603522906764],[-124.08358837758729,44.501114671364057],[-124.064997178976554,44.632494920280472],[-124.063396052276886,44.703167578863287],[-124.074057203721836,44.798097082763235],[-124.063146805781741,44.835322824898768],[-124.023827636517481,44.9498140004455],[-124.010092306180169,45.044987957486079],[-124.009765133759203,45.04725501538308],[-123.975421762531766,45.145465983382316],[-123.97291684152961,45.216774536479768],[-123.962885731486011,45.280208890186856],[-123.979714647754989,45.347714924741837],[-123.960557712096715,45.43076917092008],[-123.976545527506673,45.489724194012446],[-123.94755830720699,45.564869609809882],[-123.93900833838903,45.661915026323918],[-123.939451852534702,45.708787203724704],[-123.968567549631871,45.757011219587525],[-123.966283214415569,45.783077184363272],[-123.961549400986996,45.837093417503787],[-123.967636248962634,45.907799500983046],[-123.993709966570492,45.946423300733713],[-123.937477685987503,45.977298965865806],[-123.929337009189283,46.041971877608439],[-123.959197966900405,46.141670558218479],[-124.041136935173341,46.197668538907017],[-123.998061300099778,46.235324453038317],[-123.912412287708705,46.179446385626356],[-123.838806904602777,46.192207683156212],[-123.757593281382967,46.21299794691366],[-123.718152955987478,46.188985666534059],[-123.660871473720931,46.216292702382752],[-123.586207901564947,46.228650552054695],[-123.54766155338551,46.259105687157273],[-123.479646113834008,46.26912767485058],[-123.427631011497041,46.22934425998568],[-123.430849148316696,46.181823012381948],[-123.371435032926996,46.146367805389403],[-123.363746513532163,46.146238996271698],[-123.28016771663323,46.144838764151366],[-123.212494983419305,46.171092258802553],[-123.166415149886859,46.188968747081489],[-123.115904964552044,46.185263591950829],[-123.00423380430486,46.133818291184951],[-122.962681803813751,46.104812198567323],[-122.904119684819847,46.083729098976093],[-122.856158842321378,46.014464238834385],[-122.813998681245508,45.960979151436199],[-122.811510605025433,45.912719995987985],[-122.785026466599405,45.867693841013867],[-122.788086818971593,45.851002242846015],[-122.795605426792093,45.80999465976825],[-122.761451304782895,45.759157479760766],[-122.766510956357891,45.728657022180393],[-122.77451092387345,45.680431433164422],[-122.756443703195117,45.662415464978899],[-122.738108667221539,45.644132493072611],[-122.643906297855693,45.609733863469927],[-122.492257848184764,45.583276434782661],[-122.438672565231755,45.563580625610527],[-122.380300403457056,45.575936861975258],[-122.331500192891156,45.548237039881997],[-122.26262299526185,45.544317313330595],[-122.249194966212542,45.549995296330501],[-122.183693151778257,45.577692338136778],[-122.101673397647545,45.583512321351023],[-122.003688469521165,45.615926472019737],[-121.951836348704191,45.64494761767461],[-121.923747687251492,45.654346159516642],[-121.900856303720246,45.662005672781781],[-121.867165101242406,45.693273780893527],[-121.81130206982067,45.706757772074624],[-121.735102364938612,45.69403561921402],[-121.66836068422694,45.705078427636494],[-121.533105401737757,45.726536971892081],[-121.524005581396707,45.72383216587437],[-121.44069605341717,45.699069751978925],[-121.423592373268946,45.693985984150601],[-121.337771013751265,45.704945088193845],[-121.215780613961655,45.671234238654698],[-121.183842485164476,45.606437283059982],[-121.122201482334049,45.616063295132264],[-121.084934506701686,45.647889295755022],[-120.943978493848306,45.656441441137183],[-120.913936512302556,45.64806236949962],[-120.895576501980585,45.642941540101383],[-120.855675544475375,45.671541632310728],[-120.689371700669355,45.715843920177342],[-120.652518517281123,45.736166668848192],[-120.63496978332266,45.745843943055],[-120.591167823943138,45.74654395445782],[-120.505864860598265,45.700045023615175],[-120.488548702997235,45.699909266104129],[-120.403962001226233,45.699246123687558],[-120.282158173415453,45.721247221738572],[-120.210756227309446,45.725948280874782],[-120.14135426395049,45.77314932219047],[-120.070152288699006,45.78514937875191],[-119.999507476263076,45.811682338488637],[-119.965746305935866,45.824362439040073],[-119.868156122213151,45.838224131867449],[-119.802657180925422,45.847527590951927],[-119.669878883836233,45.856864762770371],[-119.600550824809758,45.919578793673452],[-119.571585776008931,45.925453824371722],[-119.487830534901448,45.906304959922558],[-119.432140089631403,45.913207149764084],[-119.36439752343621,45.921603055936778],[-119.257151523597258,45.939924110645869],[-119.126121573557057,45.93285724849887],[-119.061463651739558,45.958525267983099],[-118.987229259211531,45.99979851383425],[-118.987130719780851,45.999853300342828],[-118.677871957996402,46.000933575822472],[-118.367791820008051,46.000620944398015],[-117.996972546306296,46.000189342720184],[-117.977659395497469,46.000166856908521],[-117.717853719381353,45.99986439340104],[-117.603427404501502,45.998758521153469],[-117.479938681891483,45.997565093787905],[-117.353929322948275,45.996347468358302],[-116.915989582314907,45.995412024553353],[-116.886843586104163,45.958616149117567],[-116.859795564495244,45.90726329176448],[-116.799204964299491,45.851044936655107],[-116.787520396011885,45.840203540496631],[-116.736268292064196,45.826178633264533],[-116.665344252608307,45.781997701722879],[-116.59300427204937,45.778540706225478],[-116.535698282080659,45.734230736657459],[-116.528272352107081,45.681472737850235],[-116.463504421370516,45.615784757451287],[-116.502756474485892,45.566607741187873],[-116.58819564398371,45.442919746861136],[-116.674648630232383,45.314341739805208],[-116.690916849823751,45.268983873558597],[-116.696047582509919,45.254678733979972],[-116.754643425703762,45.113971721442169],[-116.783128638686037,45.077712226809219],[-116.7837103742593,45.076971721840096],[-116.841314283686359,45.030906728538383],[-116.858313212340548,44.97876075312417],[-116.833632218818522,44.928975792066566],[-116.865338184345944,44.870598845946304],[-116.889295344802804,44.840529653326563],[-116.931800104860542,44.7871809277841],[-117.013802050989241,44.756840965207552],[-117.06227311318365,44.727142978518494],[-117.094968090541528,44.652011018122479],[-117.142929972233347,44.55723609726666],[-117.167186895164605,44.523431138787707],[-117.225931762103883,44.479389192863771],[-117.21507175215369,44.427162150359507],[-117.243026625101393,44.390973996099511],[-117.216910721059818,44.360163108008138],[-117.192202708558014,44.32863007626991],[-117.211995198934858,44.296451160615256],[-117.216973689432407,44.288357061294874],[-117.170341652816418,44.258890028505476],[-117.121036650536951,44.277585022121151],[-117.059351605276063,44.237243998059839],[-116.97195761726104,44.235676981530403],[-116.965497696026134,44.194125985659618],[-116.902751814240332,44.179466991182487],[-116.895930861824922,44.154294993023669],[-116.897854538587978,44.152666388395438],[-116.977350859422032,44.085363994579218],[-116.937341999226362,44.029375999737518],[-116.959871036979138,43.982925001666338],[-116.976024106792167,43.895547999465343],[-116.985545152939565,43.881184851889479],[-117.023577198722194,43.823811007597286],[-117.025664321010126,43.680293535346451],[-117.026889787626587,43.596032780391944],[-117.026652577930463,43.025127648495562],[-117.026253411563744,42.807446469224814],[-117.026550702663073,42.378555936554172],[-117.026195978877595,41.999888606547039],[-117.197797569325019,42.000378577577742],[-117.403612568261693,41.999287689959324],[-117.623730087816114,41.998464687783752],[-117.873466222466988,41.998332966747988],[-118.197189167003884,41.996993125521513],[-118.197369383325395,41.996992206688802],[-118.501002291861951,41.995444605140541],[-118.775869005869851,41.992690906720931],[-119.001021868491435,41.993792142992007],[-119.208279926229864,41.99317630006815],[-119.324184101865185,41.993874996705635],[-119.360123121844467,41.994091642382863],[-119.725730427210721,41.996295261959332],[-119.999168276983937,41.994539714843526],[-120.181563261354526,41.994587502116971],[-120.501069468038438,41.993784177202755],[-120.692219484037622,41.993675422354116],[-120.879925970117441,41.993481776308933],[-121.035195046907518,41.993321927113612],[-121.251099051364037,41.997569640798652],[-121.439610199427463,41.997080296487063],[-121.447540203398319,41.997190357668266],[-121.675347094856747,42.000350957420693],[-121.846710731527452,42.003069823766552],[-122.101920434552952,42.00576649803525],[-122.289524528208275,42.007765578060251],[-122.289746623255255,42.007766310465023],[-122.501131479345773,42.008463385746055],[-122.800077080583776,42.004074617021004],[-123.04525148831074,42.003052089378713],[-123.145956836087507,42.009249074712891],[-123.230999405630897,42.004971291076998],[-123.347560606021375,41.999109120616524],[-123.434768947899087,42.001642206326224],[-123.519111901580487,41.999173850006052],[-123.656996032795334,41.995138835858747],[-123.822035559802671,41.995623321120938],[-124.001187512755649,41.996149336986704],[-124.211602910596937,41.998462626710563],[-124.270462532091045,42.045555695946639],[-124.314287556584404,42.067867038677981],[-124.351533347875687,42.129799798610428],[-124.361007105610383,42.180756376140451],[-124.383630954330187,42.227164927797119],[-124.410979953586249,42.250552231488712],[-124.410553155171982,42.307436512055716],[-124.425550587456982,42.35187977661689],[-124.43510036272329,42.440169265004663],[-124.399058874997507,42.539934349136075],[-124.40091106790905,42.597524268101161],[-124.413111220328247,42.657940243705902],[-124.45073196524551,42.675804438464461],[-124.448409758957425,42.689915407748735],[-124.510008037852359,42.734752692178255],[-124.552430170789506,42.84057425468589]]]}},
{"type":"Feature","properties":{"STUSPS":"MO","NAME":"Missouri"},"geometry":{"type":"Polygon","coordinates":[[[-95.765646382230855,40.58520600359779],[-95.533182065312445,40.582245414270467],[-95.373923955695659,40.580328690223887],[-95.335586606707636,40.579867354895342],[-95.202263734196819,40.578372275297014],[-95.068918150353923,40.576877179811667],[-94.914895722959628,40.57491964063513],[-94.819976958755305,40.573713601275763],[-94.63202473579274,40.571759754725264],[-94.533876052660347,40.570738949289023],[-94.471205532418153,40.570959344357455],[-94.310721883254374,40.571523947998948],[-94.232238653361279,40.572014577637724],[-94.091083204274511,40.572896922229475],[-94.015490339998223,40.574073608484035],[-93.840928711893454,40.576791251040284],[-93.774343062020748,40.577530853839484],[-93.597350684819332,40.579496587603536],[-93.556895300696951,40.579660105642063],[-93.374384697116426,40.580397557791557],[-93.345440414315959,40.58051449252487],[-93.135800313876985,40.58285412224695],[-93.097289508190244,40.583823510095456],[-92.94159301325459,40.587742605027536],[-92.7145943187911,40.589581660612261],[-92.686689971117573,40.589807723139948],[-92.637900116238725,40.590955089835646],[-92.453741334136609,40.5952860059529],[-92.350800350687479,40.59725520973366],[-92.179776104847249,40.60052679151071],[-91.943114147703227,40.606057962120012],[-91.939288708665259,40.606147360051324],[-91.729112753166547,40.613636654554249],[-91.716652848130693,40.603736803934652],[-91.685379140158901,40.578888691481019],[-91.670991398496128,40.550933665757547],[-91.618997679311235,40.539080785144812],[-91.608346036535437,40.50003672705089],[-91.563843249478467,40.460984920107698],[-91.519133446793873,40.432819043848674],[-91.498092545522212,40.401923095323575],[-91.419421713637391,40.378261150608239],[-91.469655680205747,40.322406129134556],[-91.492890673638925,40.269920143730424],[-91.496957170286848,40.24870103062586],[-91.506261176218104,40.200152315616158],[-91.511955646009142,40.170438302285433],[-91.497662696046561,40.078254455936758],[-91.484063731285218,40.019329554133805],[-91.43708983155274,39.946414698265464],[-91.436843100646797,39.945241164720066],[-91.428955848117383,39.907726790556616],[-91.436050830207833,39.8455079431128],[-91.397852916466846,39.821120003217608],[-91.361571000060664,39.787546091920646],[-91.364616596997536,39.75871639316621],[-91.367752962957951,39.729027226462044],[-91.305760397352543,39.68621377909006],[-91.276140111111147,39.665757345356454],[-91.182875760448923,39.598231558292504],[-91.174232273625563,39.591973451989773],[-91.148275289683809,39.54579653194638],[-91.100307397054138,39.538693542762957],[-91.064305446223472,39.494641603916698],[-91.038270499598227,39.448434473664307],[-90.937419763797024,39.400801416728108],[-90.935287915804665,39.399478988985386],[-90.840107037969375,39.340436425744251],[-90.72996137224807,39.255892485496759],[-90.72328495942844,39.224101308012663],[-90.707903191289105,39.150857926761923],[-90.681087058293514,39.100587641002228],[-90.713629969558468,39.053974364161753],[-90.676397767805312,38.984092999620053],[-90.661583677730675,38.934700178316753],[-90.657254772286251,38.920266833207357],[-90.595354670965378,38.875046708937866],[-90.555693587111847,38.870781691985847],[-90.500117420171208,38.910404774357254],[-90.467784653213641,38.961805866947607],[-90.450970745521062,38.961391855511984],[-90.395817298608677,38.960033803093332],[-90.298713005934147,38.923391587174329],[-90.276476090939425,38.919314886571868],[-90.230338366445594,38.910856463508516],[-90.191209072929013,38.890271915073086],[-90.11332931119918,38.849302100599715],[-90.117709067395552,38.805743933885765],[-90.166410754187794,38.772644848477043],[-90.16675837566693,38.772272466123816],[-90.209911437933144,38.726045750572467],[-90.195211373020925,38.687545665703709],[-90.181342485435096,38.660004626953402],[-90.181111334961216,38.659545605013463],[-90.184511191659325,38.611546517706273],[-90.248913828808583,38.544747398356414],[-90.25529937018058,38.530865059893088],[-90.261098140864775,38.518258388954209],[-90.271314722173827,38.496047369582264],[-90.288815868716597,38.438448664446796],[-90.340245231429989,38.387090570098351],[-90.349743958214717,38.377604993694668],[-90.372520017473875,38.323350209612116],[-90.363927123601215,38.236351525117826],[-90.322354088334009,38.181589727200034],[-90.252747340569343,38.127770724844765],[-90.252485016134699,38.127567899193764],[-90.218708984179287,38.094362042665871],[-90.203892178406662,38.087362205651985],[-90.126007076068177,38.050567281006124],[-90.080960087799738,38.015425421887436],[-90.008354179063915,37.970176565469892],[-89.954911205629998,37.96664458860819],[-89.974222099142111,37.919214622749124],[-89.933096788433062,37.880096687391962],[-89.923185968919924,37.87066962570804],[-89.851049036652682,37.903977587998178],[-89.782035835606223,37.855089504807822],[-89.69655936183274,37.814334325472309],[-89.687232729382799,37.796425340009925],[-89.667993011393534,37.759481268566304],[-89.591288546603948,37.723596204141892],[-89.521947946749293,37.696474871987306],[-89.506562938236328,37.625049746194172],[-89.494050926001762,37.580115659544553],[-89.497745854113759,37.569985557960344],[-89.501790975500299,37.558895344087489],[-89.512399906330472,37.529809568759795],[-89.471200806438659,37.466472426545067],[-89.425939656226305,37.407470265350021],[-89.428184543524907,37.35615713948367],[-89.474434192515446,37.334499326052104],[-89.495159429056997,37.32479409828008],[-89.517031338483307,37.281919017730736],[-89.482888553230708,37.260949657351865],[-89.470524264157888,37.253355912786546],[-89.456103989820207,37.188119075895763],[-89.384173643870483,37.103266097828289],[-89.359454353002207,37.042605097940914],[-89.308145211698104,37.028947387195657],[-89.257606237245682,37.015494661589912],[-89.195037351258705,36.989766529725728],[-89.132913561090817,36.982055424971776],[-89.098841662606489,36.957848374293505],[-89.10313409253844,36.944759287795584],[-89.120470582445449,36.891894443799231],[-89.147672522988245,36.847146522069835],[-89.155889517793511,36.789124571425042],[-89.155983427233892,36.786291236566569],[-89.156988522488362,36.75596659223087],[-89.202509623929529,36.716616590537932],[-89.165487739197914,36.662425135989928],[-89.175649512729251,36.651318412516495],[-89.199135741369304,36.625648193609678],[-89.227318747319117,36.569374222463061],[-89.278934778087503,36.577698411299806],[-89.324657826450164,36.62403156441141],[-89.327319607273097,36.623945858197217],[-89.378693904143248,36.622291666360951],[-89.407905990048675,36.562344650310649],[-89.479346100717976,36.566252798935373],[-89.544434118158833,36.574509825893735],[-89.571481145017529,36.53808676849728],[-89.539232188303842,36.497933732470379],[-89.521021200273211,36.461933535238011],[-89.542337195787781,36.420102285469149],[-89.510380220915977,36.378355052061522],[-89.522695218385778,36.344787855482743],[-89.545031536076095,36.344270250466913],[-89.600544161387504,36.342983843057901],[-89.611819150642319,36.309086658296508],[-89.554289200522405,36.27774947432988],[-89.602374148560131,36.238104283816178],[-89.678046081010493,36.24828235090439],[-89.692630060812874,36.224957235668064],[-89.627641540316731,36.185458371776789],[-89.623804100277908,36.183126046234335],[-89.592102093418319,36.135634865009919],[-89.643020051072668,36.103617672392673],[-89.680029028559744,36.082491521191393],[-89.692437008116869,36.020504184451909],[-89.733095000891723,36.000604987355786],[-89.901183124648796,35.99936357547481],[-89.959374804309206,35.999013316438678],[-90.103842159347437,35.998143185769926],[-90.289076979848971,35.996513943841492],[-90.368717737126858,35.995808745652987],[-90.339342794053408,36.047108860504878],[-90.294492088193948,36.112949991531302],[-90.235585129251589,36.139474784026163],[-90.220425143290157,36.184764694092436],[-90.189102070412176,36.198999020934131],[-90.15592817053286,36.214074436585037],[-90.11492218524802,36.265595284493635],[-90.063980191484944,36.303038114203012],[-90.063526177316547,36.356911114565513],[-90.066136168760778,36.386272121877489],[-90.131038142716903,36.415069265821955],[-90.141399128668169,36.459874263317211],[-90.153871116562073,36.495344263064382],[-90.220749152584858,36.495937961139909],[-90.494575068811486,36.498366345608012],[-90.576179111585489,36.498404183876431],[-90.765672004281583,36.498492081959512],[-90.78402921115601,36.498460670758],[-91.017974017220169,36.49806032512582],[-91.126537797348206,36.497795910293682],[-91.40491527672927,36.497118014774721],[-91.406871566363904,36.497136245668209],[-91.450023388808077,36.497538382486475],[-91.642590427691928,36.499332747163585],[-91.672334101963372,36.499254354252287],[-91.985802281252418,36.498429196570584],[-92.120392169003892,36.498191080647857],[-92.150306449768394,36.498138139022586],[-92.350276762276522,36.497784403074952],[-92.529135439690137,36.498162909018724],[-92.564237340355248,36.498237225549381],[-92.772333695586553,36.498080368870852],[-92.838875981643938,36.498030207069739],[-92.854008129836558,36.498020612454908],[-93.125970126981798,36.49784808527113],[-93.293069186690985,36.498255507781529],[-93.315324940300783,36.498309814615901],[-93.426990216839116,36.498582292160556],[-93.584263094523081,36.49889881740345],[-93.700171003761668,36.499131842949467],[-93.866688950004459,36.498862949684039],[-93.959189717685604,36.498713653313779],[-94.077087749836878,36.498972528836198],[-94.361202146157027,36.499596333679456],[-94.617918343291279,36.499410161331262],[-94.617814916046186,36.61260153662213],[-94.617991451025318,36.667918621121146],[-94.618306465014186,36.766557097429022],[-94.617965082365885,36.998900797026671],[-94.61810404658948,37.056792272737582],[-94.618352274882412,37.160207030758649],[-94.617755353916607,37.338414455287925],[-94.617669091729695,37.364166868433202],[-94.617512531879498,37.410905697700862],[-94.617847069661806,37.653575028507596],[-94.617873986887091,37.673107962172622],[-94.61788653164399,37.682211275806353],[-94.614466167651884,37.987796596585731],[-94.614101340902366,38.037054214160221],[-94.613931016922805,38.060050605014098],[-94.612614776108856,38.237763757044974],[-94.612773190881128,38.388716275351527],[-94.612866436968019,38.477568810403746],[-94.612866032846796,38.477599990645068],[-94.609490184060562,38.738099734967697],[-94.609456512905624,38.740698027793783],[-94.608961076143558,38.847209356893103],[-94.608335029548726,38.981804049110458],[-94.607871474393903,39.044083122089312],[-94.607531314647218,39.089782004894879],[-94.607355201417533,39.113441987782458],[-94.591934238867125,39.155001001945521],[-94.60193922827996,39.155501211103221],[-94.62393526308901,39.156600923712865],[-94.680337349823418,39.184300743379332],[-94.741939375492322,39.170200604260913],[-94.79199614531565,39.201257721963245],[-94.799664491385528,39.206015452680575],[-94.825664648723233,39.241726329823635],[-94.857073830070476,39.273822410579754],[-94.90806727752306,39.323660633949409],[-94.888974561379854,39.392430041584809],[-94.94666506430633,39.399715003553645],[-94.96575082807459,39.421679840889347],[-94.982147734578959,39.440550174156002],[-95.049848449430257,39.494413140073256],[-95.091421887300157,39.533255915020213],[-95.113559015809116,39.553938984157611],[-95.076690510895162,39.576762260576807],[-95.047167824360386,39.595115467481975],[-95.044053476070516,39.613666835163095],[-95.037466484330764,39.65290368361115],[-94.971319357319416,39.686408943304293],[-94.971080000736009,39.723145028685494],[-94.899317730728555,39.724041066638179],[-94.860372451598906,39.749529131110613],[-94.87114545145549,39.772993158762198],[-94.877859092636527,39.820699315119427],[-94.878678404159146,39.826521226972744],[-94.928467402808067,39.876343266978218],[-94.951541380680098,39.900532284780098],[-94.993375663632733,39.898564519092908],[-95.018744381766425,39.897371216852783],[-95.081535285917425,39.861717029735537],[-95.14244604559542,39.895418967327942],[-95.231114737859741,39.943782926507879],[-95.308290607337554,39.999996895626794],[-95.348777628704141,40.02929578991214],[-95.382957624138371,40.027110689541985],[-95.414734723190179,40.069818595922662],[-95.394216813305249,40.108261653996635],[-95.432165885452164,40.141023547033178],[-95.4810209861066,40.188522414577207],[-95.472549094037703,40.23607644117736],[-95.547161128529041,40.259064310792539],[-95.547871447566408,40.262781770803187],[-95.548183133693058,40.264412982470652],[-95.553293152696355,40.291156303767146],[-95.59865817374893,40.309807246905926],[-95.653730194087387,40.32258017738485],[-95.64102813854511,40.366397061069236],[-95.64941915259655,40.396147031120584],[-95.684364243811331,40.463364017663856],[-95.694727288201136,40.493600020138146],[-95.712281457744595,40.523752037726986],[-95.714292291159012,40.527205957525226],[-95.757111427965839,40.52598810048832],[-95.765646382230855,40.58520600359779]]]}},
{"type":"Feature","properties":{"STUSPS":"VA","NAME":"Virginia"},"geometry":{"type":"MultiPolygon","coordinates":[[[[-76.023465154545278,37.289066643139812],[-75.987112674121789,37.368547938998837],[-75.976482220103165,37.4448781019302],[-75.94556570270116,37.549040797233921],[-75.941173357754295,37.563839125443728],[-75.89865605511801,37.6354251320071],[-75.859252844086257,37.7031112628854],[-75.812145576775777,37.749502503726482],[-75.818115942869611,37.791698416469053],[-75.735870529685698,37.816561574085966],[-75.702904658543474,37.849659500953067],[-75.757685276384336,37.90391231995784],[-75.669702195375251,37.950796307009568],[-75.624332484507988,37.994211331976338],[-75.242256177042876,38.027210553300883],[-75.338612683862735,37.894987290527851],[-75.380627660057357,37.851703046299491],[-75.438990897903324,37.869335829611117],[-75.489259888309377,37.832457638013501],[-75.551887658782391,37.748122665916284],[-75.591942469543326,37.663178508134088],[-75.614516334703183,37.609296376901],[-75.607813164505302,37.560706275603629],[-75.672866064369742,37.483695972257316],[-75.665406971391974,37.46729345850332],[-75.658368056931891,37.451814914573028],[-75.720728174811924,37.373128612903017],[-75.735818210237085,37.335425501048142],[-75.778806345235779,37.297175439127422],[-75.795153340750915,37.24709435417379],[-75.817376361270178,37.193436356217596],[-75.897287458308725,37.11803631355852],[-75.942388512084634,37.08960625631245],[-75.979597574098605,37.100447272425498],[-75.998636659112918,37.188738510287457],[-76.023465154545278,37.289066643139812]]],[[[-83.614513046429067,36.633982580591749],[-83.527111984295132,36.665984564958642],[-83.460954607869681,36.666130606878092],[-83.436507954438781,36.666184576837018],[-83.386098220822646,36.686586569169897],[-83.236397926675053,36.726884469192925],[-83.136393771755095,36.743085415285151],[-83.114691639166907,36.796085431555746],[-83.075588521063381,36.850586463920664],[-83.012585488390229,36.84728642468238],[-82.895443217052872,36.882142638774262],[-82.883752374932754,36.897127788524152],[-82.865190071955155,36.920920664213916],[-82.869180962083391,36.974179619111119],[-82.815745797624388,37.007193630039517],[-82.75071270362092,37.024104669591118],[-82.722251595517847,37.057945533870395],[-82.726291824859629,37.111849611575458],[-82.565273035074242,37.195898310201571],[-82.558175323054428,37.199603196816156],[-82.553637537775742,37.201447794026272],[-82.449161882457958,37.24390538156964],[-82.355340770045842,37.265217331727051],[-82.31436819728566,37.296303612959299],[-82.309412740861433,37.300063365270098],[-82.20174286219779,37.375105426333207],[-81.968295971298559,37.537795597673899],[-81.932277950746794,37.511958543967573],[-81.984889855115767,37.454312391421169],[-81.936948675130822,37.419917314551093],[-81.933599559099022,37.389214237327906],[-81.895999399674778,37.33196413603671],[-81.849947371203569,37.2852241028938],[-81.774745546862121,37.274844208859456],[-81.744001664647826,37.242525203698619],[-81.739053727570592,37.239494303368851],[-81.678602064467597,37.202464192141029],[-81.560624523756431,37.206660404629723],[-81.533069616532202,37.223411442251432],[-81.483558804212677,37.250601480042796],[-81.427945950479028,37.271012565417593],[-81.362155958626673,37.337684680877572],[-81.225104590440083,37.23487189600641],[-81.112595815873206,37.278495117654842],[-80.996012092688389,37.299543394954924],[-80.980844344763696,37.300851222482741],[-80.919258068038474,37.306161452046702],[-80.8354780169755,37.334822528354351],[-80.883246977173741,37.383931532524507],[-80.865146933407715,37.419925569329621],[-80.858147046880703,37.421005480991724],[-80.857357499872549,37.421127288825851],[-80.836444919620533,37.424353589522077],[-80.770080957686773,37.372361595414731],[-80.66496979104177,37.414213755367037],[-80.544834435328653,37.474693985137542],[-80.469567266456096,37.429024541683773],[-80.464818363172498,37.426143083015887],[-80.399877976410238,37.462313291391354],[-80.291641242376471,37.536504621240937],[-80.282436867396314,37.585480615707816],[-80.223382423157204,37.623184749865601],[-80.224299664144581,37.623991119624868],[-80.292254222761798,37.683731505506856],[-80.290030007454448,37.686135972342228],[-80.25813882848152,37.720611636492478],[-80.218611581174059,37.783290603109712],[-80.199628604771249,37.827506467466947],[-80.131926823400846,37.889499354573644],[-80.055807859805668,37.95187745751717],[-80.036232412691831,37.967919203899825],[-79.971227937774444,38.044325036693074],[-79.961979315866941,38.063606104813353],[-79.93894936903385,38.111617909103529],[-79.916171915843279,38.184384795851528],[-79.850322955982151,38.233327328209739],[-79.797013163190456,38.267266127458861],[-79.78754169352122,38.273295974343363],[-79.804092200724355,38.313920274917848],[-79.734599293625834,38.356726376023609],[-79.689673470228911,38.431437980601181],[-79.691086264247346,38.463743149906179],[-79.669125954419073,38.510882337367967],[-79.649072751044102,38.591514156822193],[-79.542567626032906,38.553216291314335],[-79.476638681872572,38.457228277340349],[-79.370302682196495,38.427244287589467],[-79.31129674333765,38.418454895481318],[-79.297758676689199,38.416438295582488],[-79.231620651679094,38.474041295734615],[-79.228423652059249,38.479741852936108],[-79.20145961735345,38.527821278603227],[-79.154357552985005,38.606518232437431],[-79.092955506740381,38.659517202009837],[-79.088055488506583,38.690115181257298],[-79.05725343114014,38.761413123579807],[-79.023053364661095,38.798613066998847],[-78.999014294131541,38.840074003444478],[-78.869276364461015,38.762991194168471],[-78.821167260707185,38.830982148201436],[-78.772793178255526,38.893742125772],[-78.681617076929939,38.925840130740021],[-78.620452953530361,38.982601098036525],[-78.561710855136042,39.009007088310312],[-78.532265919023288,39.052764576574717],[-78.508131632279813,39.088630029873769],[-78.413942460925782,39.158414971484817],[-78.428696390140431,39.187216951049827],[-78.404979245170097,39.238005918549028],[-78.401812137438455,39.276753889372628],[-78.340478905519916,39.353491850429258],[-78.337131764826538,39.409168812992782],[-78.347085622033958,39.466011767524549],[-78.229128297181106,39.390663756630218],[-78.187368774947188,39.363988882810858],[-78.033184173847147,39.264624674056712],[-78.033182399417697,39.264623530524723],[-78.03283993905211,39.264402831761153],[-77.828300713057644,39.132422878643403],[-77.828155879806815,39.132329424113351],[-77.80912364209199,39.168567550646657],[-77.778066224525304,39.229305800431696],[-77.719516777817333,39.321314673175955],[-77.677693524161782,39.317941381432995],[-77.666127757564595,39.317008533843691],[-77.588232746623248,39.301955339419564],[-77.553111775993898,39.2792682692074],[-77.496603789748804,39.251045130074715],[-77.460063332947669,39.218843097997443],[-77.459880706023412,39.218682154253045],[-77.485968758937972,39.185665216072316],[-77.521219845886336,39.161057301026183],[-77.519926854040719,39.12092534275066],[-77.481276737041441,39.105658325485855],[-77.462614692143319,39.076248352669715],[-77.359699466322454,39.062004292760506],[-77.342989034097016,39.058595154653617],[-77.330035107106056,39.055952390709557],[-77.310702358725649,39.052008266857875],[-77.248400224789833,39.026909247653983],[-77.249800253473865,38.985909246476794],[-77.202499259661963,38.967910213240948],[-77.18003287674108,38.966423199753564],[-77.146598219518879,38.964210214691782],[-77.119786334899956,38.934376725218364],[-77.119756178099237,38.934343169878822],[-77.090197094929238,38.904211132944809],[-77.039095897188588,38.86811210831695],[-77.039063187691582,38.841271963372137],[-77.039002708307592,38.791645010151804],[-77.039236578945037,38.785336327448938],[-77.040669189351661,38.74669188511816],[-77.040994630318849,38.737913953817852],[-77.05319573601777,38.709914939204403],[-77.07949589627718,38.709514910836091],[-77.085781706827149,38.705281185827204],[-77.132498300393067,38.673815854513727],[-77.130197373543396,38.63501685773867],[-77.224143888521638,38.635178037073302],[-77.246702191562989,38.635216739221477],[-77.295272741905237,38.562124756295077],[-77.312603357353836,38.501927552465951],[-77.322621096636496,38.467130803123268],[-77.317286961610279,38.383575936279207],[-77.284345217375005,38.351636819396539],[-77.265293572669236,38.333165044496305],[-77.162690019606558,38.345994016439185],[-77.093710630586457,38.352801001021611],[-77.04813435452634,38.360144993189969],[-77.020944302526786,38.329272998798402],[-77.02630141694442,38.302685007305797],[-76.996788640314364,38.279147828939593],[-76.990252386633756,38.273934989922566],[-76.957793448195403,38.243182961495869],[-76.962308657165053,38.214074974198141],[-76.910829616153478,38.197072943649637],[-76.838792568445925,38.163475925200167],[-76.749682260938229,38.162113880878088],[-76.684888975622698,38.156496810223778],[-76.613935661270986,38.148586717800789],[-76.600933701718432,38.110083660401997],[-76.535915455874829,38.069531447511764],[-76.510690337987938,38.03948823371956],[-76.491994339601675,38.017221225164882],[-76.427483501213928,37.97703733735716],[-76.316946786990712,37.934928480816204],[-76.236719216973484,37.889173253899891],[-76.251351966011271,37.833071023086021],[-76.310301135785195,37.794848132343411],[-76.31285192372583,37.720336980152247],[-76.325293119837269,37.682572841338327],[-76.329113983072048,37.670974945570372],[-76.279440604990384,37.618223690328499],[-76.288871475520267,37.587358603822018],[-76.297953667511919,37.557634641456382],[-76.289486395529138,37.536073879788582],[-76.273481428875286,37.495319514628818],[-76.250446549777351,37.421884459325057],[-76.248452061276694,37.375133448136644],[-76.275543482541508,37.309962325666376],[-76.36674352684652,37.374493227021752],[-76.393950893643719,37.395938257588995],[-76.402938766528806,37.392598234376756],[-76.437517874607593,37.379748123660221],[-76.387761809907076,37.307667949637661],[-76.362281293562575,37.270223922070414],[-76.376927900672698,37.249489556959361],[-76.39412303567812,37.2251477821763],[-76.347180705073214,37.189642533585399],[-76.343090753169861,37.186549059148014],[-76.311078473206535,37.138493216828913],[-76.293117242683437,37.114161976719323],[-76.271252140820692,37.084542323468888],[-76.304261885935844,37.001376358602712],[-76.280961931192621,36.977742077888387],[-76.267951880576348,36.964545346175932],[-76.189948957953462,36.931445474821508],[-76.176937563678194,36.928537182216502],[-76.087945158430543,36.908645674456899],[-76.043044074624007,36.927545788530828],[-75.996242143175721,36.922045871608248],[-75.961580078097811,36.799993585616726],[-75.921739908570743,36.692048983911434],[-75.890938434231671,36.630750487181672],[-75.867037167170992,36.550750881855997],[-76.026742710231247,36.550550618140534],[-76.122342557912489,36.550550365942499],[-76.313207534545427,36.550549469176175],[-76.313295502883207,36.550549558817977],[-76.491475267545397,36.550731128510058],[-76.54195878575112,36.550782529865621],[-76.73832295290326,36.550982430372244],[-76.915726740413305,36.546087598581252],[-76.916032572654402,36.546079160336944],[-76.917312947061319,36.546043833413997],[-77.071614670645602,36.546110934910004],[-77.164318077325021,36.546151225117129],[-77.190170483157658,36.54616246093029],[-77.298913946120564,36.546037490362394],[-77.749702611506009,36.545517205651677],[-77.767100609269264,36.545439834510574],[-77.899770988179853,36.54484988024825],[-78.046205393952235,36.544198216875579],[-78.132908233534749,36.543811716392142],[-78.323715985771642,36.542422086691865],[-78.457275459259847,36.541448941134611],[-78.509962625298982,36.54106507358641],[-78.734121215657311,36.541608558486942],[-78.796272488769844,36.541759224769265],[-78.942007732654332,36.542112495866363],[-79.138335165273404,36.541637236460019],[-79.218455025065595,36.54144325029003],[-79.343115211371696,36.541141707180351],[-79.470055500943431,36.540834746858259],[-79.510645744904139,36.540736603736086],[-79.51364641524377,36.540746811336327],[-79.714850090839519,36.541431259881293],[-80.027269049913372,36.54249381436577],[-80.027338965102118,36.542494200132786],[-80.053455111039327,36.542638299680604],[-80.295243231196395,36.543972242630545],[-80.431605316055297,36.550218064280308],[-80.440343064397752,36.550605009877032],[-80.612189152896534,36.558215157629498],[-80.704831378201831,36.562317801840855],[-80.840213442388915,36.561927159048594],[-80.901661468933867,36.561749855501184],[-80.901726349996864,36.561749668291874],[-81.061866156836842,36.567018640742113],[-81.176711846159179,36.571924699439322],[-81.35321951833545,36.576236793513999],[-81.499827422723953,36.57981831117727],[-81.677535019568325,36.588117047347176],[-81.646898963171893,36.611915927298234],[-81.826734191059771,36.61471908723253],[-81.9226440685065,36.616212936118323],[-81.934144083238124,36.594212922322015],[-82.145573022283557,36.594560102476713],[-82.173981682880708,36.594606748683063],[-82.243384519954503,36.594875880389147],[-82.294135923495872,36.595072697761374],[-82.487237523524129,36.595821566283959],[-82.609181649555865,36.595089224382733],[-82.830432877575007,36.593760530931334],[-82.984458277710772,36.59528954077993],[-83.276299930383985,36.598186591970141],[-83.472093550105086,36.599475279782872],[-83.675413105578002,36.600813603950272],[-83.614513046429067,36.633982580591749]]]]}},
{"type":"Feature","properties":{"STUSPS":"TN","NAME":"Tennessee"},"geometry":{"type":"Polygon","coordinates":[[[-90.30069732494718,35.02879136410224],[-90.265296385983234,35.040291199796108],[-90.197146351973203,35.050729272192193],[-90.181387247998856,35.091399649270315],[-90.160058148932805,35.128828973019161],[-90.090610118535821,35.118285900274607],[-90.099777029022164,35.164473221204624],[-90.093284943747619,35.203281482419698],[-90.097946849210018,35.24998281420519],[-90.166593888201703,35.274588049541265],[-90.121863872239118,35.304535001201195],[-90.087902877476182,35.363270030337191],[-90.112503890976441,35.410153215209341],[-90.070548896708544,35.423291096678334],[-90.045305894916538,35.415434992663229],[-90.022063918599216,35.457374984161817],[-90.045804931735944,35.496533146442509],[-90.037614947037937,35.550329129617943],[-89.958497966007286,35.541702794551988],[-89.944753971264987,35.56030773552812],[-89.932499979278958,35.607864682742402],[-89.876547987026896,35.626652432708582],[-89.89891598690761,35.650903531922864],[-89.956588989705878,35.695485794532033],[-89.915490998824509,35.754916588438881],[-89.8638739935422,35.747591365113387],[-89.797052996845622,35.782646843953358],[-89.723425993011517,35.809380374039776],[-89.729516994265396,35.847630098767738],[-89.722633995859439,35.873715912911706],[-89.647270001414014,35.894917823164832],[-89.649118620495273,35.90471333815352],[-89.652279002033339,35.921459655828535],[-89.686924001039557,35.947713439490983],[-89.733095000891723,36.000604987355786],[-89.692437008116869,36.020504184451909],[-89.680029028559744,36.082491521191393],[-89.643020051072668,36.103617672392673],[-89.592102093418319,36.135634865009919],[-89.623804100277908,36.183126046234335],[-89.627641540316731,36.185458371776789],[-89.692630060812874,36.224957235668064],[-89.678046081010493,36.24828235090439],[-89.602374148560131,36.238104283816178],[-89.554289200522405,36.27774947432988],[-89.611819150642319,36.309086658296508],[-89.600544161387504,36.342983843057901],[-89.545031536076095,36.344270250466913],[-89.522695218385778,36.344787855482743],[-89.510380220915977,36.378355052061522],[-89.542337195787781,36.420102285469149],[-89.521021200273211,36.461933535238011],[-89.539232188303842,36.497933732470379],[-89.417293053742057,36.499032589902249],[-89.345194242871841,36.501342652781055],[-89.211408777796947,36.505629014433516],[-88.964470933242538,36.502188983113783],[-88.834589005776053,36.50197931702067],[-88.827178022073909,36.501967353632168],[-88.816764147060169,36.501950542747679],[-88.516357845709706,36.501463561901126],[-88.511919781363105,36.501456358829408],[-88.489076558504479,36.501283057138949],[-88.127379004794136,36.498539096235355],[-88.053351849952264,36.499995306825269],[-88.050467050946281,36.50005205466082],[-88.033802978010129,36.55173230683905],[-88.055738835057085,36.630474708229848],[-88.070532746714804,36.678117944053263],[-88.011792791044186,36.677024945355804],[-87.849567561955467,36.663700651923463],[-87.853204614456487,36.633246470832624],[-87.69418629534762,36.636837597181525],[-87.641150346221337,36.638035392155395],[-87.347796100981626,36.641439439090171],[-87.335979140321726,36.641576595683958],[-87.115003518089338,36.644141402847147],[-87.060826285813647,36.644770223969346],[-86.813037081276008,36.647646255571559],[-86.763291089075494,36.64871991383545],[-86.606394141957807,36.652106603038838],[-86.562067784004853,36.640746359348057],[-86.551292129834579,36.637984705272991],[-86.50777114372589,36.652444851852344],[-86.411496298683673,36.64824032121993],[-86.205565305742724,36.639246820719364],[-86.081944066785255,36.633847973985681],[-85.975713255215027,36.628637686512619],[-85.873857037545733,36.623641886105531],[-85.78855654169223,36.621711685201468],[-85.731861975310949,36.62042879837734],[-85.488352910536236,36.614993802279685],[-85.436404169098552,36.618003702599907],[-85.295812342764123,36.626149561676314],[-85.2906268555802,36.626450007510108],[-85.276287800237142,36.626157558818967],[-85.096127734328363,36.622483184012331],[-84.974868132217125,36.61458363175673],[-84.94394773540678,36.612569279770213],[-84.785399918842089,36.603375745928219],[-84.785340940369721,36.603372326011659],[-84.77845581352959,36.60321084086393],[-84.499938380811244,36.596678084458738],[-84.26132156633264,36.592741398439884],[-84.227332306328975,36.592180647136544],[-84.227194267974113,36.592179159273527],[-83.987841741205528,36.589599304819195],[-83.987610692299157,36.589591591207693],[-83.930760627226178,36.587693641520715],[-83.894420908873741,36.586480433986807],[-83.690714129013372,36.582580614505957],[-83.675413105578002,36.600813603950272],[-83.472093550105086,36.599475279782872],[-83.276299930383985,36.598186591970141],[-82.984458277710772,36.59528954077993],[-82.830432877575007,36.593760530931334],[-82.609181649555865,36.595089224382733],[-82.487237523524129,36.595821566283959],[-82.294135923495872,36.595072697761374],[-82.243384519954503,36.594875880389147],[-82.173981682880708,36.594606748683063],[-82.145573022283557,36.594560102476713],[-81.934144083238124,36.594212922322015],[-81.9226440685065,36.616212936118323],[-81.826734191059771,36.61471908723253],[-81.646898963171893,36.611915927298234],[-81.677535019568325,36.588117047347176],[-81.699962019866263,36.536829021366387],[-81.695311014706988,36.467912006950577],[-81.734312008523773,36.413341976303933],[-81.72537280755131,36.389738535292018],[-81.705965996748319,36.338495977588302],[-81.768977002077875,36.341041940564331],[-81.833202019108526,36.347338897762285],[-81.90813701374843,36.302012829864218],[-81.918444480072438,36.287357734222958],[-81.934369240117817,36.26471600048221],[-81.960100984394117,36.228130771046757],[-82.028739954080706,36.124321733357007],[-82.080142927287227,36.10571970815694],[-82.081148843939303,36.105691822006534],[-82.12714590491224,36.104416685385381],[-82.14084689833237,36.136215692298393],[-82.211250860481428,36.159011681254071],[-82.220252866422243,36.153819714859047],[-82.265689820018665,36.127613589240816],[-82.297654769535072,36.133509478344266],[-82.346856705531167,36.115208299559555],[-82.40945764629376,36.08340809347397],[-82.416937242063014,36.0729690840624],[-82.464557673882709,36.006506971263995],[-82.508007338755164,35.982012114367528],[-82.557873763019785,35.95389993169956],[-82.610884810509546,35.974440870967776],[-82.5955247483097,36.026010818362735],[-82.605703363455547,36.037197670650194],[-82.628364766819288,36.062103784619083],[-82.725064931160716,36.018202768473671],[-82.779396980585958,35.992509782217809],[-82.787465006546626,35.952161844304882],[-82.816130037341779,35.923984887853997],[-82.86072404263669,35.947428862258221],[-82.893751487283836,35.933856151886879],[-82.910608083043343,35.926928891129819],[-82.899718121351114,35.874600946932681],[-82.937437188736794,35.827318987834637],[-82.966649984859686,35.795444986449702],[-82.978414264629336,35.782609012694614],[-83.048530309012662,35.787704943198563],[-83.097193351302465,35.776065894267674],[-83.161537402100777,35.763361826715631],[-83.198267380630682,35.725492872600526],[-83.255351351662895,35.716228896030458],[-83.256141896767701,35.715122970389551],[-83.264744435986017,35.703088527240652],[-83.297154004261756,35.657749430073274],[-83.347261755439774,35.660473855983589],[-83.42157537709339,35.611186355696979],[-83.452430245168969,35.602918534696158],[-83.498334090189189,35.56298161516078],[-83.58782652192798,35.566963504303786],[-83.653158854016212,35.568309410137623],[-83.662911803652548,35.567800183532725],[-83.77173633448858,35.562118183419088],[-83.848502282517757,35.519258919401629],[-83.91680132772801,35.473611972814801],[-83.953231758034917,35.460020940608452],[-83.958918220103058,35.457899502527944],[-83.973171404518752,35.452582092469086],[-84.021782379519564,35.407418056925131],[-84.007586320146999,35.371661065980447],[-84.038081282311353,35.348362985570823],[-84.023510194760973,35.295782981748658],[-84.029104603079134,35.292123748152193],[-84.097508128779182,35.247381886215415],[-84.178516136967573,35.240678818701468],[-84.223718177703191,35.269077738037218],[-84.283220136918047,35.226576744723403],[-84.286598501977821,35.205757988262832],[-84.321869000274447,34.988408051535245],[-84.509052025991991,34.988033038690332],[-84.621483037448073,34.988329032455489],[-84.727434048818125,34.988020027127931],[-84.77583774659746,34.987937237081823],[-84.810477574466034,34.987877992812443],[-84.861314154950705,34.987791047335733],[-84.976974069747044,34.987219907111296],[-84.979854291080471,34.987205684288526],[-85.045183285517169,34.986883065366918],[-85.265055294926796,34.985077670319178],[-85.277556259594789,34.984975025090975],[-85.363919195357127,34.983376585731186],[-85.384967143740809,34.982987021991001],[-85.474338888241221,34.983673343995605],[-85.605165015773323,34.984678002210003],[-85.873028627789338,34.98711331087403],[-86.311274006644084,34.991097857952724],[-86.318760772236558,34.991078443996635],[-86.467798009362568,34.990691974949605],[-86.783628448056419,34.991924578915238],[-86.783648430874351,34.99192465689206],[-86.836286712744197,34.992802577945078],[-87.210758859508047,34.999048604931076],[-87.216683279248727,34.999147427072153],[-87.22405392076908,34.999230173005245],[-87.424909277875912,35.001484975691035],[-87.606098237604726,35.003518994795556],[-87.625025385879226,35.003731470704452],[-87.851886490160894,35.005655599294073],[-87.984916532235346,35.005909873632255],[-88.000032488309586,35.005938766348514],[-88.202959310069176,35.008027943315057],[-88.200064314290202,34.99563395700627],[-88.258111260424357,34.995462999238654],[-88.363530393821861,34.995746732094823],[-88.380492615082986,34.995792385536859],[-88.469876989200159,34.996032961891963],[-88.786611868530912,34.995251888399821],[-88.823050380179183,34.995206928783837],[-89.017126930996028,34.99496739881203],[-89.026539915191535,34.994955746983862],[-89.198287738592711,34.994449565688527],[-89.352679049630495,34.993994853391271],[-89.434953533173001,34.99375262373799],[-89.644051182311145,34.994064950430648],[-89.706607007010859,34.994158346551629],[-89.724321829114217,34.994184794805221],[-89.795186466899423,34.994290853785103],[-90.309297368637033,34.995692170374035],[-90.30069732494718,35.02879136410224]]]}},
{"type":"Feature","properties":{"STUSPS":"LA","NAME":"Louisiana"},"geometry":{"type":"Polygon","coordinates":[[[-94.043052665736127,32.693028772132259],[-94.043026814874779,32.797475155576997],[-94.043003113163607,32.881088481335674],[-94.042966999424166,33.019216796781627],[-93.8146011086003,33.019386297292769],[-93.807128261237082,33.019391847081465],[-93.723276069807326,33.019454147247139],[-93.520995572405795,33.018739271131416],[-93.490561175807386,33.018631711437855],[-93.377136945035033,33.018230838036366],[-93.238649632590992,33.018012648654611],[-93.197404805072338,33.017947698147267],[-92.988778786892269,33.01724781972532],[-92.971139715121367,33.017188633469431],[-92.724745666494968,33.014338192549964],[-92.723555492096693,33.014324424883306],[-92.501385264651844,33.012156426596491],[-92.222825600862564,33.009079327232641],[-92.069015653719788,33.008480590785837],[-92.068929018495524,33.00848025353941],[-91.875128966580405,33.007725848344869],[-91.489177413716774,33.00617843602636],[-91.460377740629383,33.00599341884184],[-91.435932327149075,33.005836374748014],[-91.264566187881513,33.004735473995382],[-91.166075019590991,33.0041026567825],[-91.134415944646207,32.980529636417579],[-91.072076803216575,32.93782862555782],[-91.070603775240045,32.88865561139945],[-91.137891855716632,32.848971566802199],[-91.161670862143268,32.812461532831875],[-91.157615827804747,32.776029513575644],[-91.113653740441222,32.739966539854166],[-91.057000657531844,32.725576590318717],[-91.098763647253747,32.685287577156501],[-91.079507517782631,32.600676623724688],[-91.055410759438686,32.579084244980493],[-91.049313466829545,32.573620643808965],[-91.048761893322805,32.572793684655068],[-91.011276387485125,32.516592666636669],[-91.060517396378543,32.512357661698609],[-91.052908287533384,32.438438672536911],[-90.965987276538442,32.424802636638368],[-90.986673182290687,32.351756669374772],[-90.921171183301155,32.342069593076836],[-90.947835106503419,32.283482631644745],[-90.99122802461342,32.21465865177381],[-91.108509938145559,32.208146664162427],[-91.039473233969886,32.107964722415566],[-91.034707911990694,32.101049571984298],[-91.079108863093396,32.050251561090505],[-91.080808846478803,32.023452545310853],[-91.117409843759205,31.987053537584497],[-91.177410853480083,31.973253559059426],[-91.181110916699041,31.920055451339454],[-91.234899961838352,31.876859390405027],[-91.244016130551728,31.869728816771534],[-91.290136103478019,31.833654244330312],[-91.34571521589163,31.842857188897725],[-91.359515320629257,31.799358062042074],[-91.32046003325037,31.747796614463645],[-91.318577295348661,31.745311001820664],[-91.38012597713103,31.732622863843808],[-91.38091644895654,31.732459909726373],[-91.395716403603714,31.644160919486822],[-91.463818441810048,31.620360909440127],[-91.457518377973585,31.587561942666557],[-91.43761730727509,31.546161973029729],[-91.489619273385756,31.534262012985671],[-91.517141163196712,31.498390041369031],[-91.510357203790306,31.438923987620903],[-91.53233719736302,31.390270897985577],[-91.53606222018395,31.338350832133425],[-91.508859280005154,31.291639834384995],[-91.564193227102749,31.26162868401023],[-91.621359152790689,31.267806570182156],[-91.6443571592431,31.234409472120813],[-91.59005227944202,31.193688522867902],[-91.590995173760945,31.191994083946945],[-91.621672324127516,31.136865372933482],[-91.594694414632357,31.09143935078848],[-91.560366503499765,31.049503339272405],[-91.62825880308759,31.005092165571853],[-91.636943504427819,30.999411142639079],[-91.224069382493809,30.999178288764149],[-91.17614145554829,30.999219489920424],[-91.060128676449111,30.999319220148191],[-90.825830251062015,30.999520662235945],[-90.758776096330038,30.999578315883198],[-90.567196507379165,30.999940515805072],[-90.54757553325868,30.999977611906289],[-90.347305732325083,31.000356273122506],[-90.34600811086905,31.000358726655442],[-90.259556050918249,31.000657603946522],[-89.89751684526891,31.001908846103177],[-89.835908653598992,31.002097259486369],[-89.728147798731101,31.002426813404291],[-89.728176489023653,31.002309701394953],[-89.750073862178255,30.912925951638876],[-89.791745902167406,30.820383078642323],[-89.83633190194773,30.727193177020162],[-89.826181261894504,30.668819496388213],[-89.82186890488768,30.644020246377142],[-89.79166494479594,30.551520317775015],[-89.712494084055109,30.477506287485514],[-89.69993319123914,30.45403314501872],[-89.678515148329268,30.41400823750055],[-89.634209230208697,30.308252239722471],[-89.607656217213332,30.217092304843341],[-89.524505276364565,30.180749435152446],[-89.605089552127012,30.142810519537665],[-89.656986961588188,30.118377303128231],[-89.683712824470774,30.076014282510563],[-89.78253459948597,30.045368125578356],[-89.845065526087652,30.018405986631223],[-89.845297642327481,30.016377824220566],[-89.852582804113169,29.952717035584122],[-89.795968608010639,29.933999230488467],[-89.74427147141445,29.917643450794372],[-89.701724434526113,29.874081932763051],[-89.647063392301192,29.863599386335363],[-89.598128371486212,29.881406776698253],[-89.574424443795181,29.983736054724986],[-89.494065176422268,30.04096862557596],[-89.444619363450059,30.06095563046085],[-89.342164702981208,30.05916869327638],[-89.303027869435653,30.091566623454092],[-89.23317016482649,30.134953533238725],[-89.183258388944893,30.149340594017527],[-89.185801287501349,30.063930906660506],[-89.21567476804239,29.99352278542236],[-89.231177604384172,29.925483561609088],[-89.236297499230801,29.87708041312511],[-89.293250313012464,29.803052027900357],[-89.271033233901377,29.756353964149046],[-89.399161217337323,29.770590617230805],[-89.40395492718757,29.681806525609183],[-89.465560804973677,29.651736314853974],[-89.500965487418554,29.63345361254903],[-89.504736730049288,29.631506169536657],[-89.535200817610246,29.648565039732386],[-89.602107720226741,29.610292737629464],[-89.564613437402528,29.543783889259309],[-89.569605243894472,29.494041859804948],[-89.532147968463974,29.434564938013374],[-89.482315833312541,29.406220083459313],[-89.379998776120971,29.391783433952792],[-89.312082764560017,29.388036671871443],[-89.257849558441166,29.336870803096467],[-89.200386591007458,29.344416995088171],[-89.134334305992851,29.279339122996596],[-89.116650042799705,29.219531151287299],[-89.025971012051954,29.215152430253173],[-89.014276819238603,29.166912468812491],[-89.066613504691148,29.090713326535365],[-89.116526421887585,29.074096191246269],[-89.148788218687329,29.029669117117006],[-89.142862062906588,28.991622137342009],[-89.218669156654769,29.022513933846586],[-89.259350310465123,29.05835679731333],[-89.322007093344396,29.010249597324815],[-89.400961811888507,28.933810297181477],[-89.403526131922732,29.016962299970693],[-89.361094375046349,29.071846427101899],[-89.390511606403706,29.123574298902454],[-89.432928715957317,29.149021138577019],[-89.482840997043184,29.215050938143797],[-89.564548131645012,29.242524671473557],[-89.60664818688295,29.252020543161862],[-89.639660367754672,29.290528469468871],[-89.726159455488428,29.304023206143118],[-89.842638530195998,29.318819763400125],[-89.883460478309829,29.307099594371909],[-89.902703739514024,29.293033118717396],[-89.956457239245239,29.253740285383607],[-90.058508959307773,29.183682981546372],[-90.089832335642697,29.164471257668438],[-90.122749814018889,29.144281811113746],[-90.22358361213773,29.085070503354281],[-90.334931574412238,29.063798236154867],[-90.409613833774102,29.058428944305348],[-90.442730588067121,29.056048010699701],[-90.488113615616399,29.058754919590729],[-90.652112661908603,29.057715338933718],[-90.748373634342002,29.040053986253831],[-90.812546753654757,29.04213178331991],[-90.867849898000827,29.056057613822269],[-90.877580074182262,29.104884601602347],[-90.941874380069649,29.162366439636639],[-91.000093511792528,29.169474278469991],[-91.094013105302182,29.187704010381875],[-91.158146603812995,29.218092847228135],[-91.278791375947179,29.247768577953689],[-91.334884781072859,29.29876776130223],[-91.276646719100782,29.329817910140051],[-91.265451806302082,29.360969031781146],[-91.266322482093372,29.361356767121531],[-91.334051228169201,29.39151821901353],[-91.36396750805811,29.420657404640757],[-91.347514550608466,29.444431503480811],[-91.394308068914953,29.497108891194951],[-91.4609642636632,29.469954874699216],[-91.485591579685675,29.499110134922063],[-91.531022701885988,29.531537043884821],[-91.537446739253241,29.565882015449226],[-91.541975770250502,29.594346996459748],[-91.600180820953867,29.631149784481671],[-91.643833829060199,29.63061862646779],[-91.62383090085838,29.699233722152101],[-91.667129963468881,29.745815604747083],[-91.737254985675719,29.749363392039765],[-91.808144035657946,29.725090516815413],[-91.853072113771134,29.702929637074334],[-91.862559165843592,29.66738909237294],[-91.873268248353227,29.627270617949133],[-91.803732018834992,29.59594537289367],[-91.711082772011764,29.569321337330386],[-91.768264756771828,29.490355123100063],[-91.821580986437752,29.473918181933481],[-91.915323620735734,29.518506621154128],[-92.030188959441176,29.572662949681611],[-92.042897280456756,29.577474250708416],[-92.064516005077323,29.58565898338972],[-92.158627288546924,29.581610018226847],[-92.251863751236357,29.539347959170215],[-92.323469171098253,29.531490876462236],[-92.409864583767103,29.547470787324375],[-92.473589898891191,29.561074685344717],[-92.56804353566433,29.577390981862411],[-92.616087388168097,29.588779955215649],[-92.684492488191552,29.604995669779189],[-92.87999827201044,29.680279319455295],[-92.993133396782667,29.723839434310829],[-93.088187069589367,29.749118255067597],[-93.176934711223893,29.770480125267522],[-93.295577500011788,29.775064075309274],[-93.411091590555927,29.767350193611506],[-93.538466574632054,29.763292372342704],[-93.741952199107189,29.736336811339243],[-93.799254227211435,29.715253736567909],[-93.837975282344217,29.690612652415751],[-93.863208208865686,29.724052679450573],[-93.8908251674425,29.761666732219702],[-93.929212263235627,29.802945856839383],[-93.872450265892169,29.851644066026235],[-93.852314116524681,29.872085143187292],[-93.830378206798017,29.894353209657663],[-93.807819148005109,29.954543382027509],[-93.741081853402775,30.021565568740861],[-93.706187326518233,30.052308970536341],[-93.703943753151563,30.054285643014889],[-93.702439633114338,30.112716068127988],[-93.703767513741667,30.173931526000818],[-93.713362448305915,30.225256943814642],[-93.711065575278084,30.243966788074012],[-93.707193272265926,30.275509157365896],[-93.760331195876063,30.329920471490354],[-93.745335854055739,30.397018662286985],[-93.738175814439728,30.402543686242161],[-93.702667636384035,30.429943465060497],[-93.710119345581901,30.506396725673017],[-93.729197258844607,30.544839191252645],[-93.684331187264732,30.592583259634743],[-93.685123129648517,30.625198543521883],[-93.629906164830373,30.679937643113771],[-93.617690153629752,30.738477087586915],[-93.569304951819177,30.802966934119485],[-93.558618518972722,30.869421919115066],[-93.554577324717641,30.877467401540351],[-93.530937169404694,30.924531784125147],[-93.549841844913743,30.967115938381315],[-93.539526617629946,31.008495911510835],[-93.531219638639627,31.051675933618206],[-93.540278652548224,31.128866133760955],[-93.535097683380684,31.185612199130716],[-93.552497942967392,31.184818345636906],[-93.60060359228099,31.182623617195876],[-93.602443499981106,31.182539674907101],[-93.613942451693262,31.259373841484738],[-93.67544027767822,31.301039141030355],[-93.668146440707488,31.375101760855394],[-93.697603285921261,31.428407894395853],[-93.749475834479981,31.468689448119306],[-93.725925073591412,31.504091032742657],[-93.787686867719131,31.527343318930225],[-93.834923980675242,31.586210153946652],[-93.816838118430752,31.622507960358607],[-93.803419385931747,31.700684584198381],[-93.85339043677655,31.805465484237207],[-93.8782522938575,31.844275109220071],[-93.909557354214783,31.893142664677299],[-93.977461202540979,31.926418011703305],[-94.02942852252238,31.979686222532006],[-94.041833095075603,31.992401307725196],[-94.042681835308869,32.137954905500848],[-94.042697083894097,32.196063708947953],[-94.042740514844979,32.363557422899973],[-94.042789768281807,32.392281577981464],[-94.043084453815467,32.564259426662836],[-94.043052665736127,32.693028772132259]]]}},
{"type":"Feature","properties":{"STUSPS":"NY","NAME":"New York"},"geometry":{"type":"MultiPolygon","coordinates":[[[[-72.018924743839705,41.274114006143911],[-71.926801046068633,41.290122202210767],[-71.91727992851628,41.251333180313964],[-72.034752632282007,41.234817976844596],[-72.018924743839705,41.274114006143911]]],[[[-79.761954193198591,42.269857695664577],[-79.627486712982432,42.324685118957902],[-79.453535842492528,42.411157694667168],[-79.381946349949359,42.46649195388067],[-79.283367532767102,42.511229004361866],[-79.193234726307168,42.545881327499259],[-79.138571102307026,42.564461793912095],[-79.135946481608528,42.569178470686552],[-79.111362869653036,42.613357463225086],[-79.063761451562101,42.644757028016166],[-79.048861430184346,42.689156858728261],[-78.97237906079647,42.715989463649677],[-78.904844063483438,42.746119412731161],[-78.851355937074644,42.791756375827489],[-78.856885920006761,42.805290375110843],[-78.865656912173733,42.82675637367344],[-78.882557881613806,42.867256368759712],[-78.912458894876167,42.886555370438515],[-78.909159825442657,42.933255354720487],[-78.927957820488416,42.952920350200785],[-78.961761853686667,42.957754351343894],[-79.019964948701514,42.994754422643922],[-79.005450752220483,43.057229359690311],[-79.018246797797644,43.066014409842182],[-79.019578688629252,43.066294882895335],[-79.074468044126178,43.077853623770082],[-79.06020686831269,43.124797556043632],[-79.05527930934862,43.133763417401696],[-79.044567735929391,43.153253495594406],[-79.052868617758364,43.222052506871506],[-79.070469608696158,43.262452555267132],[-78.834061397339156,43.317553372820669],[-78.54739538318988,43.369539246380256],[-78.465551604395145,43.370893608402028],[-78.329374538653369,43.373147074864953],[-78.14519549225912,43.375507996469295],[-77.995590121859422,43.365308237717315],[-77.99483832691152,43.365256981989596],[-77.81653332003404,43.343557979898549],[-77.7602313196805,43.341158976934061],[-77.660359318563437,43.282995827852972],[-77.551022343090949,43.235760599702111],[-77.500920327173603,43.250360467248839],[-77.376052864565779,43.27403096092722],[-77.341093015257215,43.280658128864339],[-77.264178332282711,43.277359957205427],[-77.130430512423956,43.285632384424638],[-76.999692648375998,43.271453859925565],[-76.952175605228391,43.27068994692393],[-76.841676509119196,43.305397173996667],[-76.769026449113028,43.318450319212303],[-76.722003967375969,43.337578576537801],[-76.684857356873664,43.352689409052722],[-76.630775295883296,43.413354494402078],[-76.617215011202262,43.420174063756278],[-76.515883145102464,43.471134633585606],[-76.417582024389759,43.52128376684572],[-76.3688499712284,43.525820797818746],[-76.319701917883108,43.512273804212029],[-76.235834833369012,43.529254858537662],[-76.203473814332241,43.574976896544896],[-76.196596820092225,43.649759954313581],[-76.201483378279491,43.680284940861789],[-76.213205861933901,43.753512050213352],[-76.229268933448282,43.804134142746008],[-76.296759010483129,43.857078292298567],[-76.361037992532417,43.872584370502224],[-76.441848952545172,43.882863455355483],[-76.412138969539583,43.925675522823532],[-76.279315122677389,43.972461488154408],[-76.307675189962737,44.025276569814402],[-76.375561110154976,44.03153563788689],[-76.361837250699864,44.072720620786797],[-76.370707316279024,44.1004986258137],[-76.355680439419686,44.133257611202218],[-76.334585575938547,44.164944595048581],[-76.286548800023468,44.203772567211502],[-76.206778515701814,44.214542424048041],[-76.164266142767346,44.239602303062675],[-76.16183412691889,44.280776117081707],[-76.097351525496393,44.299545807054585],[-76.000997783822655,44.347532200598479],[-75.949539768685526,44.349127194116193],[-75.861341391477083,44.405145331030646],[-75.834125821780262,44.422430997600991],[-75.807777826945028,44.471641926638355],[-75.766229761383926,44.515848959444313],[-75.567412617905106,44.658707026191571],[-75.42394239427783,44.756327167502199],[-75.333743361965105,44.806376097855079],[-75.255516378789522,44.857649096174939],[-75.14295742097238,44.900235515317938],[-75.066244367619845,44.930172955041989],[-75.005154264920137,44.958401417713901],[-74.992755194624152,44.977448646321704],[-74.90795491549973,44.983359577272559],[-74.834670020364825,45.014680935488968],[-74.744642594991547,44.990575636544946],[-74.725815887785231,44.991791210256586],[-74.644741062364659,44.99702587493158],[-74.611049301945044,44.999201149041049],[-74.436934350327618,44.996174811754564],[-74.23413623798352,44.992146022995385],[-74.027431507218395,44.997363484131135],[-73.874597260947553,45.00122095776387],[-73.639718525410913,45.003462113492688],[-73.343123771268594,45.010837772590428],[-73.344740058745202,44.970465813650947],[-73.338979176039544,44.917678355518952],[-73.379822154405105,44.857034156722541],[-73.365678251053367,44.826447831194166],[-73.334430446341855,44.802184324532824],[-73.357671411838822,44.751014190822382],[-73.365560298700416,44.700293632867144],[-73.38996606305804,44.61961740403261],[-73.367275119971239,44.567542559833605],[-73.363660286142078,44.563536025729242],[-73.347983418276485,44.54616044124375],[-73.312871288523851,44.507243715542728],[-73.293613179644339,44.440556699888667],[-73.320953928139076,44.382666806511757],[-73.334636827623314,44.356874852691853],[-73.324228729547414,44.31002081156263],[-73.317455589250173,44.263519977225805],[-73.31661759971557,44.257766784636985],[-73.349888466119751,44.230353850201503],[-73.395398133783431,44.166900853811811],[-73.416317791826188,44.099419760058666],[-73.436878489727178,44.042575663943325],[-73.405975394600517,44.011482574664406],[-73.411246349481203,43.975593635259806],[-73.407740390347996,43.929884782073877],[-73.374049499952008,43.875560924477256],[-73.390300512399278,43.817369127144318],[-73.38252468600173,43.80815713507701],[-73.350705637686517,43.770461220099726],[-73.361105780558049,43.75323174542941],[-73.393721696613042,43.69919850605595],[-73.414544782985644,43.658207666633281],[-73.424975953631943,43.59877386953562],[-73.395766055340829,43.568085918488087],[-73.327700955730705,43.625911629908458],[-73.292112053491039,43.584507700145501],[-73.242041143077444,43.534923778028897],[-73.252831621961619,43.363492044307137],[-73.255364725655639,43.314535557068631],[-73.269780006191567,43.035922593343919],[-73.273832755961266,42.943631422901632],[-73.27849166917818,42.837535490280629],[-73.27867284207818,42.833409701635802],[-73.290943821128593,42.801919709437094],[-73.264956740013105,42.745939721083431],[-73.35252657230285,42.51000175827884],[-73.508142519493362,42.08625691615709],[-73.489680495126933,42.053797574060781],[-73.487314554167639,42.049637857643262],[-73.505008205053016,41.823772712925667],[-73.517918672945271,41.666720243919649],[-73.520016856925665,41.641196714008146],[-73.521833914596243,41.619747745774156],[-73.529677461369587,41.527160734941766],[-73.536968730811552,41.441093667949055],[-73.543147090318044,41.376770289363357],[-73.544135037322405,41.366484700277759],[-73.550960765836749,41.295421564505432],[-73.482708731471504,41.212759587574929],[-73.727774996775395,41.100695748488839],[-73.706028508995573,41.07429771115622],[-73.659532982343762,41.017856866440383],[-73.659361987308614,41.004033880481906],[-73.657335993071797,40.985170865564626],[-73.697974040193927,40.93959749568846],[-73.756776097673111,40.912598378037828],[-73.76627611373388,40.88109835406302],[-73.741197380374672,40.875853924718179],[-73.713674105294487,40.870098356645791],[-73.654372025778088,40.878198443793941],[-73.617570979778662,40.897897539595618],[-73.499940870010377,40.918165783894047],[-73.497350912458245,40.92318206988076],[-73.485364888944545,40.946396853451056],[-73.43666386477986,40.934896701423192],[-73.429631219105374,40.938172024921087],[-73.392861852294345,40.955296664608241],[-73.3313598337554,40.929596447463226],[-73.229284787302234,40.90512017985403],[-73.148993567607775,40.928897115093598],[-73.144672523739516,40.955841162522304],[-73.110367417684017,40.971937140242403],[-73.040444253019885,40.964497016658697],[-72.859830101385782,40.966086951094908],[-72.708068035619107,40.977850031615191],[-72.58532597317101,40.997586446421536],[-72.504303937589768,41.043328485591104],[-72.445240887224912,41.086115578134489],[-72.389807833065817,41.108303636531708],[-72.354121844128173,41.139951675820619],[-72.291107799167321,41.155873712796797],[-72.18916176506319,41.19354881146247],[-72.182031713844708,41.178344825980972],[-72.254702626945871,41.110851730826113],[-72.283091558748382,41.067873706349602],[-72.217474384090892,41.040610801431804],[-72.162896357344209,41.053186904446584],[-72.126702473794211,41.115138939026352],[-72.084205386219168,41.101524019956756],[-72.095709283670487,41.054020033467758],[-72.05192615541884,41.020506147559445],[-71.959593272083168,41.071237293758806],[-71.919383360412979,41.080517377317186],[-71.856212418435021,41.070598537977347],[-71.936975106453644,41.00613742375883],[-72.097367075302529,40.958880031308638],[-72.298725267981979,40.903150535201206],[-72.3958484345508,40.866659312219809],[-72.75717491883367,40.764369619635872],[-72.80781481398283,40.748788008766915],[-72.923213330438386,40.713280576180786],[-73.012544578295149,40.67964956065471],[-73.208440061734862,40.630882683823458],[-73.306396141828159,40.620754795581192],[-73.351465103465742,40.630498874503083],[-73.424115225501723,40.613210892495623],[-73.484868509837398,40.598753914882053],[-73.507325131306331,40.593410086581407],[-73.640902280820256,40.582822158084227],[-73.750622098204744,40.589318987290092],[-73.774928349109786,40.590758272775332],[-73.825494311894488,40.576148974378675],[-73.940591343152661,40.54289578647537],[-73.973792028729051,40.560854507148832],[-73.991346213203798,40.57034981484933],[-74.036557836846356,40.588988220837535],[-74.037970705628013,40.589570673215647],[-74.057316170590738,40.597545806659092],[-74.112585404500649,40.54760285273025],[-74.199923687818767,40.511728788452075],[-74.260611762737938,40.502435727647871],[-74.249211588481842,40.545063815722045],[-74.216839478812929,40.558617845115577],[-74.203688296887734,40.592690889647606],[-74.203668896527887,40.59320527585777],[-74.2022471089834,40.630902937208596],[-74.200186166584956,40.631840116428819],[-74.170611033013358,40.645288910636154],[-74.160146810814425,40.646076412710897],[-74.086805995206959,40.651595787748512],[-74.07109053931265,40.667063240298802],[-74.067720259232232,40.67038033408857],[-74.047312866701404,40.690465675243111],[-74.047039888917055,40.691004111624899],[-74.029474302975061,40.725651441455874],[-74.019508743857642,40.745308062048949],[-74.013783708847129,40.756600502180468],[-73.984585517663191,40.797552271088229],[-73.97121093739473,40.81631072642147],[-73.968081762604626,40.820699535791434],[-73.965406766987201,40.825514289055839],[-73.964968548689612,40.826303042856729],[-73.953214835128279,40.847458676882546],[-73.945015428661932,40.862216874944025],[-73.938080797128947,40.874698590750221],[-73.934892028603599,40.882649462824801],[-73.920484209056895,40.918573902644361],[-73.907279827079876,40.951497689480334],[-73.893978837147813,40.9971967572775],[-74.041053669606612,41.059087953081864],[-74.211617139694695,41.132981312220096],[-74.234472475367824,41.142882942263839],[-74.234491915904599,41.142891496608222],[-74.301993559077602,41.172593813436059],[-74.367037957145044,41.204211098226452],[-74.457583911782265,41.248224315007654],[-74.694913973837743,41.357422495646496],[-74.73489295548238,41.425817479976828],[-74.756271808924467,41.427626936804224],[-74.799546050099153,41.43128959256159],[-74.890358249241046,41.455323778844352],[-74.982463579771078,41.496467041650781],[-75.043879706755533,41.575094082420954],[-75.046199153992077,41.603763967151849],[-75.049281327499955,41.641861761931139],[-75.053430637788878,41.752537189804009],[-75.074411577189906,41.802190144524644],[-75.113368515334827,41.840697110214435],[-75.145292665197346,41.849736629490131],[-75.190202448844516,41.86245310227487],[-75.263004379418689,41.885108045594855],[-75.291761258898617,41.947090807020587],[-75.341124172069058,41.992770584597238],[-75.359930250583488,41.99368791760778],[-75.477143182761949,41.999405388898957],[-75.483139400435448,41.999396559274473],[-75.870676519434383,41.998826520766052],[-76.105839768891869,41.998856736136382],[-76.145518827621871,41.998865318610214],[-76.462154776321952,41.998933423944699],[-76.557698586379999,42.000148892605715],[-76.558117865178247,42.000154225596567],[-76.92692630834317,42.000722199556535],[-76.965792648670671,42.000782161697373],[-77.007636270779713,42.000846725721658],[-77.610020625719741,41.999149572689596],[-77.749932442945507,41.998755253618292],[-77.832030510936036,41.998523697578833],[-78.031178075966309,41.999414454543263],[-78.206379980971832,41.99908819338745],[-78.27120483367824,41.998967450708257],[-78.308145172470475,41.999070586656615],[-78.596650706764464,41.999876288297969],[-78.918898719355667,41.99910273071719],[-78.983065294009009,41.998948702108336],[-79.061258465604794,41.998837839383725],[-79.472472761304402,41.998253817769623],[-79.610836722589113,41.998518813609465],[-79.761314104608303,41.998807144767909],[-79.762124160427561,42.131244294628303],[-79.761954193198591,42.269857695664577]]]]}},
{"type":"Feature","properties":{"STUSPS":"ID","NAME":"Idaho"},"geometry":{"type":"Polygon","coordinates":[[[-117.243026625101393,44.390973996099511],[-117.21507175215369,44.427162150359507],[-117.225931762103883,44.479389192863771],[-117.167186895164605,44.523431138787707],[-117.142929972233347,44.55723609726666],[-117.094968090541528,44.652011018122479],[-117.06227311318365,44.727142978518494],[-117.013802050989241,44.756840965207552],[-116.931800104860542,44.7871809277841],[-116.889295344802804,44.840529653326563],[-116.865338184345944,44.870598845946304],[-116.833632218818522,44.928975792066566],[-116.858313212340548,44.97876075312417],[-116.841314283686359,45.030906728538383],[-116.7837103742593,45.076971721840096],[-116.783128638686037,45.077712226809219],[-116.754643425703762,45.113971721442169],[-116.696047582509919,45.254678733979972],[-116.690916849823751,45.268983873558597],[-116.674648630232383,45.314341739805208],[-116.58819564398371,45.442919746861136],[-116.502756474485892,45.566607741187873],[-116.463504421370516,45.615784757451287],[-116.528272352107081,45.681472737850235],[-116.535698282080659,45.734230736657459],[-116.59300427204937,45.778540706225478],[-116.665344252608307,45.781997701722879],[-116.736268292064196,45.826178633264533],[-116.787520396011885,45.840203540496631],[-116.799204964299491,45.851044936655107],[-116.859795564495244,45.90726329176448],[-116.886843586104163,45.958616149117567],[-116.915989582314907,45.995412024553353],[-116.942656645589295,46.060998835584989],[-116.981962676341894,46.084913716473714],[-116.935473724813463,46.14244667897124],[-116.923958751607742,46.170918636703639],[-116.962966784278152,46.19967852127607],[-116.964379843564132,46.253280418007094],[-116.997261010004195,46.303149368519719],[-117.062749257085201,46.353622308363533],[-117.035546391272973,46.410010314542184],[-117.036647188588063,46.426098791958751],[-117.039772577344422,46.471777293996837],[-117.039779339589089,46.541707312433708],[-117.039835438815103,47.127267074261944],[-117.039838056671798,47.154732066618621],[-117.040161841512372,47.259270025383216],[-117.040492686716235,47.366027054552497],[-117.041637232527407,47.735298025053297],[-117.041310016882491,47.977454229761435],[-117.041217551620321,48.045463526816235],[-117.041109222591984,48.124902567983774],[-117.03528913511947,48.422731353733241],[-117.033671038206379,48.656901688131427],[-117.032939796437631,48.846667454754105],[-117.032352700533863,48.9991859952599],[-116.757236291947137,48.999941418093385],[-116.417505729185606,49.000097504213251],[-116.049195034898304,49.000909671521811],[-116.049155577975029,48.502039219777757],[-116.049154185958727,48.481243695288484],[-116.048948376875884,48.309843354895904],[-116.048930210731697,48.216124427246548],[-116.048912419833684,48.124927134143356],[-116.049155046471085,47.999921031757133],[-116.038567902924072,47.984632340056208],[-116.030753094582352,47.973347122698357],[-115.959947971668441,47.898140324371191],[-115.900935908659847,47.843062466964724],[-115.845475867479664,47.814965519436058],[-115.835367382545328,47.760955796548167],[-115.723772304735462,47.696669823877066],[-115.736272395739164,47.654760888576043],[-115.694286341613847,47.623458886028843],[-115.721209466537914,47.576321974183323],[-115.717026525497658,47.532692022812583],[-115.634686527568434,47.481758915887767],[-115.692932492628941,47.457235998056412],[-115.710342425367799,47.417782999830571],[-115.578621287257775,47.367005818273654],[-115.53197316024162,47.314119773821233],[-115.470961113587862,47.284871708223179],[-115.371827174813816,47.26521155442903],[-115.326905202067024,47.255910482820738],[-115.2921119856383,47.209859410830695],[-115.255787815381851,47.174723327853052],[-115.189452672131864,47.131030144447969],[-115.120918350484303,47.061234917298883],[-115.071255171808829,47.022080749820894],[-115.03165193985491,46.971545590521714],[-114.961423698751219,46.932891240593129],[-114.927432700515794,46.914182256251124],[-114.943281452810652,46.867968251161578],[-114.880588140562466,46.811788026084812],[-114.790039924852081,46.778725747425312],[-114.767179783006426,46.738824665388755],[-114.699007824716517,46.740219417298327],[-114.676827033315021,46.731835088721567],[-114.626694958284787,46.712885217071673],[-114.621483075620006,46.658139372474743],[-114.59111609077253,46.652546795251688],[-114.54732109772344,46.644481241782671],[-114.453239265784006,46.64926221412837],[-114.360709628277874,46.669055301098801],[-114.335725647732133,46.655269413399466],[-114.320665759517922,46.646959536363354],[-114.331338642924678,46.577777973510798],[-114.351655519346295,46.508116366387085],[-114.40301940062578,46.49867224314179],[-114.384756520591765,46.411782027626685],[-114.422458414471947,46.387095045908012],[-114.431708413964799,46.310742590167123],[-114.441326384304006,46.273798815736079],[-114.449819303890806,46.23711802547308],[-114.445928113311098,46.173932464547427],[-114.514705678315337,46.167725036402622],[-114.521299456698117,46.125286252921349],[-114.460048671401637,46.09710384924697],[-114.48024006280707,46.030325089937129],[-114.441184684019987,45.988453650932605],[-114.402261488265879,45.961490006385546],[-114.413168547526354,45.911479903747214],[-114.388244014751706,45.882341091299011],[-114.422963698564601,45.855381826727992],[-114.517142990508418,45.835993217769747],[-114.562509527397708,45.7799271019081],[-114.5048698401839,45.722176347053953],[-114.499638157678092,45.669035297663328],[-114.535771275682293,45.650613151747692],[-114.538133524647449,45.60683409824194],[-114.523774696349676,45.58532662388226],[-114.506342812828976,45.559216134410086],[-114.456766047544278,45.54398326807614],[-114.368522466420941,45.492716412702826],[-114.279219646641039,45.480616620143415],[-114.251838713754253,45.537812889528425],[-114.186472529547601,45.545539995652184],[-114.083151016744665,45.603997315213995],[-114.01497451017903,45.654009538070163],[-114.015634310400344,45.69612867739594],[-113.971566174409631,45.700637648652588],[-113.948322725545196,45.682578916938731],[-113.898884386964042,45.644168397348558],[-113.861405451449968,45.623661317891653],[-113.806730502053526,45.602147241763902],[-113.802850889314755,45.523160152521498],[-113.759987894301219,45.480736098385407],[-113.763369728917326,45.427732968782536],[-113.73239152192761,45.385058852271868],[-113.735602339138737,45.325265717110035],[-113.650065006140409,45.234710474789026],[-113.574670878596422,45.128411439351581],[-113.510819819613559,45.099902443844734],[-113.451970779309406,45.059247434831519],[-113.43772675084999,45.006967447378692],[-113.448958709864556,44.953544511113179],[-113.474573677124823,44.910846578955663],[-113.422376605207546,44.842595616483337],[-113.377153593728409,44.834858589766348],[-113.301508562699667,44.798985569208376],[-113.247166580541872,44.822950499779175],[-113.131387892530199,44.764738437859165],[-113.101155080947493,44.708578519709548],[-113.049350395565781,44.62938061842069],[-113.061072465985944,44.577329751751471],[-113.006829732256179,44.518439750179596],[-113.00684778133558,44.471715818692857],[-112.951148466839044,44.416699820242549],[-112.881771568883565,44.380315819944229],[-112.826829702600932,44.405203179526431],[-112.821898845250956,44.407436741367306],[-112.828193959144741,44.442472700374303],[-112.735087489403398,44.499159593068711],[-112.7078184904734,44.503023617648878],[-112.601866489805545,44.491015750405893],[-112.473210423258863,44.480027830277727],[-112.387392174093847,44.448058721563434],[-112.358920190112059,44.528847545469894],[-112.286190174273358,44.568472237311482],[-112.221700928718718,44.543519074586456],[-112.12510345086659,44.528526332393511],[-112.034135238792928,44.537714564572418],[-111.870506451508618,44.56403082304476],[-111.807915708502776,44.511712659217906],[-111.704220511132064,44.560202242645396],[-111.617109995030859,44.557124316616722],[-111.562817249859648,44.555205958721764],[-111.51912958768844,44.582913567232993],[-111.468836965768645,44.679335171331964],[-111.456951245019496,44.695641368248268],[-111.438797077244729,44.720547274732908],[-111.385009136480491,44.755130087387677],[-111.37714237834102,44.751198557188346],[-111.32367311161471,44.724476146821601],[-111.268754082958665,44.668281172492357],[-111.224165009206502,44.623404025890281],[-111.201462890594939,44.575697580449194],[-111.143560615888305,44.535732799045562],[-111.122657489363505,44.493659264333751],[-111.048977715380161,44.474069101005746],[-111.049152931331548,44.374923551489587],[-111.048458089548348,44.114831542503644],[-111.047224847875128,43.98343204288004],[-111.046520175071137,43.908377106971493],[-111.046114029197227,43.68785000248392],[-111.045364238230931,43.50105388460257],[-111.044619948949205,43.31572246463157],[-111.044145895518852,43.072366738502375],[-111.044055662212287,43.019409850381294],[-111.043961956971671,42.964452908006194],[-111.043566951383596,42.722627245649413],[-111.045534226019214,42.513915860471371],[-111.04708312186618,42.34942276049815],[-111.046690321734758,42.001569753487416],[-111.374130601501165,42.000895305766377],[-111.471383129773571,41.999741147279074],[-111.507808519846435,41.99968776578627],[-111.507815359370127,41.999687755763297],[-111.750781561038409,41.999331695595387],[-112.109448143061243,41.997598621872051],[-112.109537085980818,41.997598193051225],[-112.159181839476219,41.998682439912741],[-112.264939126275635,42.000992137880417],[-112.648023513776238,42.000308788934163],[-113.000045726769059,41.998229567111423],[-113.000826583573584,41.998224954571128],[-113.249163447888122,41.996204958138321],[-113.496549019119854,41.993306569145737],[-113.817964367770543,41.988580933212333],[-114.041723534812419,41.993720399854659],[-114.281799461827518,41.994213886578045],[-114.281854994633292,41.994214000813606],[-114.598267070428108,41.994510988786601],[-114.899210014155543,41.999909004468009],[-115.038109754094648,41.99863411660975],[-115.313877006429848,41.996103004428875],[-115.625913966595334,41.997415000172879],[-115.870180921032656,41.996765981172544],[-116.332762945200997,41.997282769738568],[-116.625946765043778,41.997378483911149],[-117.018202168136682,41.999838458210434],[-117.026195978877595,41.999888606547039],[-117.026550702663073,42.378555936554172],[-117.026253411563744,42.807446469224814],[-117.026652577930463,43.025127648495562],[-117.026889787626587,43.596032780391944],[-117.025664321010126,43.680293535346451],[-117.023577198722194,43.823811007597286],[-116.985545152939565,43.881184851889479],[-116.976024106792167,43.895547999465343],[-116.959871036979138,43.982925001666338],[-116.937341999226362,44.029375999737518],[-116.977350859422032,44.085363994579218],[-116.897854538587978,44.152666388395438],[-116.895930861824922,44.154294993023669],[-116.902751814240332,44.179466991182487],[-116.965497696026134,44.194125985659618],[-116.97195761726104,44.235676981530403],[-117.059351605276063,44.237243998059839],[-117.121036650536951,44.277585022121151],[-117.170341652816418,44.258890028505476],[-117.216973689432407,44.288357061294874],[-117.211995198934858,44.296451160615256],[-117.192202708558014,44.32863007626991],[-117.216910721059818,44.360163108008138],[-117.243026625101393,44.390973996099511]]]}},
{"type":"Feature","properties":{"STUSPS":"FL","NAME":"Florida"},"geometry":{"type":"MultiPolygon","coordinates":[[[[-81.811695768229882,24.568743094049758],[-81.7512690295585,24.653515243785105],[-81.672341397011806,24.699512428862572],[-81.584602787180998,24.736694661556214],[-81.571154834966109,24.756352733088789],[-81.443513649552273,24.81336347934397],[-81.305057903032605,24.755184577540494],[-81.243235670081461,24.673997560447599],[-81.342195654772638,24.637773241462103],[-81.401892646562814,24.623543090753255],[-81.443918727539014,24.642676013408831],[-81.517407639196875,24.621237837166074],[-81.595337322689502,24.593105649963928],[-81.68524596504821,24.558674451766159],[-81.812538706081725,24.545467103381377],[-81.811695768229882,24.568743094049758]]],[[[-82.014912576218023,24.54306843631699],[-81.983910689486947,24.580679516804842],[-81.868713772464659,24.584117897240407],[-81.918857511823688,24.498128761066383],[-82.028093460051238,24.498713410509477],[-82.014912576218023,24.54306843631699]]],[[[-82.188033638859977,24.574696020291846],[-82.14410175620614,24.622478132523376],[-82.086645690108341,24.590068260123626],[-82.100759548434169,24.53328522478883],[-82.179456538433598,24.529467027936491],[-82.188033638859977,24.574696020291846]]],[[[-87.592062755784966,30.951454125692347],[-87.598935709589568,30.997416076080423],[-87.598827656048172,30.997416253087209],[-87.519531854035748,30.997546150659876],[-87.425789825866204,30.998052439346385],[-87.312204728489462,30.998398854198118],[-87.163643982357002,30.999016973343267],[-87.162642673882743,30.999021138242913],[-86.927849766449128,30.997673307145991],[-86.831977892244609,30.997349397542614],[-86.785690929596342,30.996978433901038],[-86.688240075718596,30.996197992634908],[-86.563493332727234,30.995199370557163],[-86.388643787223643,30.994526160743181],[-86.364973057399268,30.994434930434494],[-86.187247043518553,30.994064347999984],[-86.132719896410876,30.993950541594998],[-86.035037744636483,30.993746665075285],[-85.893631562791924,30.99345248313637],[-85.749714268504746,30.995280241318206],[-85.498000298562843,30.997863845507197],[-85.488297032912385,30.997963406898918],[-85.333318234391896,30.999553586727298],[-85.145958614404165,31.000691449316932],[-85.031284743538706,31.000645414826554],[-85.002498776059937,31.000680406185577],[-85.006061646780751,30.977037355779348],[-84.983756503097268,30.936982353637539],[-84.935697422510245,30.878701522903306],[-84.934282226341409,30.834031470340776],[-84.918149039790592,30.772080501719774],[-84.864691224532407,30.711540081903088],[-84.863462071145804,30.711495098821381],[-84.812995317868612,30.709648176746011],[-84.474517377801362,30.692781125154774],[-84.380752693361117,30.688825119973657],[-84.285513155601549,30.684806876267352],[-84.124991796928384,30.678034916050407],[-84.083751912866489,30.675941412817078],[-84.007452893736087,30.672068168330128],[-83.820971779797475,30.662602020359849],[-83.743727707041714,30.65852622326334],[-83.611702278236564,30.651559369935356],[-83.499948831268739,30.645662228072155],[-83.357714112831786,30.637135667882976],[-83.309344910558352,30.634236101777027],[-83.136616778378951,30.62388211115595],[-83.131428926797085,30.623571138643765],[-82.877309146558076,30.609011722309312],[-82.689527945147574,30.597885193153189],[-82.584003267307097,30.591632366584502],[-82.459790425605476,30.584272115490073],[-82.459578990016851,30.584259586657474],[-82.418982068862547,30.580912152539714],[-82.218604873597457,30.564390182497792],[-82.229424829307831,30.520808953868379],[-82.200962924770124,30.474422334551274],[-82.21031599579409,30.424572755864123],[-82.180041123382907,30.368606437540191],[-82.143304163582968,30.363374645441699],[-82.094707208263756,30.360762876315501],[-82.050981224818372,30.368364794455939],[-82.040764252151789,30.370141053941765],[-82.042009242458775,30.403249853726003],[-82.028230253684811,30.447381681216307],[-82.018379322975534,30.531172445827483],[-82.015726455802323,30.601694422148615],[-82.04952744635014,30.655540241833005],[-82.041832530328463,30.6923702730138],[-82.032665656865106,30.750670289944228],[-81.994990674739881,30.786070266064431],[-81.943185572270764,30.827433265404025],[-81.905977030442642,30.821403716867458],[-81.902352592482259,30.820816385861253],[-81.868622621020307,30.792752528932677],[-81.8085416040512,30.790012668405421],[-81.763382575622956,30.773817787471643],[-81.73223654625869,30.749631866852564],[-81.668281549268329,30.744640966998375],[-81.633271509459789,30.729600032957887],[-81.561708463882368,30.715594173458697],[-81.528279494982314,30.723356221884742],[-81.507216494270168,30.722933259644567],[-81.444122421248039,30.709711340642237],[-81.427418370908129,30.698017376298015],[-81.443096988569778,30.600935549497581],[-81.43406168419024,30.522566708269725],[-81.428952362075634,30.506180819042708],[-81.426007599093026,30.496736763700628],[-81.410806595205571,30.482036797358287],[-81.402498856073393,30.400126229458241],[-81.396404348629247,30.340038114910939],[-81.374373490169745,30.252929191259753],[-81.288952150907363,29.915178490152318],[-81.270439111311916,29.883104474879097],[-81.26193049911133,29.822121896575567],[-81.256707991501202,29.784691369341726],[-81.210406541744831,29.670639084521383],[-81.163577938115779,29.555288188908055],[-81.102964284143368,29.426994771123624],[-81.046674937040507,29.307854081061382],[-80.995420047131006,29.20604975455279],[-80.966172908029264,29.147958080986538],[-80.907271862469528,29.064260101919398],[-80.78701771194271,28.875264088630342],[-80.727502355088362,28.791190981714365],[-80.647284594870527,28.677873214314989],[-80.58388051295195,28.597703295145539],[-80.525090365056116,28.459452368994057],[-80.587809301097423,28.410854327296171],[-80.606870213276707,28.336482354345417],[-80.604210122219541,28.257731405602531],[-80.589971033483906,28.177988449444992],[-80.5476708954711,28.048793545641484],[-80.44767273702,27.860512116442074],[-80.383690703052139,27.740043655291686],[-80.330951577035819,27.597539573664818],[-80.316682167692306,27.557338569119185],[-80.253660965620597,27.379788238472887],[-80.198017753034591,27.26300676658996],[-80.153371770397456,27.169306205787937],[-80.138601982134418,27.111515365916873],[-80.116769127030793,27.07239546479359],[-80.083075025186943,26.970532643340402],[-80.046260460083388,26.859236727428222],[-80.032360014301901,26.773032725910682],[-80.032117506718308,26.771528808518845],[-80.032229233028971,26.768600383336594],[-80.035760613659988,26.676041759853792],[-80.035360696040172,26.612344697964637],[-80.038860750737939,26.569345660649837],[-80.050360823694604,26.509547621415599],[-80.061605832129914,26.426401102110329],[-80.075872605453057,26.320911423048805],[-80.085563290179479,26.249257680966529],[-80.108657084558118,26.093292754306319],[-80.109564590376166,26.087163875844634],[-80.115005602939931,25.975325125917166],[-80.117902957218845,25.915770971931664],[-80.109952188880314,25.81825894163709],[-80.123805319603761,25.762765988684961],[-80.129125451789491,25.746160673628989],[-80.154971708171388,25.665489120529763],[-80.176915628816801,25.685061191647659],[-80.229106442366856,25.732508360087845],[-80.265878733030789,25.658372496614263],[-80.301463895123391,25.613298610767092],[-80.313918190827849,25.539163680777712],[-80.315976198056958,25.532620517369011],[-80.337049492971033,25.465620825831525],[-80.310360863029885,25.389706869967348],[-80.234849778190437,25.421959590199364],[-80.176024304747983,25.521153234868795],[-80.163156631841872,25.452183292482474],[-80.229354970872706,25.342118345541145],[-80.238556265553797,25.326819775312277],[-80.358184592167675,25.153228462118669],[-80.496762672928625,24.999325104929941],[-80.6511906490705,24.86613218554006],[-80.966247644821848,24.707852512605275],[-81.103376152115743,24.66946299927503],[-81.148721378705389,24.710476958541243],[-81.03891084306639,24.772596578596609],[-80.847472867504834,24.851754228213501],[-80.610870517409083,25.006996249512966],[-80.516572400231198,25.095457939316489],[-80.500514267374257,25.156674779230361],[-80.49539516940483,25.199808675352951],[-80.542392068407025,25.206379778300811],[-80.650532932304543,25.189098070541423],[-80.71060794521857,25.15253124942376],[-80.747746902795072,25.147442334754199],[-80.812133776974349,25.186040525499614],[-80.858170851764925,25.177522015054915],[-80.875460826019946,25.174322749384299],[-80.915924970203989,25.141302901796731],[-81.009599077139995,25.125405184891321],[-81.079860156965779,25.118799149329508],[-81.142278762471463,25.183002270987902],[-81.17090730166916,25.245859474884764],[-81.148102844670177,25.332795354192189],[-81.146764437311333,25.407579270333461],[-81.208199696043252,25.504939363247001],[-81.240517211562349,25.599043117577089],[-81.289898744953021,25.673555865614293],[-81.355983367678462,25.703527784259013],[-81.3838069715232,25.776752604805257],[-81.442304321717799,25.803331846175492],[-81.472235540797826,25.816931597840561],[-81.614731357298339,25.89397826316624],[-81.640233341376742,25.877538827706417],[-81.672629409873707,25.8566552280674],[-81.727082403192838,25.907208036946994],[-81.741923926519291,25.952727265973195],[-81.757459396554282,26.000374820002122],[-81.808829412714829,26.152246477491072],[-81.84455134768956,26.327712339763618],[-81.846481593634621,26.330372388693437],[-81.923607240070311,26.436658338431076],[-81.95660720325543,26.45235832065433],[-82.013909162306902,26.452058284125581],[-82.075011168479961,26.422059245311772],[-82.126667128760772,26.436279218867288],[-82.180713039167301,26.476257200739532],[-82.245390905938478,26.601093994982566],[-82.26434689273249,26.698495812515887],[-82.264677883989449,26.756835731814295],[-82.280537264710446,26.789308356667036],[-82.314273204003356,26.858383850116748],[-82.369197896045748,26.946080973907275],[-82.452669886640393,27.079359068378675],[-82.539715926545867,27.254326164168763],[-82.610577634693556,27.348816649749292],[-82.648167157437285,27.38971947060136],[-82.691817458950098,27.437217303831257],[-82.743013390096053,27.531085045588821],[-82.719848369396303,27.528932036659253],[-82.65071630293437,27.523114001195793],[-82.584625343864531,27.596019866986047],[-82.552883624998572,27.645446431996362],[-82.544736853815763,27.658132176649552],[-82.514261545130921,27.705586851701504],[-82.477634372068664,27.723002860541484],[-82.431975928971141,27.768090758517538],[-82.448782177029244,27.810034697853098],[-82.489845628813427,27.822605771245602],[-82.553942731945668,27.848460651155992],[-82.566377227684953,27.836336854610753],[-82.586515662440505,27.816701613986531],[-82.622719572438641,27.779866575015024],[-82.625016501204996,27.732704631112721],[-82.652517450031397,27.700305643670415],[-82.677530850981157,27.664570913872186],[-82.70501339094325,27.625308766518163],[-82.733072390836526,27.61297078871441],[-82.738463396107278,27.678502581686395],[-82.746219392842505,27.731304401765865],[-82.790220472382572,27.7916012064751],[-82.846522572921614,27.854299002752683],[-82.840878727183096,27.93715989686439],[-82.828159912550788,28.020127887944199],[-82.850878100492224,28.102448983400524],[-82.859382220324761,28.172173153858267],[-82.85962126877719,28.174133081719702],[-82.764100719100128,28.244343785528333],[-82.73145784352765,28.325073844317934],[-82.697430934448477,28.42016485221049],[-82.690811636245726,28.433303719376351],[-82.665053004358754,28.484432925962196],[-82.656692076509643,28.544812905721297],[-82.668147167804861,28.622409808580844],[-82.66870788689819,28.694075993988683],[-82.668720254642594,28.695656730484259],[-82.712371273430321,28.720919664707655],[-82.713119271857252,28.800281678068185],[-82.730243246136311,28.850153718483401],[-82.688862176834547,28.905607756597121],[-82.723859180648333,28.95350481318188],[-82.75557198017907,29.000928994390556],[-82.75937613894007,29.006617869694139],[-82.759701991249514,29.054190860211886],[-82.82365661403152,29.098900773373643],[-82.798873660148303,29.114502801911488],[-82.827070426434133,29.15842376534621],[-82.927104035477882,29.168905655122206],[-82.996140763225853,29.178072581807186],[-83.016244859215035,29.125369521352106],[-83.053203787966638,29.130837424905533],[-83.078982610489902,29.196942363692862],[-83.074730508055993,29.247973381230036],[-83.107473531051994,29.268887245221261],[-83.165550658203301,29.288962774628203],[-83.169572531627836,29.290353016259999],[-83.175514665139218,29.344687873661606],[-83.202442754912042,29.394419677539648],[-83.240505790603734,29.433175470377027],[-83.294743806389377,29.437920365455035],[-83.307824880039988,29.468858278862314],[-83.401549034236936,29.523288068850249],[-83.405065193957654,29.595566983725686],[-83.414139606918184,29.666184604223815],[-83.414698365042469,29.670532892581335],[-83.483564480645839,29.698538816790872],[-83.537642603449967,29.723056846194925],[-83.583042830272774,29.78730399778323],[-83.625024065200051,29.856889228366111],[-83.679217284522977,29.918510442985291],[-83.788727527559857,29.976979664491655],[-83.93150867730408,30.039065736333395],[-83.992309056078625,30.089266490259213],[-84.00071471873116,30.096206754794874],[-84.06298863055423,30.101375751508485],[-84.07613068366625,30.099087634483109],[-84.124887542259231,30.09059874850837],[-84.179147465415156,30.073184747975976],[-84.20800842453643,30.084773745432521],[-84.289725319011836,30.057194759790438],[-84.366113221121651,30.008659764860425],[-84.3454445394255,29.969749753793984],[-84.341437214772299,29.962205731267304],[-84.333744186440342,29.923718700399174],[-84.349064142824318,29.896809678622052],[-84.423832063957121,29.902993682645072],[-84.470321027954569,29.924521700217458],[-84.535870927494315,29.910089659635169],[-84.577437837906913,29.887825613914231],[-84.564973774746846,29.810177573518068],[-84.604000662601635,29.786018544002992],[-84.692616426684992,29.763036507097507],[-84.77695105924461,29.692188513899811],[-84.876727664281987,29.655755429591174],[-85.045070042807964,29.586988458279205],[-85.157305769557254,29.642887225760649],[-85.220137869684336,29.666450852563827],[-85.259714510790516,29.681293087261963],[-85.352610484268908,29.659784053857138],[-85.402825531229809,29.758778852196137],[-85.416543707558034,29.842624850626979],[-85.384725860854218,29.920945915743758],[-85.389156762010273,29.924056217784429],[-85.425951942816155,29.94988484144455],[-85.487760006440112,29.961223711672197],[-85.571903465550406,30.026436732253753],[-85.601174634079712,30.056338813523464],[-85.696806918592415,30.096886696706509],[-85.811216156717975,30.178316581072774],[-85.995940664687566,30.268819893670809],[-85.999934518948322,30.270776624687876],[-86.089960658303923,30.303565362239599],[-86.179728360153263,30.330655525091657],[-86.22255884389476,30.343580932651069],[-86.397379787805519,30.377490897673841],[-86.412074807508006,30.380341284403272],[-86.632952009569792,30.396293601223078],[-86.799558134627986,30.384558182944946],[-86.850623984487527,30.380961344223323],[-86.918872461566735,30.36904375000174],[-87.155391345492106,30.32774270310939],[-87.228855789152789,30.319726968299086],[-87.267826251625266,30.315474832479744],[-87.319517143889797,30.317808764778604],[-87.419857900966406,30.297122636170926],[-87.51832265843764,30.280429489643701],[-87.452280902514914,30.344091598561945],[-87.431783031519274,30.403187625848869],[-87.36660019223612,30.436637678028294],[-87.414684139421013,30.457283640590379],[-87.444721147887478,30.507478620020308],[-87.43144911804616,30.550246600290698],[-87.401188069944354,30.604377587954822],[-87.400187993922586,30.657195559072225],[-87.442289961168328,30.692655502368179],[-87.523619950118231,30.73827939229858],[-87.542266925882686,30.767475348860021],[-87.634941767778272,30.86585116392876],[-87.592062755784966,30.951454125692347]]]]}},
{"type":"Feature","properties":{"STUSPS":"IL","NAME":"Illinois"},"geometry":{"type":"Polygon","coordinates":[[[-91.506261176218104,40.200152315616158],[-91.496957170286848,40.24870103062586],[-91.492890673638925,40.269920143730424],[-91.469655680205747,40.322406129134556],[-91.419421713637391,40.378261150608239],[-91.372920780517845,40.399105188333706],[-91.379906710188351,40.452107211725384],[-91.367875594379981,40.510476303538361],[-91.394474355893948,40.534540349915645],[-91.37425101338728,40.582587602130673],[-91.339717860854932,40.613485860334684],[-91.247849938006354,40.638388345698822],[-91.186979055306125,40.637295304272989],[-91.185459662641435,40.638110121001965],[-91.120819052705684,40.672775469544987],[-91.118221907623209,40.699533270758536],[-91.115733892493495,40.725166763247607],[-91.09170198372918,40.779706836990762],[-91.092992065072451,40.821077784152884],[-91.044652404044257,40.868354772686757],[-90.985461743394822,40.912139822009479],[-90.952232834903953,40.954045824973811],[-90.945323816227926,41.019277971246112],[-90.951893767627809,41.069871976520091],[-90.952265030885656,41.072731005791852],[-90.957245475722175,41.111084466150167],[-90.997905399210367,41.16256382988437],[-91.041535267259647,41.16613785113443],[-91.08144404141963,41.214429211548698],[-91.114184902329526,41.250029533537578],[-91.074414050116189,41.333631935949221],[-91.074086172639724,41.334321167510211],[-91.07155052461782,41.33965135542099],[-91.065056379424846,41.369101310711109],[-91.027785111116359,41.423603197407843],[-90.966660002204023,41.430051064780564],[-90.924340934219643,41.422859956607006],[-90.867279675921239,41.4482147849955],[-90.786279472988554,41.452887569372599],[-90.701156333837318,41.454742347343682],[-90.618534217346848,41.485031222025185],[-90.571133202341827,41.516331158352834],[-90.513131189829537,41.51953205222231],[-90.461429203294173,41.523531981943449],[-90.415827306463939,41.562931833685838],[-90.364125419651344,41.579631753303588],[-90.339525526148918,41.598631691494418],[-90.336726777606444,41.664530534668259],[-90.314684973597295,41.694828459098119],[-90.311854977098093,41.728531274949219],[-90.310706189896479,41.742212352054686],[-90.248629576582033,41.779803233971009],[-90.242366847047023,41.782766953842923],[-90.180641811425772,41.811977178433281],[-90.181399853020935,41.844645075856057],[-90.165063938025895,41.883774973748068],[-90.158152038637382,41.929841071666402],[-90.156901016502943,41.938178821229918],[-90.140612100873255,41.995996678424298],[-90.159681502336312,42.033085015293615],[-90.163445039380235,42.040404779102211],[-90.161157976570863,42.106370035179253],[-90.207419862786821,42.14910713270492],[-90.269078876454202,42.174498200531133],[-90.315145380508,42.193715220137896],[-90.338168315463946,42.203319421847468],[-90.400652840571198,42.239291689581812],[-90.430884008855131,42.278229066824963],[-90.417124749676518,42.319942468586902],[-90.446319825333816,42.357040816770599],[-90.4843456715017,42.381597773138253],[-90.517516122068059,42.403019140639842],[-90.565248366994496,42.438742407337038],[-90.590416561364435,42.447493465783531],[-90.646728088287531,42.471904631465534],[-90.642844096868373,42.50848189221],[-90.437010228423532,42.507148200715378],[-90.426376125624344,42.507178975900679],[-90.223188336651219,42.507766954932464],[-89.926484078558332,42.505789634238809],[-89.926465932361793,42.505789455328667],[-89.837594829435503,42.504913242187641],[-89.493216302156341,42.501515861861357],[-89.401416790191035,42.500443509880036],[-89.36579846124954,42.500027435286917],[-89.06743997939509,42.496542152125933],[-89.042896755092869,42.496255449518259],[-88.940383532942818,42.495440261251694],[-88.776591279871027,42.494138129672045],[-88.707419477090724,42.493588213956691],[-88.707378641834254,42.493587889314078],[-88.50690961583075,42.494884254994382],[-88.471621028972109,42.495010736627613],[-88.304689888535052,42.495608903255686],[-88.216897801464498,42.495923645620067],[-88.199380732926528,42.495755292020021],[-87.800470729488438,42.491921745280713],[-87.80336394264971,42.420622055220441],[-87.820852285366414,42.361584472944394],[-87.834763544291377,42.301521919327215],[-87.833372308139488,42.29777359079371],[-87.800640734401242,42.209586296371626],[-87.800060632497761,42.2080233433134],[-87.759243924859987,42.152255359826768],[-87.741656964597112,42.1282261338295],[-87.741350200351235,42.127954567833164],[-87.690651917032994,42.083073402867846],[-87.689270986341512,42.081850919465218],[-87.682354419033516,42.07572795509158],[-87.668977831871743,42.029140810888144],[-87.642229198583578,41.95477518642079],[-87.624048736711515,41.904230635648112],[-87.616834228748218,41.897546071771089],[-87.612287821299589,41.89333362213425],[-87.613552881742848,41.884478623564419],[-87.616289972930517,41.870927626112554],[-87.611463586372167,41.852803669466219],[-87.609447159948772,41.845231621067406],[-87.592014696623053,41.816941892668552],[-87.560643386181667,41.766032525604501],[-87.530742380694306,41.748233458817765],[-87.526053631123133,41.731020245379135],[-87.524138236896121,41.723988505856973],[-87.524041145213303,41.708333545010198],[-87.524936105833191,41.529733993295231],[-87.525405569908898,41.470279721280178],[-87.526765842409134,41.298175988277684],[-87.526765729815338,41.298050590708186],[-87.526646313070984,41.166088740314564],[-87.526517918500147,41.024835503633106],[-87.526461128546003,41.010334995838704],[-87.526011709182498,40.895580375978071],[-87.526133981733082,40.736883313710003],[-87.5262897260979,40.535406656575567],[-87.526873536180801,40.491221960303974],[-87.527063017540428,40.476879835260895],[-87.530051619542689,40.250668415460225],[-87.531019607995674,40.148032713672038],[-87.531861226016744,40.058796326302783],[-87.532306499432352,40.011584185437286],[-87.532453935217333,39.882996497632156],[-87.532704028334962,39.66486571690033],[-87.532386693442149,39.607302733180497],[-87.531668793698245,39.477108923981937],[-87.531626107444907,39.469375933869536],[-87.531648038924416,39.347885973975785],[-87.578332994326516,39.340340914071284],[-87.60039897407745,39.312901899698886],[-87.594747818601235,39.259381551759382],[-87.593487967901027,39.247449941293361],[-87.577030909652208,39.211120954076577],[-87.640436773203703,39.16672488337349],[-87.638369223493896,39.157809753800997],[-87.625380648059235,39.10180389159526],[-87.572589657641146,39.057283939777221],[-87.579118549095611,39.001604926430076],[-87.529497527180268,38.971922923048602],[-87.527646199245254,38.907685803906411],[-87.528718851740805,38.905941586240473],[-87.54737099645962,38.875611733502758],[-87.53525795120558,38.852489161877834],[-87.521681789157043,38.826573653309183],[-87.498948456812883,38.757771524123974],[-87.545538230534092,38.677610486971965],[-87.620120088936616,38.639486433073735],[-87.637751988727132,38.588509384991298],[-87.648356707402201,38.566626074742423],[-87.660731893702462,38.541089325023606],[-87.654165852158158,38.51190830802701],[-87.71404678332523,38.479877224325968],[-87.741039754517715,38.435573199208598],[-87.751105694090242,38.418846399437953],[-87.779995781278799,38.370839170301203],[-87.831971829943768,38.307238125419637],[-87.908541905478728,38.268578045823915],[-87.968967948748485,38.237386012999714],[-87.970200782687314,38.230268088767822],[-87.975818910239255,38.197831109008952],[-87.92746780702636,38.151943296954634],[-87.962209782682365,38.10005138690223],[-87.9887697544101,38.055588461692913],[-88.030883703535764,38.030710516497557],[-88.016310641891636,37.961571693886128],[-88.040860558256369,37.891764860989333],[-88.059470658429902,37.866685502143916],[-88.0673635158237,37.856048921815741],[-88.02802947522656,37.799222093586614],[-88.059587408806394,37.742606214006102],[-88.132340327620682,37.697140130813587],[-88.160061249829567,37.654330088435515],[-88.132430186666554,37.575280632715859],[-88.13162112680601,37.572965999903943],[-88.072241090398379,37.528823898732782],[-88.066247486441171,37.504128391131346],[-88.062293052244939,37.487834843941783],[-88.157060002254056,37.466934947752044],[-88.281665986016307,37.452594088148118],[-88.358435028733453,37.404858173457747],[-88.358475518925232,37.40486970107019],[-88.416132618521928,37.421284753314197],[-88.418593050984029,37.421985241583215],[-88.46586004949873,37.400545294758786],[-88.486945991867572,37.339594318478355],[-88.514659941000531,37.290946345472641],[-88.471751849948717,37.220153326891499],[-88.424774745356729,37.149899294461513],[-88.444603613776763,37.098599367028804],[-88.476125512192709,37.068221471208659],[-88.483801780095135,37.068078761853961],[-88.490479499558887,37.06795461650993],[-88.531574589036296,37.067190443573622],[-88.561056841264971,37.08400644036665],[-88.611438879793653,37.112743259841245],[-88.693982075745851,37.141153171394429],[-88.753067176431372,37.154699147671423],[-88.835050138112464,37.196484425736166],[-88.927892727005585,37.226352608243694],[-88.931744180446628,37.227591649634078],[-88.933509241642582,37.227510261402827],[-89.000967226170658,37.224399725672797],[-89.058035195669845,37.188765660094987],[-89.09904606619979,37.140965594109417],[-89.168085737957554,37.074216563646992],[-89.166618944658325,37.07210890322748],[-89.128897635539943,37.017906435435222],[-89.132913561090817,36.982055424971776],[-89.195037351258705,36.989766529725728],[-89.257606237245682,37.015494661589912],[-89.308145211698104,37.028947387195657],[-89.359454353002207,37.042605097940914],[-89.384173643870483,37.103266097828289],[-89.456103989820207,37.188119075895763],[-89.470524264157888,37.253355912786546],[-89.482888553230708,37.260949657351865],[-89.517031338483307,37.281919017730736],[-89.495159429056997,37.32479409828008],[-89.474434192515446,37.334499326052104],[-89.428184543524907,37.35615713948367],[-89.425939656226305,37.407470265350021],[-89.471200806438659,37.466472426545067],[-89.512399906330472,37.529809568759795],[-89.501790975500299,37.558895344087489],[-89.497745854113759,37.569985557960344],[-89.494050926001762,37.580115659544553],[-89.506562938236328,37.625049746194172],[-89.521947946749293,37.696474871987306],[-89.591288546603948,37.723596204141892],[-89.667993011393534,37.759481268566304],[-89.687232729382799,37.796425340009925],[-89.69655936183274,37.814334325472309],[-89.782035835606223,37.855089504807822],[-89.851049036652682,37.903977587998178],[-89.923185968919924,37.87066962570804],[-89.933096788433062,37.880096687391962],[-89.974222099142111,37.919214622749124],[-89.954911205629998,37.96664458860819],[-90.008354179063915,37.970176565469892],[-90.080960087799738,38.015425421887436],[-90.126007076068177,38.050567281006124],[-90.203892178406662,38.087362205651985],[-90.218708984179287,38.094362042665871],[-90.252485016134699,38.127567899193764],[-90.252747340569343,38.127770724844765],[-90.322354088334009,38.181589727200034],[-90.363927123601215,38.236351525117826],[-90.372520017473875,38.323350209612116],[-90.349743958214717,38.377604993694668],[-90.340245231429989,38.387090570098351],[-90.288815868716597,38.438448664446796],[-90.271314722173827,38.496047369582264],[-90.261098140864775,38.518258388954209],[-90.25529937018058,38.530865059893088],[-90.248913828808583,38.544747398356414],[-90.184511191659325,38.611546517706273],[-90.181111334961216,38.659545605013463],[-90.181342485435096,38.660004626953402],[-90.195211373020925,38.687545665703709],[-90.209911437933144,38.726045750572467],[-90.16675837566693,38.772272466123816],[-90.166410754187794,38.772644848477043],[-90.117709067395552,38.805743933885765],[-90.11332931119918,38.849302100599715],[-90.191209072929013,38.890271915073086],[-90.230338366445594,38.910856463508516],[-90.276476090939425,38.919314886571868],[-90.298713005934147,38.923391587174329],[-90.395817298608677,38.960033803093332],[-90.450970745521062,38.961391855511984],[-90.467784653213641,38.961805866947607],[-90.500117420171208,38.910404774357254],[-90.555693587111847,38.870781691985847],[-90.595354670965378,38.875046708937866],[-90.657254772286251,38.920266833207357],[-90.661583677730675,38.934700178316753],[-90.676397767805312,38.984092999620053],[-90.713629969558468,39.053974364161753],[-90.681087058293514,39.100587641002228],[-90.707903191289105,39.150857926761923],[-90.72328495942844,39.224101308012663],[-90.72996137224807,39.255892485496759],[-90.840107037969375,39.340436425744251],[-90.935287915804665,39.399478988985386],[-90.937419763797024,39.400801416728108],[-91.038270499598227,39.448434473664307],[-91.064305446223472,39.494641603916698],[-91.100307397054138,39.538693542762957],[-91.148275289683809,39.54579653194638],[-91.174232273625563,39.591973451989773],[-91.182875760448923,39.598231558292504],[-91.276140111111147,39.665757345356454],[-91.305760397352543,39.68621377909006],[-91.367752962957951,39.729027226462044],[-91.364616596997536,39.75871639316621],[-91.361571000060664,39.787546091920646],[-91.397852916466846,39.821120003217608],[-91.436050830207833,39.8455079431128],[-91.428955848117383,39.907726790556616],[-91.436843100646797,39.945241164720066],[-91.43708983155274,39.946414698265464],[-91.484063731285218,40.019329554133805],[-91.497662696046561,40.078254455936758],[-91.511955646009142,40.170438302285433],[-91.506261176218104,40.200152315616158]]]}},
{"type":"Feature","properties":{"STUSPS":"MT","NAME":"Montana"},"geometry":{"type":"Polygon","coordinates":[[[-116.049195034898304,49.000909671521811],[-115.501017203067363,49.000689381992032],[-115.207913670123943,48.999221788275939],[-114.727052547910915,49.000576475656743],[-114.678219282058791,49.000714757381772],[-114.375977369724225,49.001383635148201],[-114.180211876405323,48.999696491491846],[-114.068179857576467,48.999348397770099],[-113.907490726964241,48.998849991773938],[-113.692986037013114,48.997625822039147],[-113.375930036008143,48.998559614267499],[-113.116358881559279,48.998460486186644],[-112.193410889625824,48.998893285884151],[-112.143770647129131,48.998916033995755],[-111.854093142617714,48.998068439595393],[-111.500822155965622,48.996965800319018],[-111.269868336528859,48.997232991793155],[-111.003918182562543,48.997540741680382],[-110.743070021105851,48.998011627751694],[-110.531611866207328,48.998394984039869],[-110.438148071943772,48.999193277523517],[-110.171589898809955,48.99926424981021],[-109.500747707077593,49.000435756462892],[-109.489559655734439,49.00041650904577],[-109.250726278045391,49.000015245867147],[-109.000699997127214,48.999233159045062],[-108.543193042210632,48.999376385045281],[-108.236360741435604,48.99955874023896],[-107.704696089614785,48.999871501240065],[-107.441016086348228,48.999361580137013],[-107.363602234326535,49.000014518085663],[-107.17981032154519,48.999909793539636],[-106.617538599428855,48.999582769499703],[-106.233986961086217,48.99942279416662],[-106.112063771719477,48.999279193813265],[-106.050543030193865,48.999206735021914],[-105.775807976259884,48.999636664326204],[-105.355887799266398,48.999356663067161],[-105.265191748282675,48.999499695216507],[-105.057634743885501,48.999228579143463],[-104.875526873529822,48.998990708769895],[-104.543635573902179,48.999540960142376],[-104.048735946091455,48.999876776548959],[-104.048900246480315,48.847386994331721],[-104.048087809411911,48.633910573374521],[-104.047555848695936,48.494140265254813],[-104.046783008901869,48.389298325956588],[-104.045692873304901,48.241415241979645],[-104.044093619942672,47.996098032890664],[-104.044093512401759,47.996081523993126],[-104.043933483140734,47.971514909130285],[-104.042385004797111,47.803256352480972],[-104.043912368379964,47.6032292700678],[-104.044976684605416,47.397064789436385],[-104.045313042004352,47.331955053909624],[-104.045308386026647,47.330140179667801],[-104.044788658345112,47.127430378426162],[-104.04554347076531,46.933887825400141],[-104.045574296670125,46.713882291854382],[-104.045387446426432,46.641505713592842],[-104.045127624523801,46.540863450028276],[-104.045047405892873,46.50979067190314],[-104.045471544591678,46.324549055840649],[-104.0454685294727,46.280085352637329],[-104.045446299098671,45.94531523591661],[-104.044136482653954,45.881981435506177],[-104.043779346578575,45.864712135597422],[-104.042600482166364,45.750002862356247],[-104.041939998737064,45.557919278911754],[-104.041766813157409,45.490793083143402],[-104.040360136571977,45.335949744657434],[-104.04013747508607,45.212894260656299],[-104.03997861385028,45.124991356901916],[-104.039139465803316,44.998523155234459],[-104.05769950440046,44.99743417065401],[-105.025270074492468,45.000294327268278],[-105.038256262123483,45.000296034557465],[-105.076605024202962,45.000301076255944],[-105.84807174199365,45.000402491174185],[-106.024888144441036,44.99759092730033],[-106.263595359851337,44.993794419327592],[-106.26372445180327,44.993794851679347],[-106.888779087581611,44.995888511210687],[-107.351445470153735,45.001410076631245],[-107.911526290742572,45.001546801612832],[-107.997356475454353,45.001567691900547],[-108.248529554083035,45.000632388445048],[-108.500683336310445,44.999693377229896],[-108.621497282614982,44.99967956225268],[-109.062267284800399,44.999628133621876],[-109.103450936207125,45.005909002809737],[-109.57432775253595,45.002632905420654],[-109.798488192093743,45.00292179074593],[-109.99505229307583,45.003175810502896],[-110.324445136964897,44.999158046903496],[-110.705275181132833,44.992326578926068],[-110.785011165318409,45.002954725936469],[-111.044278769666732,45.001348022865123],[-111.044322318043058,45.000883027333536],[-111.056891802274208,44.866660418295062],[-111.055514767784814,44.72534438428643],[-111.055336422112489,44.666262430307739],[-111.055211643488079,44.624926237230319],[-111.048977715380161,44.474069101005746],[-111.122657489363505,44.493659264333751],[-111.143560615888305,44.535732799045562],[-111.201462890594939,44.575697580449194],[-111.224165009206502,44.623404025890281],[-111.268754082958665,44.668281172492357],[-111.32367311161471,44.724476146821601],[-111.37714237834102,44.751198557188346],[-111.385009136480491,44.755130087387677],[-111.438797077244729,44.720547274732908],[-111.456951245019496,44.695641368248268],[-111.468836965768645,44.679335171331964],[-111.51912958768844,44.582913567232993],[-111.562817249859648,44.555205958721764],[-111.617109995030859,44.557124316616722],[-111.704220511132064,44.560202242645396],[-111.807915708502776,44.511712659217906],[-111.870506451508618,44.56403082304476],[-112.034135238792928,44.537714564572418],[-112.12510345086659,44.528526332393511],[-112.221700928718718,44.543519074586456],[-112.286190174273358,44.568472237311482],[-112.358920190112059,44.528847545469894],[-112.387392174093847,44.448058721563434],[-112.473210423258863,44.480027830277727],[-112.601866489805545,44.491015750405893],[-112.7078184904734,44.503023617648878],[-112.735087489403398,44.499159593068711],[-112.828193959144741,44.442472700374303],[-112.821898845250956,44.407436741367306],[-112.826829702600932,44.405203179526431],[-112.881771568883565,44.380315819944229],[-112.951148466839044,44.416699820242549],[-113.00684778133558,44.471715818692857],[-113.006829732256179,44.518439750179596],[-113.061072465985944,44.577329751751471],[-113.049350395565781,44.62938061842069],[-113.101155080947493,44.708578519709548],[-113.131387892530199,44.764738437859165],[-113.247166580541872,44.822950499779175],[-113.301508562699667,44.798985569208376],[-113.377153593728409,44.834858589766348],[-113.422376605207546,44.842595616483337],[-113.474573677124823,44.910846578955663],[-113.448958709864556,44.953544511113179],[-113.43772675084999,45.006967447378692],[-113.451970779309406,45.059247434831519],[-113.510819819613559,45.099902443844734],[-113.574670878596422,45.128411439351581],[-113.650065006140409,45.234710474789026],[-113.735602339138737,45.325265717110035],[-113.73239152192761,45.385058852271868],[-113.763369728917326,45.427732968782536],[-113.759987894301219,45.480736098385407],[-113.802850889314755,45.523160152521498],[-113.806730502053526,45.602147241763902],[-113.861405451449968,45.623661317891653],[-113.898884386964042,45.644168397348558],[-113.948322725545196,45.682578916938731],[-113.971566174409631,45.700637648652588],[-114.015634310400344,45.69612867739594],[-114.01497451017903,45.654009538070163],[-114.083151016744665,45.603997315213995],[-114.186472529547601,45.545539995652184],[-114.251838713754253,45.537812889528425],[-114.279219646641039,45.480616620143415],[-114.368522466420941,45.492716412702826],[-114.456766047544278,45.54398326807614],[-114.506342812828976,45.559216134410086],[-114.523774696349676,45.58532662388226],[-114.538133524647449,45.60683409824194],[-114.535771275682293,45.650613151747692],[-114.499638157678092,45.669035297663328],[-114.5048698401839,45.722176347053953],[-114.562509527397708,45.7799271019081],[-114.517142990508418,45.835993217769747],[-114.422963698564601,45.855381826727992],[-114.388244014751706,45.882341091299011],[-114.413168547526354,45.911479903747214],[-114.402261488265879,45.961490006385546],[-114.441184684019987,45.988453650932605],[-114.48024006280707,46.030325089937129],[-114.460048671401637,46.09710384924697],[-114.521299456698117,46.125286252921349],[-114.514705678315337,46.167725036402622],[-114.445928113311098,46.173932464547427],[-114.449819303890806,46.23711802547308],[-114.441326384304006,46.273798815736079],[-114.431708413964799,46.310742590167123],[-114.422458414471947,46.387095045908012],[-114.384756520591765,46.411782027626685],[-114.40301940062578,46.49867224314179],[-114.351655519346295,46.508116366387085],[-114.331338642924678,46.577777973510798],[-114.320665759517922,46.646959536363354],[-114.335725647732133,46.655269413399466],[-114.360709628277874,46.669055301098801],[-114.453239265784006,46.64926221412837],[-114.54732109772344,46.644481241782671],[-114.59111609077253,46.652546795251688],[-114.621483075620006,46.658139372474743],[-114.626694958284787,46.712885217071673],[-114.676827033315021,46.731835088721567],[-114.699007824716517,46.740219417298327],[-114.767179783006426,46.738824665388755],[-114.790039924852081,46.778725747425312],[-114.880588140562466,46.811788026084812],[-114.943281452810652,46.867968251161578],[-114.927432700515794,46.914182256251124],[-114.961423698751219,46.932891240593129],[-115.03165193985491,46.971545590521714],[-115.071255171808829,47.022080749820894],[-115.120918350484303,47.061234917298883],[-115.189452672131864,47.131030144447969],[-115.255787815381851,47.174723327853052],[-115.2921119856383,47.209859410830695],[-115.326905202067024,47.255910482820738],[-115.371827174813816,47.26521155442903],[-115.470961113587862,47.284871708223179],[-115.53197316024162,47.314119773821233],[-115.578621287257775,47.367005818273654],[-115.710342425367799,47.417782999830571],[-115.692932492628941,47.457235998056412],[-115.634686527568434,47.481758915887767],[-115.717026525497658,47.532692022812583],[-115.721209466537914,47.576321974183323],[-115.694286341613847,47.623458886028843],[-115.736272395739164,47.654760888576043],[-115.723772304735462,47.696669823877066],[-115.835367382545328,47.760955796548167],[-115.845475867479664,47.814965519436058],[-115.900935908659847,47.843062466964724],[-115.959947971668441,47.898140324371191],[-116.030753094582352,47.973347122698357],[-116.038567902924072,47.984632340056208],[-116.049155046471085,47.999921031757133],[-116.048912419833684,48.124927134143356],[-116.048930210731697,48.216124427246548],[-116.048948376875884,48.309843354895904],[-116.049154185958727,48.481243695288484],[-116.049155577975029,48.502039219777757],[-116.049195034898304,49.000909671521811]]]}},
{"type":"Feature","properties":{"STUSPS":"MN","NAME":"Minnesota"},"geometry":{"type":"Polygon","coordinates":[[[-97.229041080652038,49.000689730553084],[-96.930960632434591,48.999985915422968],[-96.405416172597597,48.999987085590675],[-95.975396639229231,48.999985776094825],[-95.340970892764759,48.998744151306042],[-95.319896351764044,48.998762564110891],[-95.153720574621289,48.998907873255142],[-95.153323619181222,49.18488459806597],[-95.153348036299974,49.309291533976271],[-95.153314,49.384358],[-95.058423114133433,49.353175506721108],[-94.988927336629715,49.368903200800673],[-94.952130035870425,49.368685565107661],[-94.878471590004523,49.333200308789337],[-94.816238826475683,49.320994941961644],[-94.797258345858253,49.214292108754456],[-94.774240551886152,49.125002153837968],[-94.750233015484895,49.09977134692506],[-94.718941874797522,48.999999211972046],[-94.683075789085649,48.883935999333055],[-94.685686802977386,48.840125510085436],[-94.694316710102171,48.789357964280306],[-94.619013034260746,48.737379179280765],[-94.508863772808937,48.70036656553313],[-94.446605368912131,48.692904504727501],[-94.430202602251114,48.69831332941942],[-94.388849202654313,48.71194964260571],[-94.281797612124066,48.705259629703448],[-94.251169331224105,48.683518499346249],[-94.250191170851636,48.656327325899213],[-94.091243827514461,48.643673170523442],[-93.92700313984416,48.631223946851684],[-93.844006650521962,48.629398826953675],[-93.805267947590593,48.570302345339194],[-93.815175640958984,48.526511039871444],[-93.67456489659169,48.516299811573397],[-93.562058471085521,48.528899805069756],[-93.467500136143514,48.545666840557899],[-93.464304349132192,48.591795106171929],[-93.371152073157859,48.605088116543875],[-93.347524107478961,48.626623210619414],[-93.207393624739183,48.642477128200142],[-93.142415163582527,48.624926912518866],[-93.088543595318441,48.626813739472937],[-92.954869874882519,48.631495309707432],[-92.894680007203959,48.594916521032779],[-92.728036865428862,48.539289686851902],[-92.634920544175358,48.542872191766904],[-92.631106396222336,48.508250904094758],[-92.657090974008014,48.466913654259976],[-92.575625069814436,48.440824948866933],[-92.514898191961038,48.448310690901366],[-92.456312817204591,48.414201057593694],[-92.46993658028498,48.351832533934726],[-92.416273530615143,48.295458987215362],[-92.369163791281849,48.22026426821968],[-92.314653315040431,48.240522960197772],[-92.295655365458558,48.278113889214666],[-92.295398891760897,48.32395303981211],[-92.262266198356471,48.354929061532118],[-92.162147224738021,48.363274924462317],[-92.055214566437272,48.35920878300935],[-92.000120022558349,48.32135080730113],[-91.980760088699824,48.247796997888699],[-91.893460222475952,48.237695044603818],[-91.797306689436624,48.205782548817375],[-91.781174951136322,48.200428600184424],[-91.714925041901949,48.199126818305544],[-91.692361093012167,48.119328400019363],[-91.559269268309563,48.108267075812464],[-91.542509810761842,48.053267844213082],[-91.465497811193174,48.066769878155583],[-91.336578446192661,48.069627288488419],[-91.250113510164837,48.084087523177821],[-91.156110379389531,48.140475533899668],[-91.035555150452552,48.189459862006366],[-91.0326603660654,48.190536650813847],[-90.906834420777841,48.237340341656264],[-90.843629720060818,48.243577583470667],[-90.804213534579162,48.1778342616904],[-90.775969007430675,48.122229867276694],[-90.70370948708316,48.09600948708632],[-90.566121356847674,48.122620448150279],[-90.471028158249752,48.106076228119761],[-90.317240396232933,48.103794348682158],[-90.13620149546486,48.112138437824413],[-90.029636188840783,48.087590880948937],[-89.973442888178496,48.02035292890897],[-89.868161586338786,47.989900670710476],[-89.749320893940421,48.023327346110193],[-89.625095820964333,48.01152125495264],[-89.489226,48.014528],[-89.555025347404012,47.974854484566393],[-89.660624925752728,47.951219996417557],[-89.737547069546551,47.918186070963138],[-89.793547492643,47.891361114191817],[-89.923658507740512,47.862065315472535],[-89.974305769541658,47.830517412246898],[-90.072034836960029,47.811108079547637],[-90.187645627988957,47.778132669032196],[-90.323455315458261,47.753773117189922],[-90.421399105704012,47.735151671586891],[-90.537113715179203,47.703055962561507],[-90.647845038245862,47.656176063507161],[-90.73593442472162,47.624342492269946],[-90.868275549721304,47.556899847666664],[-91.023127493890286,47.464963932519034],[-91.146960207016761,47.381463275283686],[-91.262512763133401,47.279291046292222],[-91.387021533095037,47.187293946692577],[-91.456965384123109,47.139156879104455],[-91.573817268864772,47.089917700250332],[-91.644564335852422,47.026491730792763],[-91.737098358966279,46.982853731287449],[-91.794360612757131,46.942524973953063],[-91.806851557777989,46.933727851853135],[-91.906483994514304,46.89123702051792],[-92.01340666240479,46.833728406407502],[-92.06208947637036,46.804039472345785],[-92.015292025522371,46.706471051349887],[-92.050820734412795,46.710518945780905],[-92.100256372895828,46.734447798965093],[-92.143338929537578,46.731597648926709],[-92.183091540366277,46.69524254098981],[-92.205492394392508,46.664742509845951],[-92.292192056077184,46.663243197546194],[-92.29237149824877,46.495586456904562],[-92.292760287460112,46.41722089044147],[-92.293619471417031,46.244044257557391],[-92.293831276306193,46.157322802225522],[-92.294033855429902,46.074378723986214],[-92.338239792312223,46.05215075241086],[-92.351760836804118,46.015686871019319],[-92.392681721093354,46.019541844825092],[-92.44963060645712,46.002253910904528],[-92.472761459522118,45.972954090701684],[-92.545682285489193,45.970119890372828],[-92.580565126400359,45.946251847586581],[-92.656124886681823,45.924443548818495],[-92.721127565879343,45.883806325637245],[-92.759457290159716,45.835342248471022],[-92.776495127077482,45.79001529425225],[-92.826012139516564,45.736651115867424],[-92.840741304826764,45.729397761473102],[-92.869688308621875,45.715142860619949],[-92.886696552652992,45.644148654498352],[-92.887928436168167,45.639006640813527],[-92.881135482040747,45.57340954119244],[-92.801502334546498,45.562854723155233],[-92.756905256655585,45.557499817283251],[-92.72802228399047,45.52565285031325],[-92.686792428488374,45.472272051936997],[-92.646767532121075,45.43793031414198],[-92.658485790083915,45.396059332212488],[-92.698967283501943,45.336375322820224],[-92.748268440757272,45.296060707921242],[-92.76186881505393,45.284939295389201],[-92.766092405058217,45.210023003313069],[-92.766932980350816,45.195112266072748],[-92.740509878209494,45.113397168212735],[-92.789712836252093,45.075555240988038],[-92.802911831407144,45.065403911118899],[-92.761904826925417,45.022467919581736],[-92.750802566399344,44.941567754752185],[-92.767023519954066,44.861977300807666],[-92.767117586779534,44.861515748509824],[-92.768574224906388,44.854368546018094],[-92.80528692078056,44.768361346301646],[-92.792360670240143,44.7589841450514],[-92.731623569324043,44.714923116694735],[-92.696490638289333,44.689436394207434],[-92.618024452721357,44.612870473188664],[-92.549279335298323,44.577704570385833],[-92.399280123469438,44.558292560243849],[-92.361517070239785,44.558935531582087],[-92.31693221496856,44.539276447508854],[-92.314070083752284,44.538014428869161],[-92.29100427235737,44.485464270144959],[-92.245364013172377,44.45425132423528],[-92.232471382246686,44.445434196154849],[-92.111084379145851,44.41394822877033],[-92.084527958890988,44.404614554110012],[-91.963599291873422,44.362112379092792],[-91.916190356782266,44.318094488193054],[-91.892697709774382,44.231105503947951],[-91.854499825693907,44.197227075653792],[-91.817302001155497,44.164235608658643],[-91.719097197137557,44.128853874008911],[-91.647873405522631,44.064110137560775],[-91.573283521626351,44.026902427126139],[-91.559216089986052,44.024210802477121],[-91.440536176523167,44.001502698350933],[-91.423568763789532,43.984298505393596],[-91.357425696188173,43.917232369372165],[-91.291001475460178,43.852734200081997],[-91.287655101711096,43.847066186088121],[-91.243954530061131,43.773047018856218],[-91.256999798914464,43.725659601914664],[-91.273251705872099,43.666623656934455],[-91.252925691794658,43.600363442329382],[-91.232811695392982,43.564842353157779],[-91.217705608780335,43.500551679333235],[-91.491040773647725,43.500692161323187],[-91.610834280039541,43.500689917708307],[-91.730216853291552,43.500687655291649],[-91.824848048543728,43.500685938528804],[-92.079802426793023,43.500706889087603],[-92.178863628109781,43.500715074844393],[-92.44894899026086,43.50041807446042],[-92.553129168329534,43.500303263049226],[-92.55316207779164,43.500303226671278],[-92.870278024623985,43.499550716261773],[-93.024349056249193,43.499558810137948],[-93.04919322881284,43.499560183568732],[-93.228862693165851,43.499570116036146],[-93.497353267733033,43.499534327865078],[-93.576729783545218,43.499523814322693],[-93.648534663985629,43.499539497207245],[-93.970759923654228,43.499609422855464],[-94.247966612619848,43.500178543611213],[-94.390596011035512,43.500471430578528],[-94.442848943055679,43.500480705897118],[-94.854557351750074,43.500555162743566],[-94.874237313536327,43.500558733146335],[-94.914615858624131,43.500597584724282],[-95.214940672954398,43.500886424237386],[-95.387790343984221,43.500479905842504],[-95.454435012621317,43.50032316159168],[-95.486805785635298,43.500247027467871],[-95.834424190607848,43.499966443290091],[-95.860949432641334,43.499993294092576],[-96.053166347171242,43.500187868938326],[-96.198487701840207,43.500334970272434],[-96.453264580425014,43.500389403758518],[-96.453319844709668,43.552298338817664],[-96.4529154126365,43.849506501150259],[-96.452915409959743,43.849508460773009],[-96.452441146414145,44.196779240564233],[-96.452441116310339,44.196801287110482],[-96.452218206462945,44.360148945636823],[-96.453296327817853,44.543637234951461],[-96.453811353439377,44.631336469690758],[-96.454834510413804,44.805551029780275],[-96.455843588524289,44.977345797786548],[-96.457556533750989,45.26889805878848],[-96.457783936426111,45.307610147812746],[-96.470080494349119,45.326799764732975],[-96.482558854820923,45.346273081048373],[-96.52178984201889,45.375645005960543],[-96.562144873531224,45.386089959940854],[-96.617728907601162,45.408091891403167],[-96.675449977124515,45.410215816400012],[-96.710788984939271,45.436929760639252],[-96.742511971143628,45.478722696446674],[-96.781038971087483,45.535971770567357],[-96.835422169861815,45.586128573446643],[-96.843960012579217,45.594002894877626],[-96.851623990366434,45.619411943418477],[-96.826162897417859,45.654164027656506],[-96.745088699829282,45.701576204106168],[-96.672667494821781,45.732336399461907],[-96.630514339359337,45.781157518036437],[-96.587095206598519,45.816445571943852],[-96.571873123843389,45.871846574070744],[-96.563674060400359,45.935245559089061],[-96.574266066377874,46.016545539184641],[-96.572699570103225,46.021892206658883],[-96.554509201292078,46.083978487523645],[-96.595672535980214,46.21985042868144],[-96.601042447975757,46.319554311446069],[-96.647298303266851,46.358499243485028],[-96.709097014356445,46.435294035257506],[-96.74443794831987,46.565959929341723],[-96.785788368965157,46.629590911245629],[-96.789788723030654,46.635746747163793],[-96.790525214299521,46.636880076710497],[-96.786847351919519,46.692805161079008],[-96.788805474479716,46.77757524861488],[-96.76397531024503,46.91250725379944],[-96.833506288972956,47.010110203337518],[-96.819080237057122,47.081152232339413],[-96.826571332180663,47.1505392473765],[-96.836011755198982,47.237982146643525],[-96.840222130701903,47.276981279828114],[-96.857481987829161,47.440457306711195],[-96.855961282759893,47.499173546384434],[-96.854074921813805,47.572010371924726],[-96.882377916276468,47.649025433417876],[-96.893495215529327,47.672127413793525],[-96.928507904111441,47.744884528327695],[-96.996365608119532,47.844398553892141],[-97.037355303270004,47.933279530685745],[-97.068988147006465,48.026267538993501],[-97.105617351338765,48.09136261847096],[-97.146746611228721,48.168556717977026],[-97.145846588054937,48.173224209762985],[-97.141898777247306,48.193697430615302],[-97.129534985767251,48.257815886333951],[-97.137906827538217,48.344586029534071],[-97.139176664408296,48.430529174357495],[-97.149126210826168,48.532306408587317],[-97.148107631441306,48.540745499353577],[-97.14772771669621,48.543893153391693],[-97.142918937392878,48.583734677027088],[-97.100012478733433,48.667928169198667],[-97.121256287406595,48.713595329840921],[-97.152590971533172,48.772604467823207],[-97.187364491535618,48.867600522497057],[-97.227856294733357,48.94586665174571],[-97.229041080652038,49.000689730553084]]]}},
{"type":"Feature","properties":{"STUSPS":"MD","NAME":"Maryland"},"geometry":{"type":"MultiPolygon","coordinates":[[[[-76.046208162966082,38.025532743888142],[-76.007332029252822,38.03670579078976],[-75.9800838152658,38.004890762371204],[-75.984641512152677,37.938121084923644],[-76.046523934989068,37.953585978292104],[-76.046208162966082,38.025532743888142]]],[[[-79.48437104057912,39.344298965983704],[-79.482364843130043,39.531687208452382],[-79.476661829841348,39.721076580332472],[-79.392458155951743,39.72143802842686],[-79.045575180316675,39.722926988735964],[-78.928415082881827,39.722997660801504],[-78.808298267021669,39.723070109526738],[-78.723576641898276,39.723121222978023],[-78.380475821352931,39.722703756790217],[-78.342832287295366,39.722657952650458],[-78.342591768797206,39.722657659990844],[-78.098969077661636,39.722466209920377],[-78.075859317746506,39.722448054159265],[-77.768641142969287,39.721538244510143],[-77.469271749175448,39.720228616869861],[-77.469142753809265,39.720228619291646],[-77.45913632204477,39.720228807156644],[-77.239949367839571,39.720232934444809],[-77.21702311838159,39.720217241091127],[-76.999317343933228,39.720068218950516],[-76.99106130333044,39.720062574486484],[-76.787096155242082,39.721049411947142],[-76.715769965614243,39.721394432478412],[-76.697657144628465,39.721402570724287],[-76.569448404049822,39.721460175909073],[-76.418979115027426,39.721527722213374],[-76.23968220214951,39.72164376229339],[-76.233483459045885,39.721647758344439],[-76.233277806096552,39.721648013507107],[-76.135695854607363,39.721769087610298],[-75.788594292281118,39.722200414973884],[-75.766902122060927,39.377653802076971],[-75.766892514916833,39.377501208896561],[-75.760438718018534,39.296792021592509],[-75.756432399315145,39.246690040155407],[-75.748151706968059,39.143134105825922],[-75.723098453551728,38.829828398729056],[-75.707549921327725,38.635386940788855],[-75.7075458946738,38.635336585690744],[-75.701772071156384,38.560768459972245],[-75.700376472370223,38.542744518419262],[-75.693715064081147,38.460129423317781],[-75.479276745186425,38.453700559261016],[-75.341280921016519,38.452439973530453],[-75.185448564639884,38.451016239611945],[-75.048932712512652,38.451267673958853],[-75.085510338479452,38.324274366964943],[-75.102939179619469,38.311529298443006],[-75.143220335620128,38.220478819724306],[-75.177384854306524,38.130016837195079],[-75.193786653400167,38.096015442629344],[-75.242256177042876,38.027210553300883],[-75.624332484507988,37.994211331976338],[-75.669702195375251,37.950796307009568],[-75.722654245191748,37.97131030438846],[-75.783807762454288,37.97259421712738],[-75.86071927463594,37.91831017919916],[-75.892678539860952,37.916848147576175],[-75.89895002581477,37.974514007604128],[-75.857500472377936,38.038778008789933],[-75.858874526817843,38.060135050759385],[-75.86380364910319,38.100968127378003],[-75.937083343934148,38.124209062593621],[-75.942369395691742,38.187066179733478],[-75.864097826247814,38.200858332244117],[-75.875441248721373,38.219709654661436],[-75.888507053793163,38.241423375838842],[-75.923760364872535,38.246285605146966],[-75.94449441350217,38.249145299965967],[-76.038929845280109,38.254932190255779],[-76.031982907668748,38.187420063769295],[-76.011910939454594,38.122213953347106],[-76.005898976904547,38.077169870296238],[-76.048687086124218,38.086727858823629],[-76.095543156899112,38.125122897501477],[-76.0886340330688,38.192649028843562],[-76.135508072200196,38.232185063963115],[-76.21760826394609,38.305683153720111],[-76.257662368371683,38.324855160941368],[-76.249995384591372,38.36230425056273],[-76.280546498711843,38.403143313011881],[-76.336355714465185,38.492235444987763],[-76.277456632705039,38.541851616934345],[-76.290038695321968,38.569158659451539],[-76.279584721121651,38.609520759380239],[-76.23118263757874,38.614010815578169],[-76.203060598106845,38.610741817651501],[-76.165430550421902,38.610200828636245],[-76.170157487236139,38.640842923769341],[-76.1751546761935,38.673236929705965],[-76.200329692230696,38.670774929041663],[-76.238720780307432,38.712846023795663],[-76.275010838742659,38.712714987986693],[-76.322413899423722,38.67930484282725],[-76.347993962453046,38.686234817065525],[-76.340538997431906,38.730338916872761],[-76.390346143272112,38.757004881494076],[-76.379735214292921,38.788314945989868],[-76.310077111393127,38.796847071698771],[-76.271571231350265,38.851772204527606],[-76.219324054051086,38.812372182597862],[-76.191086116537676,38.829661207433624],[-76.196864973783377,38.855743215391506],[-76.205059350369609,38.892727310665897],[-76.203634482691584,38.92838336985578],[-76.250864471925169,38.928251330947369],[-76.317943498073504,38.911313215527862],[-76.334015356683722,38.860239121494274],[-76.376198392414764,38.850462043628809],[-76.361723639402427,38.939176194340305],[-76.322292807405162,39.006376336080024],[-76.301843881296406,39.03965238765376],[-76.265033461923096,39.028552382767096],[-76.231761780982424,39.018519468227332],[-76.233453962447769,39.091386546854487],[-76.246478062942941,39.119589540553086],[-76.278524160715875,39.145765507983427],[-76.243163309865352,39.213363643735512],[-76.21125032910561,39.269813811828627],[-76.177701323580578,39.298702915531571],[-76.159670468770017,39.335910922946354],[-76.110524575144922,39.372258979517383],[-76.061496420322641,39.387750155050377],[-76.040959619740249,39.394239058512611],[-76.006877763908506,39.414529035930308],[-76.012310143474139,39.453116864623162],[-76.037644430018787,39.45264422726806],[-76.06092914061999,39.45220982650396],[-76.146370859164037,39.405311837290817],[-76.224158741268752,39.35278172520001],[-76.296606624600102,39.301138589869957],[-76.325415877273969,39.272906612494197],[-76.349991467185276,39.248823459243759],[-76.384344070688513,39.235901998723534],[-76.39550643546454,39.231703364043398],[-76.425278380771246,39.20570929725416],[-76.463480394796548,39.205909229382875],[-76.498381404685347,39.204809167003823],[-76.504005982979052,39.199287404853528],[-76.525782340272443,39.177909110960691],[-76.428678202321436,39.131710258234349],[-76.421857075748065,39.081443245748339],[-76.420390978371856,39.042071229481003],[-76.394076880966324,39.011312248516447],[-76.448977855048525,38.98281214661499],[-76.471277810000302,38.956513074663434],[-76.450276747080352,38.941114077519117],[-76.469376684360981,38.907613996326383],[-76.473972841709141,38.902694360280108],[-76.490676656952203,38.884814927594903],[-76.51694057125782,38.851157845066886],[-76.489874543816143,38.838715850762249],[-76.526975394529302,38.787016746631103],[-76.558739257741934,38.756352712895165],[-76.526651281844295,38.724430649131861],[-76.527088820491372,38.712750930164333],[-76.528919237582656,38.663889543913534],[-76.51127421507401,38.615745463282778],[-76.517502151736423,38.539149331939207],[-76.492695080921152,38.482849255496184],[-76.45093294923899,38.442422225964776],[-76.393373765375756,38.389477180326459],[-76.38699772602439,38.361267130454934],[-76.400190349574586,38.319871982377286],[-76.402889724755383,38.311402019836002],[-76.374476639808648,38.29634801153567],[-76.392663668890549,38.239662883607082],[-76.353511698161313,38.178134779938134],[-76.320131702422287,38.138338731330997],[-76.330789811984658,38.099330640370567],[-76.322088928145476,38.036502525084586],[-76.371785948349483,38.079564546786465],[-76.43042100378392,38.119382566793419],[-76.481032129782207,38.115872499499716],[-76.540376298247935,38.152990628204812],[-76.590633379404295,38.214211765754101],[-76.673458667204187,38.234400785286546],[-76.740051937484893,38.235226780397305],[-76.80594604378507,38.252274815439883],[-76.827033203450554,38.258299941640608],[-76.864289124937102,38.268944882615976],[-76.922174106619195,38.311338947575486],[-76.97548908077988,38.347326981951454],[-77.001634851501265,38.421951984681847],[-77.016367873496108,38.445571974547128],[-77.075486368635623,38.424709955661648],[-77.123322727247782,38.410645950157949],[-77.21118630803106,38.380661970514936],[-77.259960690675499,38.435820865565091],[-77.246582555257262,38.538340750590415],[-77.183764851537092,38.600698805477947],[-77.129081412343169,38.614363859286932],[-77.130197373543396,38.63501685773867],[-77.132498300393067,38.673815854513727],[-77.085781706827149,38.705281185827204],[-77.07949589627718,38.709514910836091],[-77.05319573601777,38.709914939204403],[-77.040994630318849,38.737913953817852],[-77.040669189351661,38.74669188511816],[-77.039236578945037,38.785336327448938],[-77.039002708307592,38.791645010151804],[-76.979493646724919,38.837812147041404],[-76.909389729092453,38.892852337324655],[-77.002543353525198,38.965531939535509],[-77.041015211440254,38.995548272019519],[-77.119756178099237,38.934343169878822],[-77.119786334899956,38.934376725218364],[-77.146598219518879,38.964210214691782],[-77.18003287674108,38.966423199753564],[-77.202499259661963,38.967910213240948],[-77.249800253473865,38.985909246476794],[-77.248400224789833,39.026909247653983],[-77.310702358725649,39.052008266857875],[-77.330035107106056,39.055952390709557],[-77.342989034097016,39.058595154653617],[-77.359699466322454,39.062004292760506],[-77.462614692143319,39.076248352669715],[-77.481276737041441,39.105658325485855],[-77.519926854040719,39.12092534275066],[-77.521219845886336,39.161057301026183],[-77.485968758937972,39.185665216072316],[-77.459880706023412,39.218682154253045],[-77.460063332947669,39.218843097997443],[-77.496603789748804,39.251045130074715],[-77.553111775993898,39.2792682692074],[-77.588232746623248,39.301955339419564],[-77.666127757564595,39.317008533843691],[-77.677693524161782,39.317941381432995],[-77.719516777817333,39.321314673175955],[-77.74592769890404,39.353221649628473],[-77.740009553128459,39.40169448862099],[-77.798198490230305,39.475719222466623],[-77.810941350238025,39.500739321474562],[-77.823759480388944,39.52590715381028],[-77.829811468124859,39.587288173714285],[-77.925985807530211,39.607642127164489],[-78.006732090996692,39.601337071897611],[-78.027627247457744,39.620656023717011],[-78.082258307183892,39.671166018036942],[-78.225073664010239,39.658877810589011],[-78.313031680598357,39.631000722792002],[-78.33278669450786,39.628527301949852],[-78.382957654048056,39.622245662299207],[-78.438177583169534,39.563523646354966],[-78.460949542516232,39.525986651945765],[-78.468268136446511,39.526223917058537],[-78.590652326753442,39.530191412940198],[-78.655034383241556,39.544381508936432],[-78.707096132514707,39.555856158320928],[-78.739048249676628,39.609696126761918],[-78.771138358835998,39.638386104868815],[-78.851014091662947,39.554042908494452],[-78.942615974057787,39.479612717979869],[-78.956749162248443,39.440262781033333],[-79.035621019878022,39.473342595803601],[-79.067445448758136,39.472807268876473],[-79.091327056166762,39.47240555023189],[-79.166495343578021,39.400886665194918],[-79.262390717744935,39.32624264273948],[-79.28372169370418,39.309638888140476],[-79.353748926028388,39.278038099293688],[-79.424412217400857,39.228170397200671],[-79.486872400193008,39.205960562803043],[-79.48437104057912,39.344298965983704]]]]}},
{"type":"Feature","properties":{"STUSPS":"IA","NAME":"Iowa"},"geometry":{"type":"Polygon","coordinates":[[[-96.621876833450131,42.779253920148648],[-96.577938907179558,42.827643928708035],[-96.537853035788558,42.878473929489616],[-96.540474516206643,42.908594620598052],[-96.541691256782073,42.922574919544878],[-96.500310355714504,42.959389915658839],[-96.520248483611795,42.977641909489726],[-96.492695575803126,43.005087925130958],[-96.511607720498148,43.03992594398013],[-96.45820377031086,43.067553060148931],[-96.452100334358605,43.082552013039262],[-96.439337918322252,43.11391514549176],[-96.458857036847434,43.143355135996174],[-96.475574323590877,43.221053182106921],[-96.522087360498958,43.220959114212917],[-96.552966471845053,43.247280108724745],[-96.5590308746701,43.257554785157893],[-96.578826767010966,43.29109411174997],[-96.530395754704969,43.300033161421467],[-96.52429301314551,43.34721319271803],[-96.521576223161304,43.385639215734471],[-96.594258760303916,43.434152194189323],[-96.584607960801435,43.469609223863223],[-96.598933231699192,43.500456235891676],[-96.453264580425014,43.500389403758518],[-96.198487701840207,43.500334970272434],[-96.053166347171242,43.500187868938326],[-95.860949432641334,43.499993294092576],[-95.834424190607848,43.499966443290091],[-95.486805785635298,43.500247027467871],[-95.454435012621317,43.50032316159168],[-95.387790343984221,43.500479905842504],[-95.214940672954398,43.500886424237386],[-94.914615858624131,43.500597584724282],[-94.874237313536327,43.500558733146335],[-94.854557351750074,43.500555162743566],[-94.442848943055679,43.500480705897118],[-94.390596011035512,43.500471430578528],[-94.247966612619848,43.500178543611213],[-93.970759923654228,43.499609422855464],[-93.648534663985629,43.499539497207245],[-93.576729783545218,43.499523814322693],[-93.497353267733033,43.499534327865078],[-93.228862693165851,43.499570116036146],[-93.04919322881284,43.499560183568732],[-93.024349056249193,43.499558810137948],[-92.870278024623985,43.499550716261773],[-92.55316207779164,43.500303226671278],[-92.553129168329534,43.500303263049226],[-92.44894899026086,43.50041807446042],[-92.178863628109781,43.500715074844393],[-92.079802426793023,43.500706889087603],[-91.824848048543728,43.500685938528804],[-91.730216853291552,43.500687655291649],[-91.610834280039541,43.500689917708307],[-91.491040773647725,43.500692161323187],[-91.217705608780335,43.500551679333235],[-91.232275790571549,43.450953782880433],[-91.210663283323527,43.419443623832855],[-91.199407984314618,43.403033869189734],[-91.207367095226772,43.373660931063831],[-91.154806147721359,43.334827973635583],[-91.107237098213474,43.313646976568577],[-91.057910020453718,43.253970026452386],[-91.087456123138949,43.221893098690572],[-91.134173241192073,43.174407215990328],[-91.17525330510631,43.134667324415879],[-91.174935155399879,43.080262779793664],[-91.174692193174067,43.038715471686729],[-91.159084492736028,42.987480319258388],[-91.155519230713367,42.975776540542597],[-91.138000516656291,42.903774605243676],[-91.098820699074992,42.864423523998227],[-91.070717131706743,42.77550446463119],[-91.017241254849822,42.719567692797874],[-90.94156979999461,42.683845145641534],[-90.896964620763328,42.674319198802152],[-90.852499309457741,42.664823181154524],[-90.743678294292877,42.645561447163473],[-90.700857088062364,42.626446394453133],[-90.672728100195854,42.576600187574222],[-90.642844096868373,42.50848189221],[-90.646728088287531,42.471904631465534],[-90.590416561364435,42.447493465783531],[-90.565248366994496,42.438742407337038],[-90.517516122068059,42.403019140639842],[-90.4843456715017,42.381597773138253],[-90.446319825333816,42.357040816770599],[-90.417124749676518,42.319942468586902],[-90.430884008855131,42.278229066824963],[-90.400652840571198,42.239291689581812],[-90.338168315463946,42.203319421847468],[-90.315145380508,42.193715220137896],[-90.269078876454202,42.174498200531133],[-90.207419862786821,42.14910713270492],[-90.161157976570863,42.106370035179253],[-90.163445039380235,42.040404779102211],[-90.159681502336312,42.033085015293615],[-90.140612100873255,41.995996678424298],[-90.156901016502943,41.938178821229918],[-90.158152038637382,41.929841071666402],[-90.165063938025895,41.883774973748068],[-90.181399853020935,41.844645075856057],[-90.180641811425772,41.811977178433281],[-90.242366847047023,41.782766953842923],[-90.248629576582033,41.779803233971009],[-90.310706189896479,41.742212352054686],[-90.311854977098093,41.728531274949219],[-90.314684973597295,41.694828459098119],[-90.336726777606444,41.664530534668259],[-90.339525526148918,41.598631691494418],[-90.364125419651344,41.579631753303588],[-90.415827306463939,41.562931833685838],[-90.461429203294173,41.523531981943449],[-90.513131189829537,41.51953205222231],[-90.571133202341827,41.516331158352834],[-90.618534217346848,41.485031222025185],[-90.701156333837318,41.454742347343682],[-90.786279472988554,41.452887569372599],[-90.867279675921239,41.4482147849955],[-90.924340934219643,41.422859956607006],[-90.966660002204023,41.430051064780564],[-91.027785111116359,41.423603197407843],[-91.065056379424846,41.369101310711109],[-91.07155052461782,41.33965135542099],[-91.074086172639724,41.334321167510211],[-91.074414050116189,41.333631935949221],[-91.114184902329526,41.250029533537578],[-91.08144404141963,41.214429211548698],[-91.041535267259647,41.16613785113443],[-90.997905399210367,41.16256382988437],[-90.957245475722175,41.111084466150167],[-90.952265030885656,41.072731005791852],[-90.951893767627809,41.069871976520091],[-90.945323816227926,41.019277971246112],[-90.952232834903953,40.954045824973811],[-90.985461743394822,40.912139822009479],[-91.044652404044257,40.868354772686757],[-91.092992065072451,40.821077784152884],[-91.09170198372918,40.779706836990762],[-91.115733892493495,40.725166763247607],[-91.118221907623209,40.699533270758536],[-91.120819052705684,40.672775469544987],[-91.185459662641435,40.638110121001965],[-91.186979055306125,40.637295304272989],[-91.247849938006354,40.638388345698822],[-91.339717860854932,40.613485860334684],[-91.37425101338728,40.582587602130673],[-91.394474355893948,40.534540349915645],[-91.367875594379981,40.510476303538361],[-91.379906710188351,40.452107211725384],[-91.372920780517845,40.399105188333706],[-91.419421713637391,40.378261150608239],[-91.498092545522212,40.401923095323575],[-91.519133446793873,40.432819043848674],[-91.563843249478467,40.460984920107698],[-91.608346036535437,40.50003672705089],[-91.618997679311235,40.539080785144812],[-91.670991398496128,40.550933665757547],[-91.685379140158901,40.578888691481019],[-91.716652848130693,40.603736803934652],[-91.729112753166547,40.613636654554249],[-91.939288708665259,40.606147360051324],[-91.943114147703227,40.606057962120012],[-92.179776104847249,40.60052679151071],[-92.350800350687479,40.59725520973366],[-92.453741334136609,40.5952860059529],[-92.637900116238725,40.590955089835646],[-92.686689971117573,40.589807723139948],[-92.7145943187911,40.589581660612261],[-92.94159301325459,40.587742605027536],[-93.097289508190244,40.583823510095456],[-93.135800313876985,40.58285412224695],[-93.345440414315959,40.58051449252487],[-93.374384697116426,40.580397557791557],[-93.556895300696951,40.579660105642063],[-93.597350684819332,40.579496587603536],[-93.774343062020748,40.577530853839484],[-93.840928711893454,40.576791251040284],[-94.015490339998223,40.574073608484035],[-94.091083204274511,40.572896922229475],[-94.232238653361279,40.572014577637724],[-94.310721883254374,40.571523947998948],[-94.471205532418153,40.570959344357455],[-94.533876052660347,40.570738949289023],[-94.63202473579274,40.571759754725264],[-94.819976958755305,40.573713601275763],[-94.914895722959628,40.57491964063513],[-95.068918150353923,40.576877179811667],[-95.202263734196819,40.578372275297014],[-95.335586606707636,40.579867354895342],[-95.373923955695659,40.580328690223887],[-95.533182065312445,40.582245414270467],[-95.765646382230855,40.58520600359779],[-95.748627374672395,40.603352960674968],[-95.781910314128481,40.653269900730592],[-95.846035199447257,40.682602889176636],[-95.888698061401016,40.736289857494221],[-95.834157101383269,40.783013781548384],[-95.834244917015155,40.783782168280368],[-95.841310014144582,40.845601754922264],[-95.810710012165174,40.886678720250501],[-95.818728264429723,40.897945785224962],[-95.837774924909425,40.924709713311287],[-95.8283298804824,40.972375687574896],[-95.865878713236896,41.017400684904501],[-95.864785304929612,41.052843201570305],[-95.863839390597931,41.083504707388592],[-95.868688192733529,41.124695722066811],[-95.861898078645041,41.160300081795064],[-95.856787867584572,41.187095742275829],[-95.909689985575397,41.184395746753083],[-95.909912827531784,41.191418586581626],[-95.911390770887223,41.237995765135075],[-95.890151639930778,41.278305832746497],[-95.92568973192337,41.322194942897987],[-95.92878971909586,41.370094058241889],[-95.927335946962387,41.389986042756547],[-95.922528656113727,41.455764260089992],[-95.982961862473118,41.469776325318136],[-95.994020279466142,41.506889064269359],[-96.005078878663582,41.544002505868811],[-96.08049278535799,41.52819737305051],[-96.091819779473497,41.561084430040211],[-96.118104781049723,41.613493506992711],[-96.111482811003484,41.668546634335307],[-96.107937686208942,41.676507646481689],[-96.087599823543854,41.722178786758917],[-96.064536892208011,41.793000994613905],[-96.107911021735774,41.840338055326029],[-96.126821343060342,41.866094346403131],[-96.159098207869874,41.910056178067165],[-96.132537307537689,41.974624386467589],[-96.223611451075683,42.022651373137109],[-96.27287743629671,42.047237338101787],[-96.268900416998505,42.113589373854381],[-96.347752277078897,42.166805350134823],[-96.337216367851013,42.214848893121641],[-96.336323272836907,42.218921389200148],[-96.336003231288473,42.264805398385796],[-96.351957379208699,42.280894081341948],[-96.40799812980903,42.337407275112795],[-96.41180812372275,42.410893186296157],[-96.381307007534005,42.461693183229556],[-96.445508260670465,42.490629026557606],[-96.477454446226375,42.509587950690282],[-96.492970538934628,42.51728092069974],[-96.476952605404762,42.556077966228791],[-96.48002311330805,42.561323737856007],[-96.526767032274279,42.641182923200958],[-96.591603393815191,42.688079903367523],[-96.624705634898291,42.725495907002305],[-96.621876833450131,42.779253920148648]]]}},
{"type":"Feature","properties":{"STUSPS":"DC","NAME":"District of Columbia"},"geometry":{"type":"Polygon","coordinates":[[[-77.119756178099237,38.934343169878822],[-77.041015211440254,38.995548272019519],[-77.002543353525198,38.965531939535509],[-76.909389729092453,38.892852337324655],[-76.979493646724919,38.837812147041404],[-77.039002708307592,38.791645010151804],[-77.039063187691582,38.841271963372137],[-77.039095897188588,38.86811210831695],[-77.090197094929238,38.904211132944809],[-77.119756178099237,38.934343169878822]]]}},
{"type":"Feature","properties":{"STUSPS":"OH","NAME":"Ohio"},"geometry":{"type":"MultiPolygon","coordinates":[[[[-82.863336683442483,41.693691447070805],[-82.825714427160477,41.722808078031115],[-82.782713790179614,41.694001412984768],[-82.788871384550959,41.643046101768981],[-82.842094367142693,41.628322199409631],[-82.863336683442483,41.693691447070805]]],[[[-84.820156287017866,39.227224119088092],[-84.818874607256447,39.305142484616859],[-84.818874235757363,39.305165070051359],[-84.81745000672305,39.391751677853243],[-84.816157037732339,39.521966485952518],[-84.81570278446209,39.567719989966847],[-84.814125834808806,39.72655414996904],[-84.814124972739123,39.726614661521673],[-84.811414453954626,39.916912059233603],[-84.810158834220104,40.005066132306169],[-84.808703484889278,40.107214753040694],[-84.807340925197494,40.180173852092807],[-84.804914258955165,40.310094758276918],[-84.804117222402525,40.352760976087232],[-84.80411569488777,40.352842745602878],[-84.802542798419552,40.501808416387668],[-84.802409644708177,40.572211535288119],[-84.802114727117484,40.728145120013245],[-84.802114694845912,40.728162183198542],[-84.802665837295294,40.922568085046052],[-84.802855232315309,40.989373467004832],[-84.803229510744615,41.121413521284808],[-84.803640395628676,41.252561310693402],[-84.803697992709274,41.27093152294951],[-84.804128665270937,41.408291685414291],[-84.804248951783052,41.426049403615295],[-84.804953998218906,41.530137500896323],[-84.806077992014949,41.696088510613862],[-84.43806258875648,41.704901809217723],[-84.399544356271079,41.70592000026155],[-84.360414593249345,41.706954358832775],[-84.134412708273544,41.712928810475923],[-83.880386423078633,41.72019177420119],[-83.763145826825834,41.723543810984765],[-83.763033975482841,41.723547008935995],[-83.453827000851064,41.732643359921703],[-83.40952584925823,41.691244002287206],[-83.326819513345171,41.70155890929324],[-83.231654096660023,41.644216374200973],[-83.163815694654915,41.624129168110557],[-83.066587675255505,41.595339209906939],[-83.028066986027241,41.555655471661026],[-82.93436481765869,41.514352986249769],[-82.859526793742916,41.576370739243117],[-82.834096814958457,41.587586699547394],[-82.717874910194979,41.541930577631618],[-82.69056462095557,41.496706819276312],[-82.687918442732652,41.49232496553752],[-82.616949249718331,41.42842504800084],[-82.533205226176676,41.391156447927607],[-82.460596299011513,41.386315180513442],[-82.361781511913492,41.426643147378904],[-82.34801672761553,41.427262406500056],[-82.268476568730705,41.430840807550432],[-82.181595912967808,41.471632521790902],[-81.994563730179763,41.514437276165189],[-81.968479508372113,41.50385828784971],[-81.93786080997603,41.491440301827069],[-81.843918726565846,41.494548296402499],[-81.810757036841295,41.495645422658633],[-81.738754142873631,41.488547461584751],[-81.633651343672994,41.540455325789814],[-81.48868189619138,41.634461271696878],[-81.466037109481022,41.649145377488033],[-81.388630864126824,41.707141472898122],[-81.286923716758622,41.76024051737317],[-81.184367021373134,41.786668597885111],[-81.051919505326097,41.839554927399583],[-81.002269103915239,41.849170476151762],[-80.900340806643854,41.868910039642344],[-80.800792312990893,41.909633353134936],[-80.581881360902003,41.957609279801957],[-80.519424686807525,41.977522556577647],[-80.519396433034359,41.849561750700296],[-80.519356830459827,41.669765421726488],[-80.519176188316379,41.499339067951198],[-80.519165307226999,41.489108685413875],[-80.51889240195591,41.23255466056159],[-80.519196186357775,41.133217247527597],[-80.519221033247021,41.125092321870177],[-80.519889457089434,40.906659780678829],[-80.519868167397959,40.900322709290997],[-80.519703592673636,40.851335510126788],[-80.518989199380911,40.638799565649364],[-80.583631207056513,40.615518495380798],[-80.627169201370521,40.619934482055505],[-80.667955127187327,40.58249441924346],[-80.622193024637895,40.520495370846824],[-80.604893005293121,40.446665330519671],[-80.627360639302793,40.395169216519491],[-80.631594008237997,40.385466274046792],[-80.606594054989458,40.303867253395978],[-80.644596008668415,40.25126817925873],[-80.684171115962542,40.187015981074047],[-80.702573171706263,40.157139316582523],[-80.705991861978589,40.151588901400785],[-80.736801813580385,40.080069690506512],[-80.738206029470462,40.033876793408375],[-80.740123825112988,39.970790571140164],[-80.764476854591265,39.950247567148864],[-80.803391894675826,39.918759579162682],[-80.823436037839159,39.850029836478285],[-80.824273934197038,39.847156756721169],[-80.824966955461093,39.801089892787367],[-80.86993093185626,39.763552992140546],[-80.835519637748988,39.71924990454086],[-80.82976194403075,39.711837118038943],[-80.865572880494526,39.662749200868952],[-80.943779806918883,39.606924266660265],[-81.037362809086702,39.538054074737481],[-81.075947760045736,39.509658425196136],[-81.121271638365656,39.457695900465374],[-81.12853078853972,39.449373494095525],[-81.185943813059296,39.430729524409131],[-81.249085874185113,39.389990559523611],[-81.347564938814585,39.345768695668632],[-81.370387744490273,39.348699396080157],[-81.393791931439608,39.351704752587892],[-81.412703832416923,39.394616772077832],[-81.456140783731769,39.409272828569691],[-81.503186873438395,39.373240892594715],[-81.559644904393053,39.33077300677283],[-81.565244992029633,39.276174023446934],[-81.613893864348256,39.275338127266686],[-81.67832869280204,39.273754265141669],[-81.711625696466953,39.21922726892123],[-81.721465841615483,39.21096007661157],[-81.752751755647736,39.184675249472868],[-81.752294806066828,39.181033987099397],[-81.742951087020913,39.106577029470742],[-81.750264935926282,39.104030223987756],[-81.807853384299364,39.083976915208147],[-81.793302506958128,39.040351799573266],[-81.775732587126228,38.980735662901083],[-81.827352648615815,38.94589651086936],[-81.898468753581042,38.929601380645529],[-81.941828083246904,38.993293428040808],[-82.007061187677252,39.029576466612717],[-82.041562113697253,39.017876375458933],[-82.089063902764067,38.975976190207689],[-82.098865473866439,38.960877431913062],[-82.134764565998807,38.905576977878127],[-82.161568310132239,38.82462974794953],[-82.209288222699854,38.802669591511901],[-82.201535145798374,38.760369504020886],[-82.185565318938416,38.659580675678775],[-82.17516541446426,38.608481771566773],[-82.218965513821544,38.591680779005358],[-82.274268564505306,38.593680791540855],[-82.282131948783658,38.579858632205678],[-82.293269661020446,38.560280897176291],[-82.304221824696441,38.496306052840502],[-82.323997848136401,38.449266052892263],[-82.381771879095325,38.43478108038844],[-82.447074913748992,38.426980109088042],[-82.508965903520135,38.414642038396615],[-82.560662981606797,38.404336152413023],[-82.59367198695017,38.421807195451173],[-82.618472986702798,38.477087258615121],[-82.664119797526297,38.507716477885523],[-82.675722998224657,38.515502276742509],[-82.724844936816112,38.557598253015158],[-82.800110931434887,38.563181217482516],[-82.811541294781421,38.572367791276093],[-82.851312851796749,38.604332152682595],[-82.869590748333792,38.678175106481],[-82.871190692627778,38.718375087855271],[-82.889191667824363,38.756074073318672],[-82.943145763582422,38.743278061758403],[-83.011814837457536,38.730055051267108],[-83.03033375115055,38.716865730100217],[-83.042336808324848,38.708317054822686],[-83.112370736066069,38.671683062718735],[-83.128971719746843,38.640229063827753],[-83.172645670820216,38.620250068310206],[-83.239513594209228,38.628586076431574],[-83.264266259479058,38.613130067933575],[-83.286512546402776,38.599239089114597],[-83.320529519852187,38.622711104722889],[-83.376300486323828,38.661471135971645],[-83.440402441585121,38.669359167605336],[-83.533337513314308,38.702103124727998],[-83.626920689554694,38.679384922307662],[-83.642992584744832,38.643270954836417],[-83.646960134904475,38.641831695012243],[-83.679482575418916,38.630033929131315],[-83.705856199303966,38.638034495457525],[-83.772158693502234,38.658147755940682],[-83.783618816701619,38.695638642244234],[-83.834013515006234,38.716005651309139],[-83.852083459588272,38.751430581777612],[-83.904372944906413,38.76728157928197],[-83.928451602551348,38.774580762036742],[-83.978811122410903,38.787101881218661],[-84.051638991690552,38.771395002216963],[-84.052606537767247,38.7716047332488],[-84.135084887830189,38.789483225191923],[-84.212900827494238,38.805705430579216],[-84.226152002633853,38.829762177904449],[-84.233261772773403,38.842669550871832],[-84.232301774087802,38.874706510163321],[-84.232128720651289,38.880481625538025],[-84.288160724726069,38.955787866762513],[-84.297251723268403,38.989692939268956],[-84.32120403935042,39.020585342860649],[-84.326535836186295,39.027461996983845],[-84.400937022573473,39.046361054416771],[-84.432938113546257,39.08396005568126],[-84.445239150963346,39.114460040474178],[-84.462039178032498,39.121759037274465],[-84.480940203205236,39.116759043808798],[-84.493740220472901,39.102459060514974],[-84.506515976410668,39.101765473836679],[-84.550841299426992,39.099359087774779],[-84.607925403012089,39.073237150512647],[-84.622044856355913,39.078333827083227],[-84.677244473296653,39.09825914503547],[-84.711926770878691,39.130677702824826],[-84.714045455735985,39.132658099918672],[-84.750746459520158,39.147357085157289],[-84.820154633386252,39.105479516211844],[-84.820156287017866,39.227224119088092]]]]}},
{"type":"Feature","properties":{"STUSPS":"NE","NAME":"Nebraska"},"geometry":{"type":"Polygon","coordinates":[[[-104.053142373544816,41.114459098004247],[-104.052453385840508,41.278204626390028],[-104.052287089739536,41.393216909599708],[-104.052286955270489,41.393309909635121],[-104.052633739072832,41.564279183134232],[-104.052733868209074,41.613679581313662],[-104.052823453219546,41.69782673742445],[-104.053024064445992,41.885468122960788],[-104.052760188164598,42.001734440988045],[-104.052727039069524,42.016322274582841],[-104.052790412276494,42.249967868455499],[-104.053108066455877,42.499970475611576],[-104.052664758305752,42.611772768752651],[-104.052588823910469,42.630923467020239],[-104.053131841959882,43.000590854301038],[-103.505104342220548,43.000764698370453],[-103.476137326584947,43.000773881345836],[-103.00061119542147,43.000263457790886],[-102.792111941093836,43.000039863844869],[-102.408639872265212,42.999628675802136],[-102.082546873832669,42.99914300146078],[-102.082485149828628,42.999142909539124],[-101.22801060670858,42.997869707655909],[-101.0004262259841,42.997530556263037],[-100.198410180439211,42.997975688906827],[-100.198408969384914,42.997975689579626],[-99.850033773820812,42.998169292649308],[-99.534052543531615,42.998195537547431],[-99.254452787009981,42.998218983108963],[-98.847989936458276,42.998252891200053],[-98.498548031197871,42.998556997507698],[-98.478917214569336,42.96353604196895],[-98.434501511061555,42.92922404747646],[-98.386443769563996,42.918403993547599],[-98.308185995228371,42.886486173034086],[-98.280006315424359,42.874992961963549],[-98.231921534466863,42.86113695491661],[-98.152586516214541,42.841150365318342],[-98.148059878871493,42.840009986529608],[-98.104700004538458,42.808472106224663],[-98.035034153582231,42.764202302344302],[-97.950147435644169,42.769616323747123],[-97.905001652726156,42.798869246342541],[-97.876887876796204,42.852660068571545],[-97.857957961620173,42.865090056968469],[-97.801345101236649,42.858000194730288],[-97.70103136801842,42.843794417611413],[-97.635443676169515,42.85180659229863],[-97.599261701850864,42.856226576750103],[-97.515949956537099,42.853749730435446],[-97.484918919613065,42.850000988067379],[-97.452179122874924,42.846045803071966],[-97.417068226395429,42.865915830815865],[-97.34118341143639,42.855879900102096],[-97.302077531638332,42.865657931918811],[-97.237870634530211,42.853137010676647],[-97.213959541839387,42.820141078990645],[-97.165072845309055,42.791614847172475],[-97.131333390153259,42.771927293706781],[-97.024852332665375,42.762428552132945],[-97.015633425994039,42.756524039191383],[-96.965681196425351,42.72453062484518],[-96.906799190395702,42.733798695046715],[-96.807372609814678,42.700677751121567],[-96.801653998401406,42.698772769956598],[-96.778183842847525,42.662991761540695],[-96.697640623765608,42.659141826471767],[-96.70930145380639,42.603751772239931],[-96.658755164458867,42.566424787220797],[-96.627946398471366,42.527094925580933],[-96.611489824217927,42.506086790426657],[-96.525142612963577,42.510232878928164],[-96.501321483815261,42.482747929210738],[-96.445508260670465,42.490629026557606],[-96.381307007534005,42.461693183229556],[-96.41180812372275,42.410893186296157],[-96.40799812980903,42.337407275112795],[-96.351957379208699,42.280894081341948],[-96.336003231288473,42.264805398385796],[-96.336323272836907,42.218921389200148],[-96.337216367851013,42.214848893121641],[-96.347752277078897,42.166805350134823],[-96.268900416998505,42.113589373854381],[-96.27287743629671,42.047237338101787],[-96.223611451075683,42.022651373137109],[-96.132537307537689,41.974624386467589],[-96.159098207869874,41.910056178067165],[-96.126821343060342,41.866094346403131],[-96.107911021735774,41.840338055326029],[-96.064536892208011,41.793000994613905],[-96.087599823543854,41.722178786758917],[-96.107937686208942,41.676507646481689],[-96.111482811003484,41.668546634335307],[-96.118104781049723,41.613493506992711],[-96.091819779473497,41.561084430040211],[-96.08049278535799,41.52819737305051],[-96.005078878663582,41.544002505868811],[-95.994020279466142,41.506889064269359],[-95.982961862473118,41.469776325318136],[-95.922528656113727,41.455764260089992],[-95.927335946962387,41.389986042756547],[-95.92878971909586,41.370094058241889],[-95.92568973192337,41.322194942897987],[-95.890151639930778,41.278305832746497],[-95.911390770887223,41.237995765135075],[-95.909912827531784,41.191418586581626],[-95.909689985575397,41.184395746753083],[-95.856787867584572,41.187095742275829],[-95.861898078645041,41.160300081795064],[-95.868688192733529,41.124695722066811],[-95.863839390597931,41.083504707388592],[-95.864785304929612,41.052843201570305],[-95.865878713236896,41.017400684904501],[-95.8283298804824,40.972375687574896],[-95.837774924909425,40.924709713311287],[-95.818728264429723,40.897945785224962],[-95.810710012165174,40.886678720250501],[-95.841310014144582,40.845601754922264],[-95.834244917015155,40.783782168280368],[-95.834157101383269,40.783013781548384],[-95.888698061401016,40.736289857494221],[-95.846035199447257,40.682602889176636],[-95.781910314128481,40.653269900730592],[-95.748627374672395,40.603352960674968],[-95.765646382230855,40.58520600359779],[-95.757111427965839,40.52598810048832],[-95.714292291159012,40.527205957525226],[-95.712281457744595,40.523752037726986],[-95.694727288201136,40.493600020138146],[-95.684364243811331,40.463364017663856],[-95.64941915259655,40.396147031120584],[-95.64102813854511,40.366397061069236],[-95.653730194087387,40.32258017738485],[-95.59865817374893,40.309807246905926],[-95.553293152696355,40.291156303767146],[-95.548183133693058,40.264412982470652],[-95.547871447566408,40.262781770803187],[-95.547161128529041,40.259064310792539],[-95.472549094037703,40.23607644117736],[-95.4810209861066,40.188522414577207],[-95.432165885452164,40.141023547033178],[-95.394216813305249,40.108261653996635],[-95.414734723190179,40.069818595922662],[-95.382957624138371,40.027110689541985],[-95.348777628704141,40.02929578991214],[-95.308290607337554,39.999996895626794],[-95.339896569581327,40.000027662999806],[-95.784576081693089,40.000461061626211],[-95.788112075982184,40.00046484047401],[-96.010679855521346,40.000702696861573],[-96.024091028244541,40.000717032570513],[-96.154365937135154,40.000493047334018],[-96.239172878253157,40.000689056571233],[-96.2392087566393,40.000689099329577],[-96.463713324321304,40.000956837056336],[-96.469946258519329,40.000964270525579],[-96.805768972444312,40.001366783342718],[-96.873812820754566,40.001448334859084],[-96.916407731300012,40.001452430089167],[-97.009165530367625,40.001461355071257],[-97.369199195338382,40.001937902733474],[-97.415833109671084,40.001999611727996],[-97.777155010471887,40.002165619987153],[-97.821500830986636,40.002185499774448],[-97.931824965522566,40.002234956909511],[-98.076034113268946,40.002299607881035],[-98.274017289301781,40.002336031525282],[-98.504454989235526,40.00237820798425],[-98.61375508528846,40.002398278538912],[-98.726373131353512,40.002334497367436],[-99.067018268552815,40.002142400303924],[-99.085596896613524,40.002131887433592],[-99.179132936477856,40.002107841013213],[-99.501791453392315,40.00202487598353],[-99.625326153876486,40.001776697519588],[-99.628253276092067,40.001770816990749],[-99.813400344434683,40.001398795893657],[-100.17779654679947,40.001564362790823],[-100.19358898541887,40.0015715445833],[-100.477016902276503,40.00175041607266],[-100.738823602529067,40.00226189093047],[-100.758828885457717,40.002300977918388],[-101.060315870481261,40.00230659526607],[-101.293990184461748,40.00255894913213],[-101.324035262995693,40.002565016339098],[-101.411028374684236,40.002582583452131],[-101.542272613566709,40.002609097490392],[-101.832161000105671,40.002933118763167],[-102.051744218550922,40.003077913224161],[-102.051309064937556,40.338381318125869],[-102.051308612258538,40.349221673630424],[-102.051304821134494,40.440008298681342],[-102.051294196091959,40.697546939891382],[-102.051292056893814,40.749591057384954],[-102.05161325402203,41.002377068030647],[-102.051716776241705,41.002377035763047],[-102.556788934483762,41.002219373330909],[-102.621032884715561,41.002223650360634],[-102.653463960066915,41.002225809454167],[-103.076535470685869,41.002254456998287],[-103.382491426846357,41.001927784836674],[-103.573774415427067,41.001722729036075],[-103.574522407751786,41.001721928033696],[-104.053249275806351,41.001407714535858],[-104.053142373544816,41.114459098004247]]]}},
{"type":"Feature","properties":{"STUSPS":"WA","NAME":"Washington"},"geometry":{"type":"MultiPolygon","coordinates":[[[[-123.237148076257725,48.683465960417379],[-123.070426779815662,48.699970763553189],[-123.019698755504848,48.721311725499255],[-122.979519261169074,48.781701796672834],[-122.937925830049153,48.790314839556586],[-122.818436375950739,48.744628774696032],[-122.743048960580168,48.66199066259604],[-122.799009518503325,48.604682584602237],[-122.771205257541354,48.56242552692779],[-122.779122886778012,48.508910450911898],[-122.817910860168979,48.483887476766697],[-122.803519934993375,48.42874760323582],[-122.874133974376363,48.418195635477865],[-122.928002959729142,48.439965588539806],[-123.039155057823862,48.460002614835929],[-123.141477360809262,48.505290721147276],[-123.202679769558088,48.59021387554899],[-123.237148076257725,48.683465960417379]]],[[[-124.725838297686366,48.386012094170781],[-124.653242339017368,48.390691053964161],[-124.546258196324899,48.353594048592619],[-124.380872919702668,48.284699068608717],[-124.250880936663535,48.264773032031066],[-124.101771674121409,48.216883060498652],[-124.050732560652193,48.177747142174816],[-123.880066671553877,48.160621093272383],[-123.728734872862418,48.162800106417372],[-123.672443738153063,48.162715178849105],[-123.551129417983603,48.151382348850341],[-123.441970291056634,48.124259437447158],[-123.314576428519942,48.11372544602493],[-123.239127541328401,48.118217436669703],[-123.144781856224355,48.175943318781421],[-123.06620852824031,48.120469353386959],[-123.004126342576384,48.090516381645436],[-122.946117474241689,48.098552330121706],[-122.910685338687884,48.10980003189897],[-122.833171783357088,48.134406202278264],[-122.760446886599397,48.143240149613362],[-122.698463869968393,48.103102129491262],[-122.701838686475924,48.016106308408958],[-122.7012926317134,47.97297940567988],[-122.651061707321674,47.920985568399104],[-122.634101614982441,47.923035874775437],[-122.616699793257084,47.925139581225373],[-122.573744785569829,47.951004688657463],[-122.546823002574158,47.967215474241719],[-122.542923041431251,47.996404365717702],[-122.607340921052071,48.030992245493188],[-122.598300022771838,48.110615970384096],[-122.633166047335791,48.163280865546426],[-122.711507045442758,48.193572977394396],[-122.75256215378127,48.26006097806804],[-122.707076030498101,48.31528573429128],[-122.666981251449513,48.412466466541311],[-122.665336707959852,48.416452465281616],[-122.689119628132246,48.47684840622663],[-122.65030562724445,48.530155361589308],[-122.642595999195308,48.588338430267044],[-122.67134494748683,48.64529854285253],[-122.710177242884626,48.722236703604047],[-122.720047825558211,48.789194915027764],[-122.732511722117749,48.838097133820249],[-122.79402497043688,48.883130277462577],[-122.821639662123303,48.941369429229326],[-122.758034626069431,49.002357811128029],[-122.251061518853476,49.002497028380915],[-122.098357626393792,49.002147723113033],[-121.751252009416405,48.997392135533033],[-121.395541545938116,48.999845194066019],[-121.126240002623788,49.001409331197152],[-120.851526970053797,49.00059120267175],[-120.716604072484358,49.000188380950988],[-120.376218024798206,49.00070607907162],[-120.001199286289761,48.999419107327853],[-119.45770532258932,49.000258743592298],[-119.132106712760958,49.00025979706767],[-118.836618163726627,49.000305605999053],[-118.197377048661551,49.000404598544137],[-118.002047719451539,49.000434767495186],[-117.607324714897544,49.000840806359101],[-117.429969615782795,49.00030467458042],[-117.268248669736863,48.999815749267022],[-117.032352700533863,48.9991859952599],[-117.032939796437631,48.846667454754105],[-117.033671038206379,48.656901688131427],[-117.03528913511947,48.422731353733241],[-117.041109222591984,48.124902567983774],[-117.041217551620321,48.045463526816235],[-117.041310016882491,47.977454229761435],[-117.041637232527407,47.735298025053297],[-117.040492686716235,47.366027054552497],[-117.040161841512372,47.259270025383216],[-117.039838056671798,47.154732066618621],[-117.039835438815103,47.127267074261944],[-117.039779339589089,46.541707312433708],[-117.039772577344422,46.471777293996837],[-117.036647188588063,46.426098791958751],[-117.035546391272973,46.410010314542184],[-117.062749257085201,46.353622308363533],[-116.997261010004195,46.303149368519719],[-116.964379843564132,46.253280418007094],[-116.962966784278152,46.19967852127607],[-116.923958751607742,46.170918636703639],[-116.935473724813463,46.14244667897124],[-116.981962676341894,46.084913716473714],[-116.942656645589295,46.060998835584989],[-116.915989582314907,45.995412024553353],[-117.353929322948275,45.996347468358302],[-117.479938681891483,45.997565093787905],[-117.603427404501502,45.998758521153469],[-117.717853719381353,45.99986439340104],[-117.977659395497469,46.000166856908521],[-117.996972546306296,46.000189342720184],[-118.367791820008051,46.000620944398015],[-118.677871957996402,46.000933575822472],[-118.987130719780851,45.999853300342828],[-118.987229259211531,45.99979851383425],[-119.061463651739558,45.958525267983099],[-119.126121573557057,45.93285724849887],[-119.257151523597258,45.939924110645869],[-119.36439752343621,45.921603055936778],[-119.432140089631403,45.913207149764084],[-119.487830534901448,45.906304959922558],[-119.571585776008931,45.925453824371722],[-119.600550824809758,45.919578793673452],[-119.669878883836233,45.856864762770371],[-119.802657180925422,45.847527590951927],[-119.868156122213151,45.838224131867449],[-119.965746305935866,45.824362439040073],[-119.999507476263076,45.811682338488637],[-120.070152288699006,45.78514937875191],[-120.14135426395049,45.77314932219047],[-120.210756227309446,45.725948280874782],[-120.282158173415453,45.721247221738572],[-120.403962001226233,45.699246123687558],[-120.488548702997235,45.699909266104129],[-120.505864860598265,45.700045023615175],[-120.591167823943138,45.74654395445782],[-120.63496978332266,45.745843943055],[-120.652518517281123,45.736166668848192],[-120.689371700669355,45.715843920177342],[-120.855675544475375,45.671541632310728],[-120.895576501980585,45.642941540101383],[-120.913936512302556,45.64806236949962],[-120.943978493848306,45.656441441137183],[-121.084934506701686,45.647889295755022],[-121.122201482334049,45.616063295132264],[-121.183842485164476,45.606437283059982],[-121.215780613961655,45.671234238654698],[-121.337771013751265,45.704945088193845],[-121.423592373268946,45.693985984150601],[-121.44069605341717,45.699069751978925],[-121.524005581396707,45.72383216587437],[-121.533105401737757,45.726536971892081],[-121.66836068422694,45.705078427636494],[-121.735102364938612,45.69403561921402],[-121.81130206982067,45.706757772074624],[-121.867165101242406,45.693273780893527],[-121.900856303720246,45.662005672781781],[-121.923747687251492,45.654346159516642],[-121.951836348704191,45.64494761767461],[-122.003688469521165,45.615926472019737],[-122.101673397647545,45.583512321351023],[-122.183693151778257,45.577692338136778],[-122.249194966212542,45.549995296330501],[-122.26262299526185,45.544317313330595],[-122.331500192891156,45.548237039881997],[-122.380300403457056,45.575936861975258],[-122.438672565231755,45.563580625610527],[-122.492257848184764,45.583276434782661],[-122.643906297855693,45.609733863469927],[-122.738108667221539,45.644132493072611],[-122.756443703195117,45.662415464978899],[-122.77451092387345,45.680431433164422],[-122.766510956357891,45.728657022180393],[-122.761451304782895,45.759157479760766],[-122.795605426792093,45.80999465976825],[-122.788086818971593,45.851002242846015],[-122.785026466599405,45.867693841013867],[-122.811510605025433,45.912719995987985],[-122.813998681245508,45.960979151436199],[-122.856158842321378,46.014464238834385],[-122.904119684819847,46.083729098976093],[-122.962681803813751,46.104812198567323],[-123.00423380430486,46.133818291184951],[-123.115904964552044,46.185263591950829],[-123.166415149886859,46.188968747081489],[-123.212494983419305,46.171092258802553],[-123.28016771663323,46.144838764151366],[-123.363746513532163,46.146238996271698],[-123.371435032926996,46.146367805389403],[-123.430849148316696,46.181823012381948],[-123.427631011497041,46.22934425998568],[-123.479646113834008,46.26912767485058],[-123.54766155338551,46.259105687157273],[-123.66950444083362,46.266829165409014],[-123.700767653025736,46.30527567712204],[-123.727907682895804,46.291333174840538],[-123.759564226301237,46.275070503913852],[-123.806144129831409,46.283585676359429],[-123.875531728650515,46.239784358466785],[-123.909313466703807,46.245488507853743],[-123.954361109169398,46.276998910091542],[-123.969435210617178,46.291396061460055],[-124.080679879290855,46.267236648500578],[-124.064632081431014,46.32689722750375],[-124.057029683276042,46.493337703408059],[-124.069587291884019,46.630651451102722],[-123.960645821067629,46.636364486312303],[-123.923272044741282,46.672708664416426],[-123.975160161575914,46.713971867443057],[-124.08098624417164,46.735004024889029],[-124.096799210438476,46.794086315465222],[-124.101234335758008,46.810657394313765],[-124.138226148507954,46.905535892349356],[-124.180111881565324,46.92635908567388],[-124.169113032673749,46.994510398621209],[-124.18854282250922,47.157861705517888],[-124.195891695674959,47.174002752566167],[-124.236346967990812,47.28728998621672],[-124.31937604578556,47.355561959221539],[-124.353611852178418,47.533539876867756],[-124.355951213204051,47.54570075787646],[-124.412102419060076,47.691201276311062],[-124.47168327693123,47.766908969847833],[-124.53992297031526,47.836968584641816],[-124.613104789312928,47.88057355801093],[-124.625508178524029,47.887964033498996],[-124.67242355151815,47.964414555593542],[-124.685390148490342,48.049238333985699],[-124.687098563592315,48.098657292884823],[-124.721723108518276,48.153185182337594],[-124.690387565072669,48.219745208675612],[-124.669263972080785,48.296353147611995],[-124.725838297686366,48.386012094170781]]]]}},
{"type":"Feature","properties":{"STUSPS":"SD","NAME":"South Dakota"},"geometry":{"type":"Polygon","coordinates":[[[-104.05769950440046,44.99743417065401],[-104.039139465803316,44.998523155234459],[-104.03997861385028,45.124991356901916],[-104.04013747508607,45.212894260656299],[-104.040360136571977,45.335949744657434],[-104.041766813157409,45.490793083143402],[-104.041939998737064,45.557919278911754],[-104.042600482166364,45.750002862356247],[-104.043779346578575,45.864712135597422],[-104.044136482653954,45.881981435506177],[-104.045446299098671,45.94531523591661],[-103.660781313348977,45.945245751629315],[-103.434852804251079,45.945295400547081],[-103.218397462587021,45.94521174254038],[-102.995249030631669,45.94511962871568],[-102.942070824376074,45.945097647596839],[-102.880252692789526,45.945072095197624],[-102.704871320769797,45.945074761353375],[-102.550947276584736,45.945017636146765],[-102.328230439802383,45.944808520012529],[-102.087555681808439,45.944600320078337],[-102.000680688931297,45.944540624087487],[-101.998733848305278,45.944539287957006],[-101.794606795543402,45.94439928631509],[-101.557276882077375,45.944102236922809],[-101.365284016327962,45.944094255758792],[-101.106827261465128,45.943986396561762],[-100.762111377927909,45.943769457000975],[-100.511950512160382,45.943656588712258],[-100.511794486080092,45.943656518318605],[-100.499355706969382,45.943634520822428],[-100.294127554291464,45.943271712904462],[-100.152085746477681,45.942488700372223],[-99.880294370488585,45.941674123186651],[-99.880064341337331,45.941673037450506],[-99.718075822006369,45.94090840077255],[-99.611163071805166,45.941098786363959],[-99.490257334760102,45.940362088215466],[-99.34496329654236,45.940298215507667],[-99.092871202696216,45.940182122343707],[-99.005757515399523,45.939942140985131],[-99.005645165198601,45.939941831482123],[-98.724377349607437,45.93867195452561],[-98.62538162984508,45.938225169203662],[-98.414519639448855,45.93650133489956],[-98.070515053715212,45.936178982586114],[-98.008101705912878,45.936012029060713],[-97.978777746379549,45.935933529169162],[-97.777040393654431,45.935393325429189],[-97.54259929509098,45.935258475937395],[-97.228293436004989,45.935657139474515],[-97.082095430719946,45.935842465113801],[-96.563674060400359,45.935245559089061],[-96.571873123843389,45.871846574070744],[-96.587095206598519,45.816445571943852],[-96.630514339359337,45.781157518036437],[-96.672667494821781,45.732336399461907],[-96.745088699829282,45.701576204106168],[-96.826162897417859,45.654164027656506],[-96.851623990366434,45.619411943418477],[-96.843960012579217,45.594002894877626],[-96.835422169861815,45.586128573446643],[-96.781038971087483,45.535971770567357],[-96.742511971143628,45.478722696446674],[-96.710788984939271,45.436929760639252],[-96.675449977124515,45.410215816400012],[-96.617728907601162,45.408091891403167],[-96.562144873531224,45.386089959940854],[-96.52178984201889,45.375645005960543],[-96.482558854820923,45.346273081048373],[-96.470080494349119,45.326799764732975],[-96.457783936426111,45.307610147812746],[-96.457556533750989,45.26889805878848],[-96.455843588524289,44.977345797786548],[-96.454834510413804,44.805551029780275],[-96.453811353439377,44.631336469690758],[-96.453296327817853,44.543637234951461],[-96.452218206462945,44.360148945636823],[-96.452441116310339,44.196801287110482],[-96.452441146414145,44.196779240564233],[-96.452915409959743,43.849508460773009],[-96.4529154126365,43.849506501150259],[-96.453319844709668,43.552298338817664],[-96.453264580425014,43.500389403758518],[-96.598933231699192,43.500456235891676],[-96.584607960801435,43.469609223863223],[-96.594258760303916,43.434152194189323],[-96.521576223161304,43.385639215734471],[-96.52429301314551,43.34721319271803],[-96.530395754704969,43.300033161421467],[-96.578826767010966,43.29109411174997],[-96.5590308746701,43.257554785157893],[-96.552966471845053,43.247280108724745],[-96.522087360498958,43.220959114212917],[-96.475574323590877,43.221053182106921],[-96.458857036847434,43.143355135996174],[-96.439337918322252,43.11391514549176],[-96.452100334358605,43.082552013039262],[-96.45820377031086,43.067553060148931],[-96.511607720498148,43.03992594398013],[-96.492695575803126,43.005087925130958],[-96.520248483611795,42.977641909489726],[-96.500310355714504,42.959389915658839],[-96.541691256782073,42.922574919544878],[-96.540474516206643,42.908594620598052],[-96.537853035788558,42.878473929489616],[-96.577938907179558,42.827643928708035],[-96.621876833450131,42.779253920148648],[-96.624705634898291,42.725495907002305],[-96.591603393815191,42.688079903367523],[-96.526767032274279,42.641182923200958],[-96.48002311330805,42.561323737856007],[-96.476952605404762,42.556077966228791],[-96.492970538934628,42.51728092069974],[-96.477454446226375,42.509587950690282],[-96.445508260670465,42.490629026557606],[-96.501321483815261,42.482747929210738],[-96.525142612963577,42.510232878928164],[-96.611489824217927,42.506086790426657],[-96.627946398471366,42.527094925580933],[-96.658755164458867,42.566424787220797],[-96.70930145380639,42.603751772239931],[-96.697640623765608,42.659141826471767],[-96.778183842847525,42.662991761540695],[-96.801653998401406,42.698772769956598],[-96.807372609814678,42.700677751121567],[-96.906799190395702,42.733798695046715],[-96.965681196425351,42.72453062484518],[-97.015633425994039,42.756524039191383],[-97.024852332665375,42.762428552132945],[-97.131333390153259,42.771927293706781],[-97.165072845309055,42.791614847172475],[-97.213959541839387,42.820141078990645],[-97.237870634530211,42.853137010676647],[-97.302077531638332,42.865657931918811],[-97.34118341143639,42.855879900102096],[-97.417068226395429,42.865915830815865],[-97.452179122874924,42.846045803071966],[-97.484918919613065,42.850000988067379],[-97.515949956537099,42.853749730435446],[-97.599261701850864,42.856226576750103],[-97.635443676169515,42.85180659229863],[-97.70103136801842,42.843794417611413],[-97.801345101236649,42.858000194730288],[-97.857957961620173,42.865090056968469],[-97.876887876796204,42.852660068571545],[-97.905001652726156,42.798869246342541],[-97.950147435644169,42.769616323747123],[-98.035034153582231,42.764202302344302],[-98.104700004538458,42.808472106224663],[-98.148059878871493,42.840009986529608],[-98.152586516214541,42.841150365318342],[-98.231921534466863,42.86113695491661],[-98.280006315424359,42.874992961963549],[-98.308185995228371,42.886486173034086],[-98.386443769563996,42.918403993547599],[-98.434501511061555,42.92922404747646],[-98.478917214569336,42.96353604196895],[-98.498548031197871,42.998556997507698],[-98.847989936458276,42.998252891200053],[-99.254452787009981,42.998218983108963],[-99.534052543531615,42.998195537547431],[-99.850033773820812,42.998169292649308],[-100.198408969384914,42.997975689579626],[-100.198410180439211,42.997975688906827],[-101.0004262259841,42.997530556263037],[-101.22801060670858,42.997869707655909],[-102.082485149828628,42.999142909539124],[-102.082546873832669,42.99914300146078],[-102.408639872265212,42.999628675802136],[-102.792111941093836,43.000039863844869],[-103.00061119542147,43.000263457790886],[-103.476137326584947,43.000773881345836],[-103.505104342220548,43.000764698370453],[-104.053131841959882,43.000590854301038],[-104.053881830360609,43.289805970010107],[-104.054690712659692,43.477819639110216],[-104.05480044129574,43.503331512662072],[-104.055037755219558,43.558606779547134],[-104.055491398421168,43.853479481978887],[-104.055418461742846,44.141082835719281],[-104.055408716958311,44.180384500076933],[-104.055391459704211,44.249984620746829],[-104.055697332640221,44.570992652078687],[-104.05581193313057,44.691345873836319],[-104.05769950440046,44.99743417065401]]]}},
{"type":"Feature","properties":{"STUSPS":"AR","NAME":"Arkansas"},"geometry":{"type":"Polygon","coordinates":[[[-94.617918343291279,36.499410161331262],[-94.361202146157027,36.499596333679456],[-94.077087749836878,36.498972528836198],[-93.959189717685604,36.498713653313779],[-93.866688950004459,36.498862949684039],[-93.700171003761668,36.499131842949467],[-93.584263094523081,36.49889881740345],[-93.426990216839116,36.498582292160556],[-93.315324940300783,36.498309814615901],[-93.293069186690985,36.498255507781529],[-93.125970126981798,36.49784808527113],[-92.854008129836558,36.498020612454908],[-92.838875981643938,36.498030207069739],[-92.772333695586553,36.498080368870852],[-92.564237340355248,36.498237225549381],[-92.529135439690137,36.498162909018724],[-92.350276762276522,36.497784403074952],[-92.150306449768394,36.498138139022586],[-92.120392169003892,36.498191080647857],[-91.985802281252418,36.498429196570584],[-91.672334101963372,36.499254354252287],[-91.642590427691928,36.499332747163585],[-91.450023388808077,36.497538382486475],[-91.406871566363904,36.497136245668209],[-91.40491527672927,36.497118014774721],[-91.126537797348206,36.497795910293682],[-91.017974017220169,36.49806032512582],[-90.78402921115601,36.498460670758],[-90.765672004281583,36.498492081959512],[-90.576179111585489,36.498404183876431],[-90.494575068811486,36.498366345608012],[-90.220749152584858,36.495937961139909],[-90.153871116562073,36.495344263064382],[-90.141399128668169,36.459874263317211],[-90.131038142716903,36.415069265821955],[-90.066136168760778,36.386272121877489],[-90.063526177316547,36.356911114565513],[-90.063980191484944,36.303038114203012],[-90.11492218524802,36.265595284493635],[-90.15592817053286,36.214074436585037],[-90.189102070412176,36.198999020934131],[-90.220425143290157,36.184764694092436],[-90.235585129251589,36.139474784026163],[-90.294492088193948,36.112949991531302],[-90.339342794053408,36.047108860504878],[-90.368717737126858,35.995808745652987],[-90.289076979848971,35.996513943841492],[-90.103842159347437,35.998143185769926],[-89.959374804309206,35.999013316438678],[-89.901183124648796,35.99936357547481],[-89.733095000891723,36.000604987355786],[-89.686924001039557,35.947713439490983],[-89.652279002033339,35.921459655828535],[-89.649118620495273,35.90471333815352],[-89.647270001414014,35.894917823164832],[-89.722633995859439,35.873715912911706],[-89.729516994265396,35.847630098767738],[-89.723425993011517,35.809380374039776],[-89.797052996845622,35.782646843953358],[-89.8638739935422,35.747591365113387],[-89.915490998824509,35.754916588438881],[-89.956588989705878,35.695485794532033],[-89.89891598690761,35.650903531922864],[-89.876547987026896,35.626652432708582],[-89.932499979278958,35.607864682742402],[-89.944753971264987,35.56030773552812],[-89.958497966007286,35.541702794551988],[-90.037614947037937,35.550329129617943],[-90.045804931735944,35.496533146442509],[-90.022063918599216,35.457374984161817],[-90.045305894916538,35.415434992663229],[-90.070548896708544,35.423291096678334],[-90.112503890976441,35.410153215209341],[-90.087902877476182,35.363270030337191],[-90.121863872239118,35.304535001201195],[-90.166593888201703,35.274588049541265],[-90.097946849210018,35.24998281420519],[-90.093284943747619,35.203281482419698],[-90.099777029022164,35.164473221204624],[-90.090610118535821,35.118285900274607],[-90.160058148932805,35.128828973019161],[-90.181387247998856,35.091399649270315],[-90.197146351973203,35.050729272192193],[-90.265296385983234,35.040291199796108],[-90.30069732494718,35.02879136410224],[-90.309297368637033,34.995692170374035],[-90.244475897666874,34.937593211244192],[-90.250094880224779,34.907317211215187],[-90.31144658774295,34.872835747536641],[-90.313475871858941,34.87169523052895],[-90.401632898212654,34.835302267147298],[-90.407982282884106,34.835263251189104],[-90.463794925255598,34.834920291421618],[-90.473526953822983,34.788832310530204],[-90.505493999545934,34.76456534102789],[-90.546053047771181,34.702073509271536],[-90.55015801818017,34.663442589179333],[-90.574854996540139,34.631651645921643],[-90.587224048276198,34.615729699996429],[-90.549243921931648,34.568098773580381],[-90.569346920697342,34.524864851561745],[-90.569460665563454,34.52434213134763],[-90.583717006328058,34.45882682174684],[-90.575336076892654,34.41514975345504],[-90.641398251435717,34.383866692850852],[-90.660404366668644,34.335757624621465],[-90.729131430396535,34.364203657979395],[-90.765174539653529,34.3428156428634],[-90.752681581001255,34.289263578204611],[-90.812829776654098,34.279435619672668],[-90.8399819070886,34.236111620115672],[-90.894561064605838,34.224377672549124],[-90.882702021223366,34.184361657282082],[-90.89438604331319,34.160950666913223],[-90.938065138277764,34.148751709938509],[-90.944081891420623,34.120063008803932],[-90.944846082372109,34.116419241002106],[-90.946324127900638,34.109371715580217],[-90.901131033980576,34.094664668134271],[-90.874541981250232,34.072038638708598],[-90.892420996800112,34.0268576532971],[-90.942663055931448,34.018047705478374],[-90.979946083824444,34.000103743747651],[-91.004982108810495,33.977008744190215],[-91.048368151872836,33.985075759344817],[-91.088697175397257,33.961331756824855],[-91.03596212719404,33.943755726864417],[-91.026383112024391,33.907977694394333],[-91.061248113038602,33.877502699573725],[-91.052820088638953,33.824178658956079],[-91.025174087976367,33.805950612058325],[-91.02678307735367,33.763639580722554],[-91.085511053682723,33.776407676770731],[-91.111495040330809,33.774565714315678],[-91.143288003928447,33.747138754320538],[-91.07539008731267,33.714400579665288],[-91.100981143704743,33.660548521344289],[-91.178312126249864,33.651106645884838],[-91.130903200088852,33.610916485120512],[-91.188943236751527,33.576222538041065],[-91.206417242115123,33.545625930320242],[-91.215672306345127,33.529420514696064],[-91.215662820475927,33.529407377402599],[-91.18937637050783,33.493002402045946],[-91.171800441175918,33.462339334811091],[-91.147664511629614,33.427169255423784],[-91.113765561852844,33.393121166501935],[-91.142220676056382,33.348986178848385],[-91.125540798866027,33.28025209876386],[-91.086138753787438,33.273649043173194],[-91.068709771674207,33.232932978079646],[-91.084367813376232,33.180852897982504],[-91.104318864995108,33.131594811872347],[-91.153016953585208,33.135089833039977],[-91.180838022140406,33.098360745359543],[-91.120380922667565,33.054526651510557],[-91.159608098936673,33.011238874163382],[-91.166075019590991,33.0041026567825],[-91.264566187881513,33.004735473995382],[-91.435932327149075,33.005836374748014],[-91.460377740629383,33.00599341884184],[-91.489177413716774,33.00617843602636],[-91.875128966580405,33.007725848344869],[-92.068929018495524,33.00848025353941],[-92.069015653719788,33.008480590785837],[-92.222825600862564,33.009079327232641],[-92.501385264651844,33.012156426596491],[-92.723555492096693,33.014324424883306],[-92.724745666494968,33.014338192549964],[-92.971139715121367,33.017188633469431],[-92.988778786892269,33.01724781972532],[-93.197404805072338,33.017947698147267],[-93.238649632590992,33.018012648654611],[-93.377136945035033,33.018230838036366],[-93.490561175807386,33.018631711437855],[-93.520995572405795,33.018739271131416],[-93.723276069807326,33.019454147247139],[-93.807128261237082,33.019391847081465],[-93.8146011086003,33.019386297292769],[-94.042966999424166,33.019216796781627],[-94.042721815192976,33.160289020853753],[-94.04294862049683,33.271239207335626],[-94.04306999006829,33.330496139377424],[-94.042991370668418,33.43582210550926],[-94.043431421293107,33.551423068642855],[-94.072673441859223,33.572232110715802],[-94.143027637675871,33.577723225668912],[-94.183398664240542,33.592210283760714],[-94.213608911231148,33.570620348095936],[-94.238871944440618,33.576720385979023],[-94.303745899676741,33.564484472980581],[-94.338425765143214,33.567080507715126],[-94.354168777268228,33.556450539484587],[-94.388055607776437,33.565509563951984],[-94.419060448826997,33.577215577122523],[-94.485878049640846,33.637865514349876],[-94.48184460970748,33.789006236414785],[-94.477271461237095,33.94082795637739],[-94.47489711718373,34.019653071216801],[-94.470145799438498,34.190176005676861],[-94.465426898264354,34.359546679151059],[-94.461170773631508,34.507455627218604],[-94.457502127642627,34.634944012662011],[-94.45439768470473,34.728942734513389],[-94.449060053092126,34.890555065002857],[-94.447508107089348,34.934071976539833],[-94.436359378920429,35.246705273900048],[-94.435318505438886,35.275892095279929],[-94.431517461121416,35.369590040598382],[-94.434075017273273,35.387473438554167],[-94.434811513780758,35.392623299354632],[-94.449698418146568,35.496718064539124],[-94.473120886492609,35.638545983277254],[-94.493053957663108,35.759245105757088],[-94.494549629272996,35.768301580425948],[-94.532070906022568,35.987850101543359],[-94.551888567900448,36.102122118885426],[-94.562267898855396,36.161970822078217],[-94.586199983168797,36.299966901968801],[-94.617918343291279,36.499410161331262]]]}},
{"type":"Feature","properties":{"STUSPS":"MS","NAME":"Mississippi"},"geometry":{"type":"Polygon","coordinates":[[[-91.621359152790689,31.267806570182156],[-91.564193227102749,31.26162868401023],[-91.508859280005154,31.291639834384995],[-91.53606222018395,31.338350832133425],[-91.53233719736302,31.390270897985577],[-91.510357203790306,31.438923987620903],[-91.517141163196712,31.498390041369031],[-91.489619273385756,31.534262012985671],[-91.43761730727509,31.546161973029729],[-91.457518377973585,31.587561942666557],[-91.463818441810048,31.620360909440127],[-91.395716403603714,31.644160919486822],[-91.38091644895654,31.732459909726373],[-91.38012597713103,31.732622863843808],[-91.318577295348661,31.745311001820664],[-91.32046003325037,31.747796614463645],[-91.359515320629257,31.799358062042074],[-91.34571521589163,31.842857188897725],[-91.290136103478019,31.833654244330312],[-91.244016130551728,31.869728816771534],[-91.234899961838352,31.876859390405027],[-91.181110916699041,31.920055451339454],[-91.177410853480083,31.973253559059426],[-91.117409843759205,31.987053537584497],[-91.080808846478803,32.023452545310853],[-91.079108863093396,32.050251561090505],[-91.034707911990694,32.101049571984298],[-91.039473233969886,32.107964722415566],[-91.108509938145559,32.208146664162427],[-90.99122802461342,32.21465865177381],[-90.947835106503419,32.283482631644745],[-90.921171183301155,32.342069593076836],[-90.986673182290687,32.351756669374772],[-90.965987276538442,32.424802636638368],[-91.052908287533384,32.438438672536911],[-91.060517396378543,32.512357661698609],[-91.011276387485125,32.516592666636669],[-91.048761893322805,32.572793684655068],[-91.049313466829545,32.573620643808965],[-91.055410759438686,32.579084244980493],[-91.079507517782631,32.600676623724688],[-91.098763647253747,32.685287577156501],[-91.057000657531844,32.725576590318717],[-91.113653740441222,32.739966539854166],[-91.157615827804747,32.776029513575644],[-91.161670862143268,32.812461532831875],[-91.137891855716632,32.848971566802199],[-91.070603775240045,32.88865561139945],[-91.072076803216575,32.93782862555782],[-91.134415944646207,32.980529636417579],[-91.166075019590991,33.0041026567825],[-91.159608098936673,33.011238874163382],[-91.120380922667565,33.054526651510557],[-91.180838022140406,33.098360745359543],[-91.153016953585208,33.135089833039977],[-91.104318864995108,33.131594811872347],[-91.084367813376232,33.180852897982504],[-91.068709771674207,33.232932978079646],[-91.086138753787438,33.273649043173194],[-91.125540798866027,33.28025209876386],[-91.142220676056382,33.348986178848385],[-91.113765561852844,33.393121166501935],[-91.147664511629614,33.427169255423784],[-91.171800441175918,33.462339334811091],[-91.18937637050783,33.493002402045946],[-91.215662820475927,33.529407377402599],[-91.215672306345127,33.529420514696064],[-91.206417242115123,33.545625930320242],[-91.188943236751527,33.576222538041065],[-91.130903200088852,33.610916485120512],[-91.178312126249864,33.651106645884838],[-91.100981143704743,33.660548521344289],[-91.07539008731267,33.714400579665288],[-91.143288003928447,33.747138754320538],[-91.111495040330809,33.774565714315678],[-91.085511053682723,33.776407676770731],[-91.02678307735367,33.763639580722554],[-91.025174087976367,33.805950612058325],[-91.052820088638953,33.824178658956079],[-91.061248113038602,33.877502699573725],[-91.026383112024391,33.907977694394333],[-91.03596212719404,33.943755726864417],[-91.088697175397257,33.961331756824855],[-91.048368151872836,33.985075759344817],[-91.004982108810495,33.977008744190215],[-90.979946083824444,34.000103743747651],[-90.942663055931448,34.018047705478374],[-90.892420996800112,34.0268576532971],[-90.874541981250232,34.072038638708598],[-90.901131033980576,34.094664668134271],[-90.946324127900638,34.109371715580217],[-90.944846082372109,34.116419241002106],[-90.944081891420623,34.120063008803932],[-90.938065138277764,34.148751709938509],[-90.89438604331319,34.160950666913223],[-90.882702021223366,34.184361657282082],[-90.894561064605838,34.224377672549124],[-90.8399819070886,34.236111620115672],[-90.812829776654098,34.279435619672668],[-90.752681581001255,34.289263578204611],[-90.765174539653529,34.3428156428634],[-90.729131430396535,34.364203657979395],[-90.660404366668644,34.335757624621465],[-90.641398251435717,34.383866692850852],[-90.575336076892654,34.41514975345504],[-90.583717006328058,34.45882682174684],[-90.569460665563454,34.52434213134763],[-90.569346920697342,34.524864851561745],[-90.549243921931648,34.568098773580381],[-90.587224048276198,34.615729699996429],[-90.574854996540139,34.631651645921643],[-90.55015801818017,34.663442589179333],[-90.546053047771181,34.702073509271536],[-90.505493999545934,34.76456534102789],[-90.473526953822983,34.788832310530204],[-90.463794925255598,34.834920291421618],[-90.407982282884106,34.835263251189104],[-90.401632898212654,34.835302267147298],[-90.313475871858941,34.87169523052895],[-90.31144658774295,34.872835747536641],[-90.250094880224779,34.907317211215187],[-90.244475897666874,34.937593211244192],[-90.309297368637033,34.995692170374035],[-89.795186466899423,34.994290853785103],[-89.724321829114217,34.994184794805221],[-89.706607007010859,34.994158346551629],[-89.644051182311145,34.994064950430648],[-89.434953533173001,34.99375262373799],[-89.352679049630495,34.993994853391271],[-89.198287738592711,34.994449565688527],[-89.026539915191535,34.994955746983862],[-89.017126930996028,34.99496739881203],[-88.823050380179183,34.995206928783837],[-88.786611868530912,34.995251888399821],[-88.469876989200159,34.996032961891963],[-88.380492615082986,34.995792385536859],[-88.363530393821861,34.995746732094823],[-88.258111260424357,34.995462999238654],[-88.200064314290202,34.99563395700627],[-88.154617353799438,34.92238973932681],[-88.09788831425054,34.892199834746584],[-88.134263380383089,34.622657953809799],[-88.139559884278597,34.581694706934456],[-88.154902776373163,34.463032253083838],[-88.173262414000845,34.321037357410638],[-88.20358340443866,34.086525588743214],[-88.207228756232567,34.058330872476091],[-88.248386942828645,33.744906206524497],[-88.254444611986543,33.698777630159185],[-88.274516547486797,33.534000167772966],[-88.304442590834668,33.288318325815496],[-88.317134694559641,33.184121331974808],[-88.340084601816841,32.991262831249678],[-88.347489781794053,32.929033352714434],[-88.373337359439091,32.711823776405232],[-88.389247952870434,32.578121233980539],[-88.421311293064122,32.308677673035717],[-88.428276984184237,32.250141459941815],[-88.431144366861929,32.227634631964818],[-88.468659202416333,31.933170576310733],[-88.468661686693338,31.89385317399238],[-88.468668203230109,31.790719163520833],[-88.463624699053497,31.69793939197266],[-88.459477668759391,31.62164899844101],[-88.449445913614994,31.435833693305021],[-88.448659790426731,31.421273803185244],[-88.43200584141799,31.114294254633784],[-88.426019511507278,30.998277433247004],[-88.41504651019541,30.785599936102912],[-88.412466466915959,30.735593028289468],[-88.412269052078969,30.73176655778682],[-88.403930841234242,30.543354002259633],[-88.395023744236497,30.369419546628919],[-88.409927989610068,30.342109589322281],[-88.446496170228542,30.347747848528801],[-88.471876522552421,30.320014958230111],[-88.522496231766553,30.340085347054334],[-88.581931399782604,30.331056576064263],[-88.61300836337324,30.35395770985436],[-88.663822441139644,30.362092894107917],[-88.700589597075279,30.343683049754489],[-88.746947681872115,30.347616222716333],[-88.800346214218564,30.357258718630806],[-88.818764703970729,30.360584656227843],[-88.893932658028859,30.393393003809344],[-88.971235743006318,30.390793484445346],[-89.083239587596992,30.368092825240865],[-89.186842331557941,30.331192970902414],[-89.29444601056062,30.307592053597791],[-89.30702573679784,30.303990855583844],[-89.344747869496146,30.293192139671856],[-89.424625635021144,30.245387313346821],[-89.447466514114467,30.20509440137592],[-89.475825404543357,30.191557439517236],[-89.524505276364565,30.180749435152446],[-89.607656217213332,30.217092304843341],[-89.634209230208697,30.308252239722471],[-89.678515148329268,30.41400823750055],[-89.69993319123914,30.45403314501872],[-89.712494084055109,30.477506287485514],[-89.79166494479594,30.551520317775015],[-89.82186890488768,30.644020246377142],[-89.826181261894504,30.668819496388213],[-89.83633190194773,30.727193177020162],[-89.791745902167406,30.820383078642323],[-89.750073862178255,30.912925951638876],[-89.728176489023653,31.002309701394953],[-89.728147798731101,31.002426813404291],[-89.835908653598992,31.002097259486369],[-89.89751684526891,31.001908846103177],[-90.259556050918249,31.000657603946522],[-90.34600811086905,31.000358726655442],[-90.347305732325083,31.000356273122506],[-90.54757553325868,30.999977611906289],[-90.567196507379165,30.999940515805072],[-90.758776096330038,30.999578315883198],[-90.825830251062015,30.999520662235945],[-91.060128676449111,30.999319220148191],[-91.17614145554829,30.999219489920424],[-91.224069382493809,30.999178288764149],[-91.636943504427819,30.999411142639079],[-91.62825880308759,31.005092165571853],[-91.560366503499765,31.049503339272405],[-91.594694414632357,31.09143935078848],[-91.621672324127516,31.136865372933482],[-91.590995173760945,31.191994083946945],[-91.59005227944202,31.193688522867902],[-91.6443571592431,31.234409472120813],[-91.621359152790689,31.267806570182156]]]}},
{"type":"Feature","properties":{"STUSPS":"CO","NAME":"Colorado"},"geometry":{"type":"Polygon","coordinates":[[[-109.059962088889023,38.499988882747168],[-109.059961564297424,38.500027756795788],[-109.051513184704717,39.126100547198],[-109.051225658406352,39.366682893081141],[-109.051069531999659,39.497744750004628],[-109.050875996838741,39.660479045418747],[-109.05061932372621,39.874976426743856],[-109.050976931362101,40.180853625483302],[-109.050736071557381,40.222659831023499],[-109.048251906977853,40.65360557771244],[-109.048262637841731,40.662606406063084],[-109.048458608878718,40.826085838416965],[-109.050081648903927,41.000664156107135],[-108.250650338232163,41.000115526889601],[-107.918420755818616,41.001228554204523],[-107.367444937147624,41.003074204520111],[-107.317797588324012,41.002843610339816],[-106.860378697040346,41.000719839988371],[-106.321170459025979,40.998216070233461],[-106.217574164242663,40.997735187330385],[-106.190555202362603,40.997747927377539],[-105.277138242049304,40.998176541958586],[-105.276860236451924,40.99817646014867],[-104.943371663597546,40.998078457564446],[-104.855273830094532,40.998052236633526],[-104.497058876572467,41.00180762655895],[-104.053249275806351,41.001407714535858],[-103.574522407751786,41.001721928033696],[-103.573774415427067,41.001722729036075],[-103.382491426846357,41.001927784836674],[-103.076535470685869,41.002254456998287],[-102.653463960066915,41.002225809454167],[-102.621032884715561,41.002223650360634],[-102.556788934483762,41.002219373330909],[-102.051716776241705,41.002377035763047],[-102.05161325402203,41.002377068030647],[-102.051292056893814,40.749591057384954],[-102.051294196091959,40.697546939891382],[-102.051304821134494,40.440008298681342],[-102.051308612258538,40.349221673630424],[-102.051309064937556,40.338381318125869],[-102.051744218550922,40.003077913224161],[-102.051254338877953,39.818992210613764],[-102.049992400990121,39.574056313733706],[-102.049962119191434,39.568179193363456],[-102.048960239343458,39.37371231698458],[-102.047200918003639,39.133147075442736],[-102.046571148343659,39.047038300169639],[-102.045713845030591,38.697565818875738],[-102.045511598945112,38.615164650606175],[-102.044945090808795,38.38441902451342],[-102.044651403167634,38.268749194259868],[-102.044635311778734,38.262411536601611],[-102.04425649205885,38.113010355155787],[-102.041967436313158,37.738540083018492],[-102.041877828714973,37.723874481840333],[-102.041892976316859,37.644277018891763],[-102.041941472840989,37.389188912909304],[-102.041966351462918,37.258162612304496],[-102.04198637968976,37.106550340996215],[-102.041923381218311,37.035082711684531],[-102.042243392731507,36.993082809391119],[-102.355288280582897,36.99450570264294],[-102.698142454617468,36.99514899532015],[-102.84199044337457,36.999597903815719],[-103.002202031222865,37.000103725811258],[-103.086103186509717,36.999864207968329],[-103.733247578426997,36.998016324983162],[-104.007850196825345,36.995984064194531],[-104.338833280954518,36.993534521461193],[-104.732031564563059,36.993445386117024],[-105.120799626959553,36.995426804885412],[-105.155042303918165,36.995473263485565],[-105.220504620718842,36.995562079193114],[-105.251295354967127,36.99560385540213],[-105.41930887337719,36.995855050804479],[-105.533920542033101,36.995874148717036],[-105.716469003615387,36.995848168873934],[-105.71846768172216,36.99584509639876],[-105.99746951204898,36.995415893808342],[-106.006313935263336,36.995385541352576],[-106.343137422101663,36.994229834471412],[-106.476232384621326,36.99377406357975],[-106.869795189701648,36.992426268075171],[-106.877291175747118,37.000139275281889],[-107.420911957456156,37.000005567544143],[-107.481735880378466,37.000005156376361],[-108.000621556251787,37.000001884893308],[-108.379301163815029,36.999566373470252],[-108.620307535241182,36.999288467523378],[-109.045222022949105,36.999085167138631],[-109.043780210823755,37.484820451218241],[-109.042604195594279,37.881086702452485],[-109.041796728083042,38.153034580929116],[-109.041762115425669,38.164692279276409],[-109.060062090505667,38.275491286636786],[-109.059962088889023,38.499988882747168]]]}},
{"type":"Feature","properties":{"STUSPS":"NC","NAME":"North Carolina"},"geometry":{"type":"Polygon","coordinates":[[[-84.286598501977821,35.205757988262832],[-84.283220136918047,35.226576744723403],[-84.223718177703191,35.269077738037218],[-84.178516136967573,35.240678818701468],[-84.097508128779182,35.247381886215415],[-84.029104603079134,35.292123748152193],[-84.023510194760973,35.295782981748658],[-84.038081282311353,35.348362985570823],[-84.007586320146999,35.371661065980447],[-84.021782379519564,35.407418056925131],[-83.973171404518752,35.452582092469086],[-83.958918220103058,35.457899502527944],[-83.953231758034917,35.460020940608452],[-83.91680132772801,35.473611972814801],[-83.848502282517757,35.519258919401629],[-83.77173633448858,35.562118183419088],[-83.662911803652548,35.567800183532725],[-83.653158854016212,35.568309410137623],[-83.58782652192798,35.566963504303786],[-83.498334090189189,35.56298161516078],[-83.452430245168969,35.602918534696158],[-83.42157537709339,35.611186355696979],[-83.347261755439774,35.660473855983589],[-83.297154004261756,35.657749430073274],[-83.264744435986017,35.703088527240652],[-83.256141896767701,35.715122970389551],[-83.255351351662895,35.716228896030458],[-83.198267380630682,35.725492872600526],[-83.161537402100777,35.763361826715631],[-83.097193351302465,35.776065894267674],[-83.048530309012662,35.787704943198563],[-82.978414264629336,35.782609012694614],[-82.966649984859686,35.795444986449702],[-82.937437188736794,35.827318987834637],[-82.899718121351114,35.874600946932681],[-82.910608083043343,35.926928891129819],[-82.893751487283836,35.933856151886879],[-82.86072404263669,35.947428862258221],[-82.816130037341779,35.923984887853997],[-82.787465006546626,35.952161844304882],[-82.779396980585958,35.992509782217809],[-82.725064931160716,36.018202768473671],[-82.628364766819288,36.062103784619083],[-82.605703363455547,36.037197670650194],[-82.5955247483097,36.026010818362735],[-82.610884810509546,35.974440870967776],[-82.557873763019785,35.95389993169956],[-82.508007338755164,35.982012114367528],[-82.464557673882709,36.006506971263995],[-82.416937242063014,36.0729690840624],[-82.40945764629376,36.08340809347397],[-82.346856705531167,36.115208299559555],[-82.297654769535072,36.133509478344266],[-82.265689820018665,36.127613589240816],[-82.220252866422243,36.153819714859047],[-82.211250860481428,36.159011681254071],[-82.14084689833237,36.136215692298393],[-82.12714590491224,36.104416685385381],[-82.081148843939303,36.105691822006534],[-82.080142927287227,36.10571970815694],[-82.028739954080706,36.124321733357007],[-81.960100984394117,36.228130771046757],[-81.934369240117817,36.26471600048221],[-81.918444480072438,36.287357734222958],[-81.90813701374843,36.302012829864218],[-81.833202019108526,36.347338897762285],[-81.768977002077875,36.341041940564331],[-81.705965996748319,36.338495977588302],[-81.72537280755131,36.389738535292018],[-81.734312008523773,36.413341976303933],[-81.695311014706988,36.467912006950577],[-81.699962019866263,36.536829021366387],[-81.677535019568325,36.588117047347176],[-81.499827422723953,36.57981831117727],[-81.35321951833545,36.576236793513999],[-81.176711846159179,36.571924699439322],[-81.061866156836842,36.567018640742113],[-80.901726349996864,36.561749668291874],[-80.901661468933867,36.561749855501184],[-80.840213442388915,36.561927159048594],[-80.704831378201831,36.562317801840855],[-80.612189152896534,36.558215157629498],[-80.440343064397752,36.550605009877032],[-80.431605316055297,36.550218064280308],[-80.295243231196395,36.543972242630545],[-80.053455111039327,36.542638299680604],[-80.027338965102118,36.542494200132786],[-80.027269049913372,36.54249381436577],[-79.714850090839519,36.541431259881293],[-79.51364641524377,36.540746811336327],[-79.510645744904139,36.540736603736086],[-79.470055500943431,36.540834746858259],[-79.343115211371696,36.541141707180351],[-79.218455025065595,36.54144325029003],[-79.138335165273404,36.541637236460019],[-78.942007732654332,36.542112495866363],[-78.796272488769844,36.541759224769265],[-78.734121215657311,36.541608558486942],[-78.509962625298982,36.54106507358641],[-78.457275459259847,36.541448941134611],[-78.323715985771642,36.542422086691865],[-78.132908233534749,36.543811716392142],[-78.046205393952235,36.544198216875579],[-77.899770988179853,36.54484988024825],[-77.767100609269264,36.545439834510574],[-77.749702611506009,36.545517205651677],[-77.298913946120564,36.546037490362394],[-77.190170483157658,36.54616246093029],[-77.164318077325021,36.546151225117129],[-77.071614670645602,36.546110934910004],[-76.917312947061319,36.546043833413997],[-76.916032572654402,36.546079160336944],[-76.915726740413305,36.546087598581252],[-76.73832295290326,36.550982430372244],[-76.54195878575112,36.550782529865621],[-76.491475267545397,36.550731128510058],[-76.313295502883207,36.550549558817977],[-76.313207534545427,36.550549469176175],[-76.122342557912489,36.550550365942499],[-76.026742710231247,36.550550618140534],[-75.867037167170992,36.550750881855997],[-75.838430132463699,36.434893777337834],[-75.796404345450014,36.290346938052004],[-75.770646341066225,36.23207593157381],[-75.718306019424702,36.113669456845315],[-75.658533763368752,36.020425083479076],[-75.569791579357016,35.863297056428337],[-75.519007622905335,35.76908327119439],[-75.496083665836366,35.72851111048552],[-75.458657690527644,35.596592950573054],[-75.486770257534175,35.391648726384467],[-75.533626047705638,35.225822252532524],[-75.635492063162246,35.220257341970949],[-75.749560444470532,35.185613778191396],[-75.757914989584492,35.183076391307878],[-75.912983352357472,35.11959697390899],[-76.013142906028406,35.061851820381619],[-76.137266491774213,34.987854708635965],[-76.233085397310262,34.905473448019187],[-76.310207560119494,34.852305309940178],[-76.386801909948062,34.784575183350277],[-76.450452291733683,34.714446142435975],[-76.535944737019534,34.588573378974417],[-76.553804654424553,34.628248457589187],[-76.618717601330943,34.672546817301125],[-76.72696764459306,34.696687476597774],[-76.906254885800465,34.682817038600788],[-77.112961665633364,34.638089335854453],[-77.136840230896922,34.632922463154223],[-77.240988100150602,34.58750327218074],[-77.322521069577633,34.535570419456178],[-77.46291876930546,34.471350745144029],[-77.515213190385282,34.437381707836487],[-77.635030362153302,34.359551399115922],[-77.713509358018086,34.290243384314039],[-77.764018106801615,34.245637164193056],[-77.82920528382293,34.16261448217741],[-77.885451740686676,34.038237764838669],[-77.915532902275515,33.971719880535197],[-77.934824223735049,33.920545405221951],[-77.960169337683737,33.85331191270447],[-78.006762355031753,33.858701000045365],[-78.018686274052328,33.888286038464898],[-78.13694943881859,33.912175217188889],[-78.276144703285567,33.912361376188869],[-78.383961837334212,33.901943389543021],[-78.54108482671235,33.851109175279667],[-78.615929952325828,33.915520309581709],[-78.65086936491268,33.945053150426361],[-78.811708477460215,34.081003858829938],[-79.071167920362242,34.299237422741783],[-79.071242533011642,34.299301373721129],[-79.071253121894742,34.299310449520561],[-79.108377423328676,34.33112989737613],[-79.358316732787713,34.545354421020946],[-79.450276417064458,34.62060524334828],[-79.461790070881122,34.630026899191108],[-79.675298068407301,34.804741841498533],[-79.692945518896067,34.804960311781336],[-79.924682401685843,34.807826683835977],[-79.927396168620007,34.807860241297632],[-80.077220758161374,34.809712980975434],[-80.320830640511332,34.813616941958912],[-80.561655065927283,34.817476577909787],[-80.561706615256739,34.817477978168611],[-80.796994802521425,34.823869321840007],[-80.782039609751024,34.935777366481283],[-80.840546074447687,35.001446458825427],[-80.906176289696745,35.075111230452841],[-80.934947701079139,35.107404848510072],[-81.041487059079884,35.044698975964081],[-81.058027246164031,35.073186007401489],[-81.036757107766434,35.122547985669371],[-81.042300631111402,35.146764641078889],[-81.042868188152795,35.149243991864964],[-81.328090885803263,35.162282144179933],[-81.367604102522662,35.164088516959524],[-81.494265250899801,35.169878937832593],[-81.76813434621306,35.179707933247563],[-81.874410134353397,35.183520807476519],[-81.96935832237105,35.186927279167129],[-82.039650914488192,35.189449179236505],[-82.105851544821505,35.190877243424879],[-82.21599627325611,35.193253259006667],[-82.29535388866195,35.194965145814244],[-82.313356955926594,35.196132462536369],[-82.353175156027191,35.198714269819433],[-82.411300877640713,35.202483134496653],[-82.455608870034212,35.177425148942106],[-82.532559857944833,35.155617163446394],[-82.577714998766126,35.146475519649201],[-82.686039830354446,35.124545189930835],[-82.746430809505,35.079131216963781],[-82.761797466831169,35.081828676636171],[-82.783282799861126,35.085600206405019],[-82.897498754454844,35.056021194457173],[-82.897558985678529,35.056005399035946],[-83.008410300438399,35.026935034044833],[-83.108399567190702,35.000713154396202],[-83.108605654881117,35.000659108537192],[-83.322767570635008,34.995873973081743],[-83.482872729889081,34.990873862309989],[-83.549180309250588,34.988803073595342],[-83.619984605678866,34.986591855397762],[-83.936427202387605,34.987484348642795],[-83.936645858327282,34.987484965443926],[-84.005336648954085,34.987649602717696],[-84.12944691619964,34.987946991999507],[-84.321869000274447,34.988408051535245],[-84.286598501977821,35.205757988262832]]]}},
{"type":"Feature","properties":{"STUSPS":"UT","NAME":"Utah"},"geometry":{"type":"Polygon","coordinates":[[[-114.052471794224871,37.604777744918067],[-114.051727543527633,37.745999030664137],[-114.049657133837883,37.881370156657461],[-114.049902188055142,38.148603209360637],[-114.049902564208139,38.148765235974963],[-114.050137423467191,38.249962166265014],[-114.050119617386997,38.404537941551219],[-114.050154457518488,38.572922124584132],[-114.050154078874101,38.572977337832384],[-114.049438228482671,38.677365037356836],[-114.048054609488943,38.878695062418906],[-114.049103045913242,39.005510266947944],[-114.047078952149988,39.499944611628912],[-114.047181338788121,39.54274521050835],[-114.047782828644884,39.794161640488802],[-114.047268060833275,39.906099879750009],[-114.046386330227676,40.097898078145782],[-114.046373216910965,40.116937951294716],[-114.046179157052649,40.398315305778432],[-114.045578337627347,40.495803245222923],[-114.043506766349026,40.726294047487457],[-114.04214999407526,40.999899730727243],[-114.042149848199543,40.99992915359735],[-114.041449370467788,41.207753978015234],[-114.040232110624459,41.491691338077331],[-114.039900713385904,41.753782942856461],[-114.041723534812419,41.993720399854659],[-113.817964367770543,41.988580933212333],[-113.496549019119854,41.993306569145737],[-113.249163447888122,41.996204958138321],[-113.000826583573584,41.998224954571128],[-113.000045726769059,41.998229567111423],[-112.648023513776238,42.000308788934163],[-112.264939126275635,42.000992137880417],[-112.159181839476219,41.998682439912741],[-112.109537085980818,41.997598193051225],[-112.109448143061243,41.997598621872051],[-111.750781561038409,41.999331695595387],[-111.507815359370127,41.999687755763297],[-111.507808519846435,41.99968776578627],[-111.471383129773571,41.999741147279074],[-111.374130601501165,42.000895305766377],[-111.046690321734758,42.001569753487416],[-111.045820836478342,41.579848458792689],[-111.045791432336443,41.565574514101584],[-111.046602879549383,41.360695711461283],[-111.046639995172583,41.251630810773158],[-111.046725271602128,40.997962520179392],[-110.872058894420277,40.997406824518443],[-110.539822044385986,40.996349688491911],[-110.121641713082781,40.997106758066096],[-110.048486207756753,40.997302925631004],[-110.000720274671821,40.997431010475957],[-109.715411886084937,40.998196681498207],[-109.250737655900252,41.001014108033139],[-109.050081648903927,41.000664156107135],[-109.048458608878718,40.826085838416965],[-109.048262637841731,40.662606406063084],[-109.048251906977853,40.65360557771244],[-109.050736071557381,40.222659831023499],[-109.050976931362101,40.180853625483302],[-109.05061932372621,39.874976426743856],[-109.050875996838741,39.660479045418747],[-109.051069531999659,39.497744750004628],[-109.051225658406352,39.366682893081141],[-109.051513184704717,39.126100547198],[-109.059961564297424,38.500027756795788],[-109.059962088889023,38.499988882747168],[-109.060062090505667,38.275491286636786],[-109.041762115425669,38.164692279276409],[-109.041796728083042,38.153034580929116],[-109.042604195594279,37.881086702452485],[-109.043780210823755,37.484820451218241],[-109.045222022949105,36.999085167138631],[-109.495337097070248,36.99910636192628],[-110.000676832236749,36.997968721395281],[-110.470190095886252,36.997997529482852],[-110.750690326292016,37.003197917117568],[-111.066496229439707,37.002390522537205],[-111.25076146941052,37.000716982140865],[-111.278285445167882,37.000466885102107],[-111.405868447078021,37.001482621357525],[-111.413013434461149,37.00147918365635],[-112.357690517127736,37.001025062293841],[-112.538571757486707,37.000744682613579],[-112.545094744304805,37.000734561655982],[-112.82950202105441,37.000387403012837],[-112.899190752229657,37.000302397532138],[-112.966470640123617,37.000220330296173],[-113.965907078091931,37.000025895355535],[-114.050600027500593,37.000396765023652],[-114.051749018304065,37.088435006451569],[-114.05197380680346,37.284512245928411],[-114.052700973494183,37.492015522374935],[-114.052471794224871,37.604777744918067]]]}},
{"type":"Feature","properties":{"STUSPS":"OK","NAME":"Oklahoma"},"geometry":{"type":"Polygon","coordinates":[[[-103.002520517753481,36.675183912746462],[-103.001967025848046,36.909572129954888],[-103.002202031222865,37.000103725811258],[-102.84199044337457,36.999597903815719],[-102.698142454617468,36.99514899532015],[-102.355288280582897,36.99450570264294],[-102.042243392731507,36.993082809391119],[-102.028207571387242,36.993144982919453],[-101.902443114986653,36.993701051444717],[-101.555259218232052,36.99528930836177],[-101.485325795140753,36.995609501384436],[-101.211487266951167,36.997121673729332],[-101.066450922009793,36.997733545228606],[-100.945467133276864,36.998244095383541],[-100.855634163064707,36.99862332571653],[-100.633325217781803,37.000171640395173],[-100.552683424376639,37.000733472081798],[-100.089482668846344,37.001479804904918],[-100.002572615196499,37.00161943686733],[-99.995202111325526,37.001631277181524],[-99.657659740081115,37.000196864397786],[-99.541117103794704,36.999909262435899],[-99.456204856604444,36.999699790215544],[-99.407017501664853,36.999578488646293],[-99.129451766502982,36.999421297287157],[-99.000303833216648,36.999357264571721],[-98.791938866570561,36.999253959984969],[-98.544664817079706,36.998523336359604],[-98.354075580830553,36.997959911124077],[-98.347151348468813,36.997968109204692],[-98.111987471125175,36.998246368626511],[-98.045344233550949,36.99832519118501],[-97.802315189297119,36.998696448570151],[-97.768706222726422,36.998747800517776],[-97.462348514405889,36.998821591114982],[-97.384927594228785,36.998840206394632],[-97.147723749365795,36.998969170656757],[-97.100654781345796,36.998994781456403],[-96.749840781801268,36.998984388105455],[-96.525585572569625,36.998674102259336],[-96.500291612421663,36.998639104667816],[-96.217576287033822,36.999066094315801],[-96.0008163167182,36.999196702947565],[-95.964277335173151,36.99921873926445],[-95.928128092400755,36.999240540957423],[-95.786767921089947,36.99926624663761],[-95.573602980348753,36.999305257366601],[-95.522419225449255,36.999315039337112],[-95.407737202346752,36.999336974549308],[-95.322568880782342,36.999353267874042],[-95.073506794898549,36.999483336240928],[-95.007622540334651,36.999517733277635],[-94.995295480999403,36.999524178190818],[-94.712771293423543,36.998789619029615],[-94.617965082365885,36.998900797026671],[-94.618306465014186,36.766557097429022],[-94.617991451025318,36.667918621121146],[-94.617814916046186,36.61260153662213],[-94.617918343291279,36.499410161331262],[-94.586199983168797,36.299966901968801],[-94.562267898855396,36.161970822078217],[-94.551888567900448,36.102122118885426],[-94.532070906022568,35.987850101543359],[-94.494549629272996,35.768301580425948],[-94.493053957663108,35.759245105757088],[-94.473120886492609,35.638545983277254],[-94.449698418146568,35.496718064539124],[-94.434811513780758,35.392623299354632],[-94.434075017273273,35.387473438554167],[-94.431517461121416,35.369590040598382],[-94.435318505438886,35.275892095279929],[-94.436359378920429,35.246705273900048],[-94.447508107089348,34.934071976539833],[-94.449060053092126,34.890555065002857],[-94.45439768470473,34.728942734513389],[-94.457502127642627,34.634944012662011],[-94.461170773631508,34.507455627218604],[-94.465426898264354,34.359546679151059],[-94.470145799438498,34.190176005676861],[-94.47489711718373,34.019653071216801],[-94.477271461237095,33.94082795637739],[-94.48184460970748,33.789006236414785],[-94.485878049640846,33.637865514349876],[-94.528931091037009,33.621838493932522],[-94.572874993334679,33.669884288822104],[-94.630588681752386,33.673399470114639],[-94.714867887621395,33.707259022930614],[-94.73193583807938,33.720828418257533],[-94.766149045554144,33.748028740943759],[-94.841637264741237,33.73942887295761],[-94.902279404847889,33.776286974438342],[-94.93956343200206,33.810501077217928],[-94.981653431017975,33.85228217331575],[-95.046571405151894,33.862563243671815],[-95.095005275419467,33.904814313399399],[-95.149465189488652,33.936334352054509],[-95.155910800629215,33.938480743383117],[-95.22639612999599,33.961952370648774],[-95.2536261560805,33.929708398909604],[-95.283448163447019,33.877744426618854],[-95.310452917382278,33.873841457858326],[-95.352341056024954,33.867787407923529],[-95.447372893833972,33.868848372765889],[-95.525324771233599,33.885485347041254],[-95.556917728535751,33.927018336819273],[-95.603659675895514,33.927193330407256],[-95.669980601031199,33.905842322864125],[-95.737510522274235,33.895965313306128],[-95.789641781358796,33.872435702289863],[-95.820598430325816,33.858463322658508],[-95.844880939279236,33.860420230705969],[-95.887493360970865,33.863854331750368],[-95.935327310926539,33.875097337401677],[-96.063926229991409,33.841521351990814],[-96.151632208142786,33.831944356052027],[-96.173027198934463,33.800558361981011],[-96.229025172920956,33.748019375412625],[-96.277271149462777,33.769733392795089],[-96.307391108255942,33.735003435310531],[-96.363137028010371,33.694213503828855],[-96.379662855278184,33.715529412884067],[-96.403509033708175,33.746287508876208],[-96.436457033505548,33.780048512080938],[-96.50228797977455,33.77345856726221],[-96.523865029575489,33.818112522770932],[-96.572939040137342,33.819096520956066],[-96.592928055384604,33.830914509492601],[-96.590114102723803,33.8806634626592],[-96.59467641306091,33.88301711791253],[-96.659898146434017,33.916664431071261],[-96.682105113269188,33.876643467598072],[-96.712424078381687,33.831631507517585],[-96.776768128550728,33.841974508646331],[-96.794278172813392,33.86888449568189],[-96.850595227118717,33.847209534366449],[-96.897196326012065,33.902952528252946],[-96.905255366782924,33.947217513957582],[-96.934345703019304,33.945587463655329],[-96.944619299970526,33.945011792013538],[-96.952315420382789,33.944580546899324],[-96.988747447252507,33.918466576534051],[-96.985569423685419,33.886520581017457],[-97.055840503104037,33.85573959400778],[-97.078592537345116,33.812754600068622],[-97.08785455822543,33.774097605147169],[-97.09107451978501,33.735113617003897],[-97.149396592279516,33.721965629082725],[-97.205654767346829,33.809822600072891],[-97.166631668472093,33.847309596193938],[-97.206143655833898,33.91427859024887],[-97.246182713745839,33.900342592595869],[-97.318245775424799,33.865119675151085],[-97.372943819172093,33.819452740290579],[-97.444195808606693,33.823771822086002],[-97.451471786666971,33.870928830647884],[-97.484146217090597,33.913887978514133],[-97.486507778443823,33.91699287248565],[-97.558272832593502,33.89709798031955],[-97.56124598492822,33.899060490608122],[-97.596157861209846,33.922105016903338],[-97.609093871709149,33.968091985158445],[-97.671774931537868,33.991369000584228],[-97.759836993007085,33.925209215746314],[-97.803476000876728,33.880189319937919],[-97.865768021082829,33.849392370026131],[-97.951218068038571,33.878423306257723],[-97.951909022675338,33.89122510335055],[-97.953698081612316,33.924372242941082],[-97.947575096853285,33.991052148481501],[-98.005670133200368,33.995963168343842],[-98.082842287713675,34.002411161291398],[-98.099099398042597,34.048638158878866],[-98.099331493615651,34.104294156609839],[-98.123380608054461,34.154539155232818],[-98.138489631434012,34.141205175700179],[-98.169123606863252,34.114170157033257],[-98.225285698806104,34.127244157816648],[-98.3187537643458,34.146420119970237],[-98.364026785708987,34.157108089697218],[-98.398444759687607,34.128455085877171],[-98.414429710899256,34.085073106746762],[-98.423536708298954,34.081948582127033],[-98.475069692217232,34.064268107012452],[-98.528203718751527,34.094960021152048],[-98.577139774170135,34.148960892447178],[-98.610203990734348,34.156175701663997],[-98.648076773053589,34.164439769817392],[-98.690075699357848,34.133153720002554],[-98.737235673879383,34.130990643480111],[-98.806813617129976,34.155899577478841],[-98.872232506488373,34.160444535880806],[-98.940223441752991,34.203684512584751],[-98.952328306612074,34.204668406208903],[-99.002919334005369,34.208780490754769],[-99.058803411499056,34.201254513615432],[-99.131556546842134,34.209350564367718],[-99.189514660124644,34.214310608144174],[-99.211603495796211,34.313968545836566],[-99.221611343828016,34.325372087845537],[-99.275343033233057,34.386597283997986],[-99.35040961953743,34.43708111264548],[-99.394958523702812,34.442097089014403],[-99.420434693257846,34.380462142605111],[-99.470971520169201,34.396469081469228],[-99.475024646689604,34.396869067516086],[-99.584482361353494,34.407671134196889],[-99.600028396868481,34.374686151439938],[-99.696464292352161,34.381034242835497],[-99.764884223213357,34.435264291880145],[-99.818188206420132,34.48783830906499],[-99.842066079821407,34.506931090259755],[-99.929336127537681,34.576712407922493],[-99.997631469545624,34.561135063770635],[-100.000383141987882,34.560507440507756],[-100.000384170627797,34.746359109702013],[-100.00038605317539,35.029928813497399],[-100.000387358196946,35.182701251209416],[-100.000391669644188,35.422363278776977],[-100.00039515636233,35.619113880781917],[-100.000399564166955,35.881231281417683],[-100.000402418402786,36.055675072787658],[-100.000408779560544,36.499700055594154],[-100.003764779454343,36.499699904651891],[-100.311021190178536,36.499686122899142],[-100.546148116293494,36.499503441797835],[-100.592617021659564,36.499467347673011],[-100.884177705760521,36.499680795644466],[-100.95415616451092,36.499528445498946],[-101.085160171889811,36.49924297082655],[-101.623919557157834,36.499525632265602],[-101.826568982494891,36.499651129164015],[-102.032342412930888,36.500062450888912],[-102.162466092058196,36.500322703274264],[-103.00243539302376,36.500394498016433],[-103.002190052234312,36.602713741432531],[-103.002520517753481,36.675183912746462]]]}},
{"type":"Feature","properties":{"STUSPS":"WY","NAME":"Wyoming"},"geometry":{"type":"Polygon","coordinates":[[[-111.056891802274208,44.866660418295062],[-111.044322318043058,45.000883027333536],[-111.044278769666732,45.001348022865123],[-110.785011165318409,45.002954725936469],[-110.705275181132833,44.992326578926068],[-110.324445136964897,44.999158046903496],[-109.99505229307583,45.003175810502896],[-109.798488192093743,45.00292179074593],[-109.57432775253595,45.002632905420654],[-109.103450936207125,45.005909002809737],[-109.062267284800399,44.999628133621876],[-108.621497282614982,44.99967956225268],[-108.500683336310445,44.999693377229896],[-108.248529554083035,45.000632388445048],[-107.997356475454353,45.001567691900547],[-107.911526290742572,45.001546801612832],[-107.351445470153735,45.001410076631245],[-106.888779087581611,44.995888511210687],[-106.26372445180327,44.993794851679347],[-106.263595359851337,44.993794419327592],[-106.024888144441036,44.99759092730033],[-105.84807174199365,45.000402491174185],[-105.076605024202962,45.000301076255944],[-105.038256262123483,45.000296034557465],[-105.025270074492468,45.000294327268278],[-104.05769950440046,44.99743417065401],[-104.05581193313057,44.691345873836319],[-104.055697332640221,44.570992652078687],[-104.055391459704211,44.249984620746829],[-104.055408716958311,44.180384500076933],[-104.055418461742846,44.141082835719281],[-104.055491398421168,43.853479481978887],[-104.055037755219558,43.558606779547134],[-104.05480044129574,43.503331512662072],[-104.054690712659692,43.477819639110216],[-104.053881830360609,43.289805970010107],[-104.053131841959882,43.000590854301038],[-104.052588823910469,42.630923467020239],[-104.052664758305752,42.611772768752651],[-104.053108066455877,42.499970475611576],[-104.052790412276494,42.249967868455499],[-104.052727039069524,42.016322274582841],[-104.052760188164598,42.001734440988045],[-104.053024064445992,41.885468122960788],[-104.052823453219546,41.69782673742445],[-104.052733868209074,41.613679581313662],[-104.052633739072832,41.564279183134232],[-104.052286955270489,41.393309909635121],[-104.052287089739536,41.393216909599708],[-104.052453385840508,41.278204626390028],[-104.053142373544816,41.114459098004247],[-104.053249275806351,41.001407714535858],[-104.497058876572467,41.00180762655895],[-104.855273830094532,40.998052236633526],[-104.943371663597546,40.998078457564446],[-105.276860236451924,40.99817646014867],[-105.277138242049304,40.998176541958586],[-106.190555202362603,40.997747927377539],[-106.217574164242663,40.997735187330385],[-106.321170459025979,40.998216070233461],[-106.860378697040346,41.000719839988371],[-107.317797588324012,41.002843610339816],[-107.367444937147624,41.003074204520111],[-107.918420755818616,41.001228554204523],[-108.250650338232163,41.000115526889601],[-109.050081648903927,41.000664156107135],[-109.250737655900252,41.001014108033139],[-109.715411886084937,40.998196681498207],[-110.000720274671821,40.997431010475957],[-110.048486207756753,40.997302925631004],[-110.121641713082781,40.997106758066096],[-110.539822044385986,40.996349688491911],[-110.872058894420277,40.997406824518443],[-111.046725271602128,40.997962520179392],[-111.046639995172583,41.251630810773158],[-111.046602879549383,41.360695711461283],[-111.045791432336443,41.565574514101584],[-111.045820836478342,41.579848458792689],[-111.046690321734758,42.001569753487416],[-111.04708312186618,42.34942276049815],[-111.045534226019214,42.513915860471371],[-111.043566951383596,42.722627245649413],[-111.043961956971671,42.964452908006194],[-111.044055662212287,43.019409850381294],[-111.044145895518852,43.072366738502375],[-111.044619948949205,43.31572246463157],[-111.045364238230931,43.50105388460257],[-111.046114029197227,43.68785000248392],[-111.046520175071137,43.908377106971493],[-111.047224847875128,43.98343204288004],[-111.048458089548348,44.114831542503644],[-111.049152931331548,44.374923551489587],[-111.048977715380161,44.474069101005746],[-111.055211643488079,44.624926237230319],[-111.055336422112489,44.666262430307739],[-111.055514767784814,44.72534438428643],[-111.056891802274208,44.866660418295062]]]}},
{"type":"Feature","properties":{"STUSPS":"WV","NAME":"West Virginia"},"geometry":{"type":"Polygon","coordinates":[[[-82.598862995685181,38.201005061207994],[-82.584692859513098,38.240511013239299],[-82.581795055337182,38.248590011055512],[-82.571876033526607,38.315779066445401],[-82.597978019945089,38.344907128712158],[-82.59367198695017,38.421807195451173],[-82.560662981606797,38.404336152413023],[-82.508965903520135,38.414642038396615],[-82.447074913748992,38.426980109088042],[-82.381771879095325,38.43478108038844],[-82.323997848136401,38.449266052892263],[-82.304221824696441,38.496306052840502],[-82.293269661020446,38.560280897176291],[-82.282131948783658,38.579858632205678],[-82.274268564505306,38.593680791540855],[-82.218965513821544,38.591680779005358],[-82.17516541446426,38.608481771566773],[-82.185565318938416,38.659580675678775],[-82.201535145798374,38.760369504020886],[-82.209288222699854,38.802669591511901],[-82.161568310132239,38.82462974794953],[-82.134764565998807,38.905576977878127],[-82.098865473866439,38.960877431913062],[-82.089063902764067,38.975976190207689],[-82.041562113697253,39.017876375458933],[-82.007061187677252,39.029576466612717],[-81.941828083246904,38.993293428040808],[-81.898468753581042,38.929601380645529],[-81.827352648615815,38.94589651086936],[-81.775732587126228,38.980735662901083],[-81.793302506958128,39.040351799573266],[-81.807853384299364,39.083976915208147],[-81.750264935926282,39.104030223987756],[-81.742951087020913,39.106577029470742],[-81.752294806066828,39.181033987099397],[-81.752751755647736,39.184675249472868],[-81.721465841615483,39.21096007661157],[-81.711625696466953,39.21922726892123],[-81.67832869280204,39.273754265141669],[-81.613893864348256,39.275338127266686],[-81.565244992029633,39.276174023446934],[-81.559644904393053,39.33077300677283],[-81.503186873438395,39.373240892594715],[-81.456140783731769,39.409272828569691],[-81.412703832416923,39.394616772077832],[-81.393791931439608,39.351704752587892],[-81.370387744490273,39.348699396080157],[-81.347564938814585,39.345768695668632],[-81.249085874185113,39.389990559523611],[-81.185943813059296,39.430729524409131],[-81.12853078853972,39.449373494095525],[-81.121271638365656,39.457695900465374],[-81.075947760045736,39.509658425196136],[-81.037362809086702,39.538054074737481],[-80.943779806918883,39.606924266660265],[-80.865572880494526,39.662749200868952],[-80.82976194403075,39.711837118038943],[-80.835519637748988,39.71924990454086],[-80.86993093185626,39.763552992140546],[-80.824966955461093,39.801089892787367],[-80.824273934197038,39.847156756721169],[-80.823436037839159,39.850029836478285],[-80.803391894675826,39.918759579162682],[-80.764476854591265,39.950247567148864],[-80.740123825112988,39.970790571140164],[-80.738206029470462,40.033876793408375],[-80.736801813580385,40.080069690506512],[-80.705991861978589,40.151588901400785],[-80.702573171706263,40.157139316582523],[-80.684171115962542,40.187015981074047],[-80.644596008668415,40.25126817925873],[-80.606594054989458,40.303867253395978],[-80.631594008237997,40.385466274046792],[-80.627360639302793,40.395169216519491],[-80.604893005293121,40.446665330519671],[-80.622193024637895,40.520495370846824],[-80.667955127187327,40.58249441924346],[-80.627169201370521,40.619934482055505],[-80.583631207056513,40.615518495380798],[-80.518989199380911,40.638799565649364],[-80.519014951251634,40.477361605306626],[-80.519027657190449,40.399639473076356],[-80.519037063776111,40.34209938539253],[-80.51908244151717,40.159670226008124],[-80.51911783449215,40.016408065396476],[-80.519158606230135,39.962198149241352],[-80.519339875304439,39.721401450207502],[-80.421386123085583,39.721187646572403],[-80.075945679587562,39.721349293477765],[-79.916016956694747,39.72105509230142],[-79.763775275631872,39.720774693756063],[-79.476661829841348,39.721076580332472],[-79.482364843130043,39.531687208452382],[-79.48437104057912,39.344298965983704],[-79.486872400193008,39.205960562803043],[-79.424412217400857,39.228170397200671],[-79.353748926028388,39.278038099293688],[-79.28372169370418,39.309638888140476],[-79.262390717744935,39.32624264273948],[-79.166495343578021,39.400886665194918],[-79.091327056166762,39.47240555023189],[-79.067445448758136,39.472807268876473],[-79.035621019878022,39.473342595803601],[-78.956749162248443,39.440262781033333],[-78.942615974057787,39.479612717979869],[-78.851014091662947,39.554042908494452],[-78.771138358835998,39.638386104868815],[-78.739048249676628,39.609696126761918],[-78.707096132514707,39.555856158320928],[-78.655034383241556,39.544381508936432],[-78.590652326753442,39.530191412940198],[-78.468268136446511,39.526223917058537],[-78.460949542516232,39.525986651945765],[-78.438177583169534,39.563523646354966],[-78.382957654048056,39.622245662299207],[-78.33278669450786,39.628527301949852],[-78.313031680598357,39.631000722792002],[-78.225073664010239,39.658877810589011],[-78.082258307183892,39.671166018036942],[-78.027627247457744,39.620656023717011],[-78.006732090996692,39.601337071897611],[-77.925985807530211,39.607642127164489],[-77.829811468124859,39.587288173714285],[-77.823759480388944,39.52590715381028],[-77.810941350238025,39.500739321474562],[-77.798198490230305,39.475719222466623],[-77.740009553128459,39.40169448862099],[-77.74592769890404,39.353221649628473],[-77.719516777817333,39.321314673175955],[-77.778066224525304,39.229305800431696],[-77.80912364209199,39.168567550646657],[-77.828155879806815,39.132329424113351],[-77.828300713057644,39.132422878643403],[-78.03283993905211,39.264402831761153],[-78.033182399417697,39.264623530524723],[-78.033184173847147,39.264624674056712],[-78.187368774947188,39.363988882810858],[-78.229128297181106,39.390663756630218],[-78.347085622033958,39.466011767524549],[-78.337131764826538,39.409168812992782],[-78.340478905519916,39.353491850429258],[-78.401812137438455,39.276753889372628],[-78.404979245170097,39.238005918549028],[-78.428696390140431,39.187216951049827],[-78.413942460925782,39.158414971484817],[-78.508131632279813,39.088630029873769],[-78.532265919023288,39.052764576574717],[-78.561710855136042,39.009007088310312],[-78.620452953530361,38.982601098036525],[-78.681617076929939,38.925840130740021],[-78.772793178255526,38.893742125772],[-78.821167260707185,38.830982148201436],[-78.869276364461015,38.762991194168471],[-78.999014294131541,38.840074003444478],[-79.023053364661095,38.798613066998847],[-79.05725343114014,38.761413123579807],[-79.088055488506583,38.690115181257298],[-79.092955506740381,38.659517202009837],[-79.154357552985005,38.606518232437431],[-79.20145961735345,38.527821278603227],[-79.228423652059249,38.479741852936108],[-79.231620651679094,38.474041295734615],[-79.297758676689199,38.416438295582488],[-79.31129674333765,38.418454895481318],[-79.370302682196495,38.427244287589467],[-79.476638681872572,38.457228277340349],[-79.542567626032906,38.553216291314335],[-79.649072751044102,38.591514156822193],[-79.669125954419073,38.510882337367967],[-79.691086264247346,38.463743149906179],[-79.689673470228911,38.431437980601181],[-79.734599293625834,38.356726376023609],[-79.804092200724355,38.313920274917848],[-79.78754169352122,38.273295974343363],[-79.797013163190456,38.267266127458861],[-79.850322955982151,38.233327328209739],[-79.916171915843279,38.184384795851528],[-79.93894936903385,38.111617909103529],[-79.961979315866941,38.063606104813353],[-79.971227937774444,38.044325036693074],[-80.036232412691831,37.967919203899825],[-80.055807859805668,37.95187745751717],[-80.131926823400846,37.889499354573644],[-80.199628604771249,37.827506467466947],[-80.218611581174059,37.783290603109712],[-80.25813882848152,37.720611636492478],[-80.290030007454448,37.686135972342228],[-80.292254222761798,37.683731505506856],[-80.224299664144581,37.623991119624868],[-80.223382423157204,37.623184749865601],[-80.282436867396314,37.585480615707816],[-80.291641242376471,37.536504621240937],[-80.399877976410238,37.462313291391354],[-80.464818363172498,37.426143083015887],[-80.469567266456096,37.429024541683773],[-80.544834435328653,37.474693985137542],[-80.66496979104177,37.414213755367037],[-80.770080957686773,37.372361595414731],[-80.836444919620533,37.424353589522077],[-80.857357499872549,37.421127288825851],[-80.858147046880703,37.421005480991724],[-80.865146933407715,37.419925569329621],[-80.883246977173741,37.383931532524507],[-80.8354780169755,37.334822528354351],[-80.919258068038474,37.306161452046702],[-80.980844344763696,37.300851222482741],[-80.996012092688389,37.299543394954924],[-81.112595815873206,37.278495117654842],[-81.225104590440083,37.23487189600641],[-81.362155958626673,37.337684680877572],[-81.427945950479028,37.271012565417593],[-81.483558804212677,37.250601480042796],[-81.533069616532202,37.223411442251432],[-81.560624523756431,37.206660404629723],[-81.678602064467597,37.202464192141029],[-81.739053727570592,37.239494303368851],[-81.744001664647826,37.242525203698619],[-81.774745546862121,37.274844208859456],[-81.849947371203569,37.2852241028938],[-81.895999399674778,37.33196413603671],[-81.933599559099022,37.389214237327906],[-81.936948675130822,37.419917314551093],[-81.984889855115767,37.454312391421169],[-81.932277950746794,37.511958543967573],[-81.968295971298559,37.537795597673899],[-82.064416732380423,37.544513672711034],[-82.141553412138165,37.595163816700065],[-82.226109213554622,37.653089948786238],[-82.296116274635551,37.686171994271902],[-82.320673370726951,37.745963901797644],[-82.327354440851593,37.762231061826817],[-82.369971524448388,37.801747055507931],[-82.398463415779815,37.843052202895812],[-82.418688653827616,37.872373050732584],[-82.487554775342161,37.916973044374387],[-82.479418917726491,37.938560571378993],[-82.464985827881279,37.976857050480717],[-82.549405901338332,38.063061063517509],[-82.626180905569726,38.134833128879421],[-82.598862995685181,38.201005061207994]]]}},
{"type":"Feature","properties":{"STUSPS":"IN","NAME":"Indiana"},"geometry":{"type":"Polygon","coordinates":[[[-88.059470658429902,37.866685502143916],[-88.040860558256369,37.891764860989333],[-88.016310641891636,37.961571693886128],[-88.030883703535764,38.030710516497557],[-87.9887697544101,38.055588461692913],[-87.962209782682365,38.10005138690223],[-87.92746780702636,38.151943296954634],[-87.975818910239255,38.197831109008952],[-87.970200782687314,38.230268088767822],[-87.968967948748485,38.237386012999714],[-87.908541905478728,38.268578045823915],[-87.831971829943768,38.307238125419637],[-87.779995781278799,38.370839170301203],[-87.751105694090242,38.418846399437953],[-87.741039754517715,38.435573199208598],[-87.71404678332523,38.479877224325968],[-87.654165852158158,38.51190830802701],[-87.660731893702462,38.541089325023606],[-87.648356707402201,38.566626074742423],[-87.637751988727132,38.588509384991298],[-87.620120088936616,38.639486433073735],[-87.545538230534092,38.677610486971965],[-87.498948456812883,38.757771524123974],[-87.521681789157043,38.826573653309183],[-87.53525795120558,38.852489161877834],[-87.54737099645962,38.875611733502758],[-87.528718851740805,38.905941586240473],[-87.527646199245254,38.907685803906411],[-87.529497527180268,38.971922923048602],[-87.579118549095611,39.001604926430076],[-87.572589657641146,39.057283939777221],[-87.625380648059235,39.10180389159526],[-87.638369223493896,39.157809753800997],[-87.640436773203703,39.16672488337349],[-87.577030909652208,39.211120954076577],[-87.593487967901027,39.247449941293361],[-87.594747818601235,39.259381551759382],[-87.60039897407745,39.312901899698886],[-87.578332994326516,39.340340914071284],[-87.531648038924416,39.347885973975785],[-87.531626107444907,39.469375933869536],[-87.531668793698245,39.477108923981937],[-87.532386693442149,39.607302733180497],[-87.532704028334962,39.66486571690033],[-87.532453935217333,39.882996497632156],[-87.532306499432352,40.011584185437286],[-87.531861226016744,40.058796326302783],[-87.531019607995674,40.148032713672038],[-87.530051619542689,40.250668415460225],[-87.527063017540428,40.476879835260895],[-87.526873536180801,40.491221960303974],[-87.5262897260979,40.535406656575567],[-87.526133981733082,40.736883313710003],[-87.526011709182498,40.895580375978071],[-87.526461128546003,41.010334995838704],[-87.526517918500147,41.024835503633106],[-87.526646313070984,41.166088740314564],[-87.526765729815338,41.298050590708186],[-87.526765842409134,41.298175988277684],[-87.525405569908898,41.470279721280178],[-87.524936105833191,41.529733993295231],[-87.524041145213303,41.708333545010198],[-87.470739086022277,41.672833563865751],[-87.415813547104449,41.688181454336316],[-87.365436642023994,41.629534490290276],[-87.261534424801368,41.620334316512249],[-87.222798579094444,41.628888151524329],[-87.125834025190656,41.650300379103506],[-87.027887445230647,41.67465944138592],[-86.932848543516471,41.716495510599962],[-86.909129485207472,41.726936615439897],[-86.824827287550093,41.760238800281151],[-86.699679849609751,41.759853704902014],[-86.640042980154703,41.759670186612652],[-86.524218594558178,41.759571575335855],[-86.501771827328881,41.759552464463646],[-86.226092854349545,41.760015691360181],[-86.226068509335974,41.760015732266986],[-86.062561367012165,41.759652922144419],[-85.791361270635591,41.759050980061559],[-85.791333232597538,41.759051019623094],[-85.659748302148344,41.759236571423017],[-85.292176001291693,41.759755183990514],[-85.232832039155994,41.759838935218781],[-85.196771139937255,41.759870745268913],[-84.825124378456195,41.760198489260382],[-84.805879061287968,41.760215455655413],[-84.806077992014949,41.696088510613862],[-84.804953998218906,41.530137500896323],[-84.804248951783052,41.426049403615295],[-84.804128665270937,41.408291685414291],[-84.803697992709274,41.27093152294951],[-84.803640395628676,41.252561310693402],[-84.803229510744615,41.121413521284808],[-84.802855232315309,40.989373467004832],[-84.802665837295294,40.922568085046052],[-84.802114694845912,40.728162183198542],[-84.802114727117484,40.728145120013245],[-84.802409644708177,40.572211535288119],[-84.802542798419552,40.501808416387668],[-84.80411569488777,40.352842745602878],[-84.804117222402525,40.352760976087232],[-84.804914258955165,40.310094758276918],[-84.807340925197494,40.180173852092807],[-84.808703484889278,40.107214753040694],[-84.810158834220104,40.005066132306169],[-84.811414453954626,39.916912059233603],[-84.814124972739123,39.726614661521673],[-84.814125834808806,39.72655414996904],[-84.81570278446209,39.567719989966847],[-84.816157037732339,39.521966485952518],[-84.81745000672305,39.391751677853243],[-84.818874235757363,39.305165070051359],[-84.818874607256447,39.305142484616859],[-84.820156287017866,39.227224119088092],[-84.820154633386252,39.105479516211844],[-84.86068671751606,39.07813957342362],[-84.897168798245389,39.052406593866777],[-84.877568138040687,39.031262564909042],[-84.849442937500797,39.000922794549282],[-84.832614834703193,38.9614600702538],[-84.877759704749479,38.920357114915532],[-84.86432488001185,38.91379435194218],[-84.830469666886486,38.897256476237537],[-84.786403663486681,38.882220824275819],[-84.798698736246067,38.85922585204063],[-84.803244574896851,38.850723948968998],[-84.812874405237793,38.786088320456059],[-84.856901343600327,38.790224913590905],[-84.962532125112489,38.778035030678183],[-85.021049279501824,38.758526997356725],[-85.07192516869496,38.741566664924882],[-85.146858454627321,38.695426519728542],[-85.18727558802648,38.687608500726],[-85.201758240568964,38.697440313925057],[-85.238662693019819,38.722493567082836],[-85.275451823104632,38.741171533651723],[-85.332638836311972,38.734816137731087],[-85.340951142282179,38.73389236214944],[-85.400479426673968,38.735979216991595],[-85.44886062466604,38.713367102294647],[-85.438740508049747,38.659318130866865],[-85.436168420140561,38.59829114030277],[-85.431414463272574,38.586284758995333],[-85.415598312826575,38.546340156206192],[-85.43297936719901,38.524111317840884],[-85.433134319464529,38.523913147503698],[-85.474352350031481,38.504073142828368],[-85.498864462555716,38.468241083727634],[-85.587756448411994,38.450494069044922],[-85.621623426625035,38.417088027057829],[-85.634442545586381,38.378398423370754],[-85.646199357420699,38.342914931506655],[-85.683559180274813,38.295467891364851],[-85.750959826960866,38.26786890688031],[-85.794499369891312,38.27795142717406],[-85.81616188352811,38.282967849423279],[-85.839661791989514,38.239768776227137],[-85.89476180954162,38.188467664467879],[-85.895910687301452,38.179917474301988],[-85.905161825972726,38.11106857936101],[-85.922392859733407,38.028677485737653],[-85.951724339633657,38.014940077749785],[-85.976025939121911,38.003558418021804],[-85.997349631925161,37.991223984791446],[-86.03338404913471,37.970380330379555],[-86.095764176756518,38.008928361626495],[-86.206437407931617,38.021874318793166],[-86.278654476338545,38.098507303429031],[-86.321272512194398,38.14741630335083],[-86.38721459953311,38.124630262090236],[-86.433568712254299,38.087146063229355],[-86.434044633049936,38.086761210272918],[-86.471901630794179,38.046216151902073],[-86.488051105809646,38.043663447219423],[-86.521823667947587,38.038325116343628],[-86.525172600189663,37.968226046760456],[-86.509366523030309,37.902884981717499],[-86.599846633300771,37.906751964627944],[-86.615213595000739,37.85285490615847],[-86.646708031772519,37.864909310731171],[-86.658372660595305,37.869373913476139],[-86.722245760614257,37.892645922179454],[-86.779991899183841,37.956519949170584],[-86.810911974440216,37.997147959035907],[-86.813578546001395,37.996065088253282],[-86.875872995864071,37.97076787186105],[-86.927745999025504,37.934953788179364],[-86.977740457220037,37.925696940257701],[-87.010314060415496,37.919665697651283],[-87.043048061935494,37.875046639325056],[-87.057835033237851,37.827454596957125],[-87.105613017436426,37.767628637147986],[-87.137501126395819,37.807261561633219],[-87.180062225246317,37.841372558490143],[-87.255249358766903,37.867323536355222],[-87.270386785740911,37.875420381979154],[-87.304056885049917,37.893430143746571],[-87.331764489777683,37.90825062370137],[-87.41858470670158,37.944760702447624],[-87.448700000746641,37.933852272050764],[-87.486346706659319,37.920215795253881],[-87.551276677957333,37.925415856941299],[-87.608478519165601,37.898791931134369],[-87.625850368167477,37.851916975493559],[-87.68163235520997,37.855915018458013],[-87.713156724026234,37.883040433450937],[-87.723634393866291,37.892056040055643],[-87.80801239836444,37.875189035520997],[-87.872539506286842,37.920996930959063],[-87.921743531875052,37.907882906461758],[-87.925392907248934,37.899589396881488],[-87.938127503712167,37.870648970729839],[-87.903803414100807,37.817760083122792],[-87.935860410906187,37.789701141608518],[-87.970261433207753,37.781854169779216],[-88.02802947522656,37.799222093586614],[-88.0673635158237,37.856048921815741],[-88.059470658429902,37.866685502143916]]]}},
{"type":"Feature","properties":{"STUSPS":"MA","NAME":"Massachusetts"},"geometry":{"type":"MultiPolygon","coordinates":[[[[-70.27552624868234,41.310464935983376],[-70.193712343673766,41.313788039971456],[-70.07913342851171,41.319505165824253],[-70.049053644971579,41.391703068853566],[-69.984869599279762,41.358819200708488],[-69.960181353415152,41.264547389244143],[-70.015225251018094,41.237965375420373],[-70.096967220301039,41.240851274345054],[-70.211479185848361,41.248766132177629],[-70.27552624868234,41.310464935983376]]],[[[-70.833801882320486,41.35338612661014],[-70.757796844492077,41.365702176707536],[-70.686880957773539,41.44133431297098],[-70.603555063283252,41.482384424916589],[-70.553277038196114,41.452955478101181],[-70.496197015636753,41.424908548554548],[-70.463833074041261,41.41914558077459],[-70.448261974104355,41.353651626011747],[-70.577453844157148,41.349163434753024],[-70.693634818936204,41.342833252101748],[-70.768686781127201,41.303702121642914],[-70.821283774643689,41.251014028480476],[-70.833396848031214,41.316778087470773],[-70.833801882320486,41.35338612661014]]],[[[-73.508142519493362,42.08625691615709],[-73.35252657230285,42.51000175827884],[-73.264956740013105,42.745939721083431],[-73.02301779302411,42.740972413710551],[-72.930106688941734,42.739064850662679],[-72.864292071341552,42.737713610946024],[-72.809113336917733,42.736580736319368],[-72.458518364311487,42.726853082448812],[-72.283033479741263,42.722009577728222],[-72.124525761846044,42.717635172432054],[-72.11105710895535,42.717267111128052],[-71.92903020328167,42.712292947042592],[-71.898768925267774,42.711466044823716],[-71.745817199907265,42.70728654715721],[-71.636213568288994,42.704887123678539],[-71.351873444996926,42.6981534078745],[-71.294204704317607,42.696989710519716],[-71.255604740006163,42.736388949815058],[-71.255109864224991,42.736397006205785],[-71.245383779994725,42.736555303654193],[-71.181802468013984,42.737589838423659],[-71.186103292653598,42.790688624370418],[-71.149702073963525,42.815488457335569],[-71.116373976649612,42.811902363908445],[-71.064199786657881,42.806288425837238],[-71.048715099971048,42.831063688148191],[-71.031199585068592,42.859088286182832],[-70.966498482371534,42.868988270867142],[-70.930797466279813,42.884588250322132],[-70.864748485023512,42.870257232119371],[-70.817294484529583,42.872289216761622],[-70.805218591772004,42.781797101185134],[-70.772265856992519,42.711062991299109],[-70.729819129861454,42.669600956426599],[-70.681593241803654,42.662340996753372],[-70.645100147283316,42.689422019911305],[-70.602505275475352,42.677701056574847],[-70.594013514200384,42.635029085036741],[-70.654726720580641,42.582233039276204],[-70.698573694998402,42.577391986989973],[-70.804090710703989,42.561594034710801],[-70.848491763668079,42.550194126398729],[-70.835991087424659,42.490495102005887],[-70.886493130662146,42.470196218458668],[-70.913192239645738,42.427696289241652],[-70.955211268636845,42.425468455235375],[-70.982994184875352,42.423995414340354],[-70.982545795801883,42.420221213913337],[-70.974897357704208,42.355842408181054],[-70.975893301981699,42.354338663514881],[-70.98309396064009,42.343466615954462],[-70.997838401142232,42.321204441679036],[-70.993060068470299,42.312891716255123],[-70.967351586806558,42.268167410956629],[-70.948497634295109,42.282354081909666],[-70.91749058790046,42.305685345024486],[-70.881242672437608,42.300662304197722],[-70.851093841500699,42.268269291639221],[-70.835852662744173,42.264762543462609],[-70.788725034564195,42.253919242122805],[-70.781575613743072,42.248636193477218],[-70.730561268078674,42.210939478912678],[-70.685316634372484,42.133024965239599],[-70.638482053288953,42.081579240151115],[-70.644339109483269,42.04589541189992],[-70.678799943043913,42.005510637084157],[-70.662477744285184,41.960592490921542],[-70.608167934202257,41.940701399536024],[-70.583574196280495,41.950007422912279],[-70.546388073834521,41.916751325557193],[-70.525568512153185,41.858730193913914],[-70.541030943699866,41.815754073369341],[-70.536408167314079,41.811634215458348],[-70.494048594954521,41.773883059326643],[-70.441718550801113,41.7528981284647],[-70.323819987827747,41.736058386520874],[-70.272290164055818,41.721346499896498],[-70.216074314943356,41.742981573862757],[-70.121979372618696,41.758841689027022],[-70.024735426906304,41.787364806135869],[-70.003843449630878,41.808520828482166],[-70.006112496876568,41.852396826476415],[-70.069011571200946,41.884924782638301],[-70.074007656041957,41.938650793384078],[-70.08377674811814,42.012041787018617],[-70.150761821707079,42.026569740017443],[-70.190835885147138,42.020028739415991],[-70.245386899371994,42.063733627813491],[-70.189306800035268,42.082337616195815],[-70.138943720425772,42.092907622362283],[-70.049383637669195,42.064689714809205],[-69.994137640429571,41.999258831328973],[-69.974782551559159,41.925105844796676],[-69.935953423612915,41.809422885695177],[-69.928262284226207,41.691700929071736],[-69.931130183114348,41.622659957193697],[-69.964983077754567,41.55111094832769],[-70.011230055355583,41.543931895730715],[-70.011962176515098,41.619797866882614],[-70.007012262396216,41.671579853615974],[-70.055524224195182,41.664843798810331],[-70.158622135170503,41.650438683262941],[-70.269687937100116,41.617775566914965],[-70.321588798250147,41.630508490970023],[-70.400581512124248,41.606382422608412],[-70.445289362650698,41.591815396866345],[-70.476256249692071,41.55850243023383],[-70.559689125286994,41.54833035690222],[-70.654104051190458,41.519025322031347],[-70.669058410148622,41.512929985884831],[-70.734305992903614,41.486335284804248],[-70.790269951565321,41.446339233039474],[-70.857527960294334,41.425767199041935],[-70.94843099245,41.409193152108074],[-70.934986013110432,41.454699224525143],[-70.806861009995757,41.497583279997855],[-70.726088918480272,41.543237095174881],[-70.698196986676408,41.559002149125504],[-70.695391956235113,41.602546018980568],[-70.715979764185093,41.614013220076949],[-70.765462863621693,41.641574855045924],[-70.803962556122059,41.601515604691286],[-70.821909971430955,41.582841137867554],[-70.853120997705815,41.587321192178841],[-70.910165048341455,41.577073304050707],[-70.941785059060166,41.540121327912878],[-70.981708058226914,41.510070313852196],[-71.035514164837025,41.499047332450495],[-71.085663323455236,41.509292399463121],[-71.120570428186014,41.497448415257878],[-71.137492461943424,41.602561543248925],[-71.135985597747549,41.621394330453747],[-71.132888441708772,41.660102602746576],[-71.195640546975653,41.675090592784791],[-71.20860109038351,41.690309837568257],[-71.261392548509619,41.752301581643728],[-71.317402533057361,41.777256742181706],[-71.329396518918784,41.782600644399814],[-71.339597591240121,41.832000746948353],[-71.339298698424059,41.893399874224947],[-71.381700626436412,41.893199876212108],[-71.381461721101459,41.95214199937427],[-71.381432120736932,41.985085187344829],[-71.381401810691145,42.018799009752513],[-71.498224589844526,42.015875151325488],[-71.559439630241755,42.014342807620672],[-71.591097188362369,42.01351402588395],[-71.606695094859631,42.013105678835743],[-71.799242765988438,42.008064980739199],[-71.800650779015243,42.02356898306347],[-71.846006921885504,42.024373400133712],[-71.98732661448274,42.026879789593913],[-72.135731756156915,42.029141561529904],[-72.205355897029676,42.030202669694511],[-72.317147960010786,42.031906502977606],[-72.528130733742387,42.034294479313033],[-72.607932648337766,42.030794469453774],[-72.735495528537029,42.036398460383836],[-72.76673845358853,42.002994471987243],[-72.774758767956982,42.002128584670906],[-72.810077447798108,41.998315519326532],[-72.847141487388555,42.036893577122918],[-72.863691458997707,42.037084608324932],[-72.999548444234222,42.038652764403771],[-73.053396591566909,42.040116333704219],[-73.127228609231807,42.042123055725405],[-73.231055432967793,42.044945023240196],[-73.487314554167639,42.049637857643262],[-73.489680495126933,42.053797574060781],[-73.508142519493362,42.08625691615709]]]]}},
{"type":"Feature","properties":{"STUSPS":"NV","NAME":"Nevada"},"geometry":{"type":"Polygon","coordinates":[[[-120.004801068843051,39.316478803161822],[-120.003030815594656,39.44504769404228],[-120.001740731023887,39.538852592197649],[-119.999936124084826,39.722406175613052],[-119.997636568294183,39.956503250650229],[-119.997126296990018,40.126361624425805],[-119.996155618486497,40.321248999756293],[-119.99752941291672,40.720990770938691],[-119.99922698867195,40.865897567104767],[-119.999863442723353,41.183972079186937],[-119.998280378983907,41.618763837002177],[-119.999276245017541,41.874890588782677],[-119.999168276983937,41.994539714843526],[-119.725730427210721,41.996295261959332],[-119.360123121844467,41.994091642382863],[-119.324184101865185,41.993874996705635],[-119.208279926229864,41.99317630006815],[-119.001021868491435,41.993792142992007],[-118.775869005869851,41.992690906720931],[-118.501002291861951,41.995444605140541],[-118.197369383325395,41.996992206688802],[-118.197189167003884,41.996993125521513],[-117.873466222466988,41.998332966747988],[-117.623730087816114,41.998464687783752],[-117.403612568261693,41.999287689959324],[-117.197797569325019,42.000378577577742],[-117.026195978877595,41.999888606547039],[-117.018202168136682,41.999838458210434],[-116.625946765043778,41.997378483911149],[-116.332762945200997,41.997282769738568],[-115.870180921032656,41.996765981172544],[-115.625913966595334,41.997415000172879],[-115.313877006429848,41.996103004428875],[-115.038109754094648,41.99863411660975],[-114.899210014155543,41.999909004468009],[-114.598267070428108,41.994510988786601],[-114.281854994633292,41.994214000813606],[-114.281799461827518,41.994213886578045],[-114.041723534812419,41.993720399854659],[-114.039900713385904,41.753782942856461],[-114.040232110624459,41.491691338077331],[-114.041449370467788,41.207753978015234],[-114.042149848199543,40.99992915359735],[-114.04214999407526,40.999899730727243],[-114.043506766349026,40.726294047487457],[-114.045578337627347,40.495803245222923],[-114.046179157052649,40.398315305778432],[-114.046373216910965,40.116937951294716],[-114.046386330227676,40.097898078145782],[-114.047268060833275,39.906099879750009],[-114.047782828644884,39.794161640488802],[-114.047181338788121,39.54274521050835],[-114.047078952149988,39.499944611628912],[-114.049103045913242,39.005510266947944],[-114.048054609488943,38.878695062418906],[-114.049438228482671,38.677365037356836],[-114.050154078874101,38.572977337832384],[-114.050154457518488,38.572922124584132],[-114.050119617386997,38.404537941551219],[-114.050137423467191,38.249962166265014],[-114.049902564208139,38.148765235974963],[-114.049902188055142,38.148603209360637],[-114.049657133837883,37.881370156657461],[-114.051727543527633,37.745999030664137],[-114.052471794224871,37.604777744918067],[-114.052700973494183,37.492015522374935],[-114.05197380680346,37.284512245928411],[-114.051749018304065,37.088435006451569],[-114.050600027500593,37.000396765023652],[-114.050161152513652,36.843142548478994],[-114.049493678375612,36.604060465148883],[-114.047584661648287,36.325574814275804],[-114.048226642746712,36.268875855335949],[-114.046838671438138,36.194070886258324],[-114.099870934960236,36.121655879525626],[-114.138204010041918,36.053162901941789],[-114.151726005411732,36.024564921995271],[-114.213691100597217,36.015614926306228],[-114.270646327227226,36.035721978442076],[-114.316110620734804,36.063111123071224],[-114.337274843590308,36.108022158779953],[-114.372108083860539,36.143116265376683],[-114.416952271300701,36.145763447804121],[-114.448656356688304,36.126412593436051],[-114.487036521357098,36.129398747862524],[-114.511723655518196,36.150958851097968],[-114.572033863875092,36.151613181692383],[-114.627858030847108,36.141015451756857],[-114.666541103757197,36.117346541357925],[-114.736168299116741,36.104370759099979],[-114.743345229756073,36.070538548903578],[-114.743302462890867,36.065938690073054],[-114.742782061955552,36.009966120736422],[-114.731162114331582,35.943918792192385],[-114.700274106954225,35.901774592068989],[-114.669690087157136,35.865086423337644],[-114.703713290993264,35.814587211499919],[-114.697312341656243,35.733687828196956],[-114.689410024229062,35.651413324756348],[-114.653408761841604,35.610790109202036],[-114.655970165419063,35.58799892808662],[-114.663107484855018,35.524491584578023],[-114.664502292035479,35.449497061045093],[-114.627139066826814,35.409503841727201],[-114.587130558522091,35.26237488999287],[-114.57274761090396,35.138723441775575],[-114.599120500900369,35.121048271518688],[-114.61990552654062,35.12163019009067],[-114.625069052129817,35.068475952224716],[-114.633486433848816,35.001854637289853],[-114.80424998242033,35.139686673817266],[-114.948156815743488,35.255215336838624],[-115.043813541943038,35.332010317313298],[-115.160068901125285,35.424127752657071],[-115.303744725909624,35.538206335376877],[-115.404539318602758,35.617605215127156],[-115.647684787710403,35.809358601910262],[-115.648033801878995,35.809629811553791],[-115.846114191459975,35.963552449469312],[-115.892975220869374,35.999966752722429],[-116.093600983868072,36.155806479450654],[-116.375874329845232,36.372564333987313],[-116.488231845342156,36.459099056175823],[-117.000893950477334,36.84769752193327],[-117.165998859796872,36.971211910212659],[-117.244915379310967,37.030248158146009],[-117.680610256937655,37.353399059551421],[-117.833505076427144,37.464938695221441],[-118.022183020409457,37.602582665933603],[-118.427998243948778,37.89622694975322],[-118.500961607839997,37.94902324121805],[-118.949674712342969,38.268943303195222],[-119.15581811424056,38.41340862502966],[-119.279264774422643,38.499921325545216],[-119.33036854849199,38.535517351863461],[-119.585410509399992,38.713161456991934],[-119.58768340482743,38.714744561380229],[-119.904324688266684,38.933330602911468],[-120.001022988610828,38.999579641314909],[-120.001983825363226,39.067501279069965],[-120.002623135296659,39.112694622344172],[-120.003371991009246,39.16563182724564],[-120.005148270252818,39.291262156486056],[-120.004801068843051,39.316478803161822]]]}},
{"type":"Feature","properties":{"STUSPS":"ND","NAME":"North Dakota"},"geometry":{"type":"Polygon","coordinates":[[[-104.048735946091455,48.999876776548959],[-103.375469502249175,48.998950307199102],[-102.938958343583892,48.999349874448207],[-102.85045622620548,48.999430887002084],[-102.216995410573446,48.998554270401904],[-102.021221129017505,48.998757159744756],[-101.62543383557383,48.999168548708468],[-101.496550805399636,48.999147558126886],[-101.125432532677451,48.999079834980854],[-100.431678642843465,48.999399075064147],[-100.182607015757753,48.999231745515665],[-99.91378445424948,48.999050479343609],[-99.525778887137406,48.999272909747262],[-99.376072861655047,48.999358661421496],[-98.999822045739904,48.999987939563127],[-98.869042147624327,49.000206811823702],[-97.950015131339228,49.000517129992836],[-97.775753305219453,49.000575946440563],[-97.229041080652038,49.000689730553084],[-97.227856294733357,48.94586665174571],[-97.187364491535618,48.867600522497057],[-97.152590971533172,48.772604467823207],[-97.121256287406595,48.713595329840921],[-97.100012478733433,48.667928169198667],[-97.142918937392878,48.583734677027088],[-97.14772771669621,48.543893153391693],[-97.148107631441306,48.540745499353577],[-97.149126210826168,48.532306408587317],[-97.139176664408296,48.430529174357495],[-97.137906827538217,48.344586029534071],[-97.129534985767251,48.257815886333951],[-97.141898777247306,48.193697430615302],[-97.145846588054937,48.173224209762985],[-97.146746611228721,48.168556717977026],[-97.105617351338765,48.09136261847096],[-97.068988147006465,48.026267538993501],[-97.037355303270004,47.933279530685745],[-96.996365608119532,47.844398553892141],[-96.928507904111441,47.744884528327695],[-96.893495215529327,47.672127413793525],[-96.882377916276468,47.649025433417876],[-96.854074921813805,47.572010371924726],[-96.855961282759893,47.499173546384434],[-96.857481987829161,47.440457306711195],[-96.840222130701903,47.276981279828114],[-96.836011755198982,47.237982146643525],[-96.826571332180663,47.1505392473765],[-96.819080237057122,47.081152232339413],[-96.833506288972956,47.010110203337518],[-96.76397531024503,46.91250725379944],[-96.788805474479716,46.77757524861488],[-96.786847351919519,46.692805161079008],[-96.790525214299521,46.636880076710497],[-96.789788723030654,46.635746747163793],[-96.785788368965157,46.629590911245629],[-96.74443794831987,46.565959929341723],[-96.709097014356445,46.435294035257506],[-96.647298303266851,46.358499243485028],[-96.601042447975757,46.319554311446069],[-96.595672535980214,46.21985042868144],[-96.554509201292078,46.083978487523645],[-96.572699570103225,46.021892206658883],[-96.574266066377874,46.016545539184641],[-96.563674060400359,45.935245559089061],[-97.082095430719946,45.935842465113801],[-97.228293436004989,45.935657139474515],[-97.54259929509098,45.935258475937395],[-97.777040393654431,45.935393325429189],[-97.978777746379549,45.935933529169162],[-98.008101705912878,45.936012029060713],[-98.070515053715212,45.936178982586114],[-98.414519639448855,45.93650133489956],[-98.62538162984508,45.938225169203662],[-98.724377349607437,45.93867195452561],[-99.005645165198601,45.939941831482123],[-99.005757515399523,45.939942140985131],[-99.092871202696216,45.940182122343707],[-99.34496329654236,45.940298215507667],[-99.490257334760102,45.940362088215466],[-99.611163071805166,45.941098786363959],[-99.718075822006369,45.94090840077255],[-99.880064341337331,45.941673037450506],[-99.880294370488585,45.941674123186651],[-100.152085746477681,45.942488700372223],[-100.294127554291464,45.943271712904462],[-100.499355706969382,45.943634520822428],[-100.511794486080092,45.943656518318605],[-100.511950512160382,45.943656588712258],[-100.762111377927909,45.943769457000975],[-101.106827261465128,45.943986396561762],[-101.365284016327962,45.944094255758792],[-101.557276882077375,45.944102236922809],[-101.794606795543402,45.94439928631509],[-101.998733848305278,45.944539287957006],[-102.000680688931297,45.944540624087487],[-102.087555681808439,45.944600320078337],[-102.328230439802383,45.944808520012529],[-102.550947276584736,45.945017636146765],[-102.704871320769797,45.945074761353375],[-102.880252692789526,45.945072095197624],[-102.942070824376074,45.945097647596839],[-102.995249030631669,45.94511962871568],[-103.218397462587021,45.94521174254038],[-103.434852804251079,45.945295400547081],[-103.660781313348977,45.945245751629315],[-104.045446299098671,45.94531523591661],[-104.0454685294727,46.280085352637329],[-104.045471544591678,46.324549055840649],[-104.045047405892873,46.50979067190314],[-104.045127624523801,46.540863450028276],[-104.045387446426432,46.641505713592842],[-104.045574296670125,46.713882291854382],[-104.04554347076531,46.933887825400141],[-104.044788658345112,47.127430378426162],[-104.045308386026647,47.330140179667801],[-104.045313042004352,47.331955053909624],[-104.044976684605416,47.397064789436385],[-104.043912368379964,47.6032292700678],[-104.042385004797111,47.803256352480972],[-104.043933483140734,47.971514909130285],[-104.044093512401759,47.996081523993126],[-104.044093619942672,47.996098032890664],[-104.045692873304901,48.241415241979645],[-104.046783008901869,48.389298325956588],[-104.047555848695936,48.494140265254813],[-104.048087809411911,48.633910573374521],[-104.048900246480315,48.847386994331721],[-104.048735946091455,48.999876776548959]]]}},
{"type":"Feature","properties":{"STUSPS":"PA","NAME":"Pennsylvania"},"geometry":{"type":"Polygon","coordinates":[[[-80.519889457089434,40.906659780678829],[-80.519221033247021,41.125092321870177],[-80.519196186357775,41.133217247527597],[-80.51889240195591,41.23255466056159],[-80.519165307226999,41.489108685413875],[-80.519176188316379,41.499339067951198],[-80.519356830459827,41.669765421726488],[-80.519396433034359,41.849561750700296],[-80.519424686807525,41.977522556577647],[-80.329975992396712,42.036167159486915],[-80.154084577690227,42.114756208992084],[-80.136213685191393,42.149936362134255],[-80.08851284657861,42.173183428158254],[-80.020324026493668,42.163115331022993],[-79.923925628633299,42.207544943023692],[-79.844663336764398,42.235484301286029],[-79.761954193198591,42.269857695664577],[-79.762124160427561,42.131244294628303],[-79.761314104608303,41.998807144767909],[-79.610836722589113,41.998518813609465],[-79.472472761304402,41.998253817769623],[-79.061258465604794,41.998837839383725],[-78.983065294009009,41.998948702108336],[-78.918898719355667,41.99910273071719],[-78.596650706764464,41.999876288297969],[-78.308145172470475,41.999070586656615],[-78.27120483367824,41.998967450708257],[-78.206379980971832,41.99908819338745],[-78.031178075966309,41.999414454543263],[-77.832030510936036,41.998523697578833],[-77.749932442945507,41.998755253618292],[-77.610020625719741,41.999149572689596],[-77.007636270779713,42.000846725721658],[-76.965792648670671,42.000782161697373],[-76.92692630834317,42.000722199556535],[-76.558117865178247,42.000154225596567],[-76.557698586379999,42.000148892605715],[-76.462154776321952,41.998933423944699],[-76.145518827621871,41.998865318610214],[-76.105839768891869,41.998856736136382],[-75.870676519434383,41.998826520766052],[-75.483139400435448,41.999396559274473],[-75.477143182761949,41.999405388898957],[-75.359930250583488,41.99368791760778],[-75.341124172069058,41.992770584597238],[-75.291761258898617,41.947090807020587],[-75.263004379418689,41.885108045594855],[-75.190202448844516,41.86245310227487],[-75.145292665197346,41.849736629490131],[-75.113368515334827,41.840697110214435],[-75.074411577189906,41.802190144524644],[-75.053430637788878,41.752537189804009],[-75.049281327499955,41.641861761931139],[-75.046199153992077,41.603763967151849],[-75.043879706755533,41.575094082420954],[-74.982463579771078,41.496467041650781],[-74.890358249241046,41.455323778844352],[-74.799546050099153,41.43128959256159],[-74.756271808924467,41.427626936804224],[-74.73489295548238,41.425817479976828],[-74.694913973837743,41.357422495646496],[-74.760325024048996,41.340324633550175],[-74.815703021675915,41.296150721547932],[-74.867404966948854,41.227769842202889],[-74.879333313838373,41.205047621313412],[-74.905255874427993,41.155667955431888],[-74.979872814972239,41.110423009732742],[-74.98304188806047,41.106017575876137],[-74.992385806870388,41.09302828568341],[-75.015270832513309,41.06121510107107],[-75.070531921891188,41.018620195780997],[-75.133085932556227,40.980179263089958],[-75.123253797643613,40.965305804708358],[-75.097719678817725,40.926679273167473],[-75.065437547818846,40.885682243039504],[-75.090961378276859,40.84918729695881],[-75.108504095801862,40.791094366564245],[-75.177475716980652,40.764225586781563],[-75.192610603461262,40.715874661863332],[-75.191057681243038,40.637971675313501],[-75.189235113219752,40.609057638297649],[-75.188198606727127,40.592614045034182],[-75.186735751390657,40.56940668027972],[-75.136746827759097,40.575731550580599],[-75.078501904086451,40.548296417585995],[-75.062225874364913,40.481391415260191],[-75.070566863722732,40.455165444340913],[-75.056100857960416,40.416066424321436],[-75.024773861684835,40.403455354133676],[-74.969595922354344,40.399770273381478],[-74.94600494276942,40.35730627506166],[-74.928109533983729,40.339828720014957],[-74.903308994108386,40.31560727116301],[-74.856507049758534,40.277407272147201],[-74.82390610529518,40.241508304351747],[-74.760604368928952,40.198909428243276],[-74.748497107071017,40.184909088863094],[-74.721603604765107,40.153810567332705],[-74.723378902819334,40.152896117813235],[-74.769487580310596,40.129145661254675],[-74.825906378600706,40.123910657202728],[-74.863808301448216,40.082210758230183],[-74.932209991478416,40.068411747739283],[-74.973174666068985,40.046333056014731],[-74.989912693165152,40.037311769379919],[-75.059015505417548,39.992513063241496],[-75.060750492775895,39.99173207803728],[-75.119218446295676,39.965413346444279],[-75.135718455281292,39.947113446918713],[-75.135546567621944,39.943309341920475],[-75.134264172321934,39.914928202877654],[-75.133418602682511,39.896214598683038],[-75.140792492428588,39.894103665208746],[-75.183021482782607,39.882014702287393],[-75.211393349690411,39.866411025243892],[-75.221023403382389,39.861114779579523],[-75.257271794994026,39.854936847096667],[-75.29337431495982,39.848783670961041],[-75.341763302133543,39.846083512478828],[-75.410490730009755,39.804673567205612],[-75.415060245977926,39.801920321206346],[-75.481205226986773,39.82919206942335],[-75.570431153311361,39.839186028424351],[-75.579645881217857,39.837415140118829],[-75.592560763266832,39.834933155820409],[-75.594315021444288,39.834596022211365],[-75.662844398659558,39.821426295122919],[-75.717057346538297,39.792326401682061],[-75.753226337990441,39.757990401111762],[-75.773784285893868,39.722201428004809],[-75.788594292281118,39.722200414973884],[-76.135695854607363,39.721769087610298],[-76.233277806096552,39.721648013507107],[-76.233483459045885,39.721647758344439],[-76.23968220214951,39.72164376229339],[-76.418979115027426,39.721527722213374],[-76.569448404049822,39.721460175909073],[-76.697657144628465,39.721402570724287],[-76.715769965614243,39.721394432478412],[-76.787096155242082,39.721049411947142],[-76.99106130333044,39.720062574486484],[-76.999317343933228,39.720068218950516],[-77.21702311838159,39.720217241091127],[-77.239949367839571,39.720232934444809],[-77.45913632204477,39.720228807156644],[-77.469142753809265,39.720228619291646],[-77.469271749175448,39.720228616869861],[-77.768641142969287,39.721538244510143],[-78.075859317746506,39.722448054159265],[-78.098969077661636,39.722466209920377],[-78.342591768797206,39.722657659990844],[-78.342832287295366,39.722657952650458],[-78.380475821352931,39.722703756790217],[-78.723576641898276,39.723121222978023],[-78.808298267021669,39.723070109526738],[-78.928415082881827,39.722997660801504],[-79.045575180316675,39.722926988735964],[-79.392458155951743,39.72143802842686],[-79.476661829841348,39.721076580332472],[-79.763775275631872,39.720774693756063],[-79.916016956694747,39.72105509230142],[-80.075945679587562,39.721349293477765],[-80.421386123085583,39.721187646572403],[-80.519339875304439,39.721401450207502],[-80.519158606230135,39.962198149241352],[-80.51911783449215,40.016408065396476],[-80.51908244151717,40.159670226008124],[-80.519037063776111,40.34209938539253],[-80.519027657190449,40.399639473076356],[-80.519014951251634,40.477361605306626],[-80.518989199380911,40.638799565649364],[-80.519703592673636,40.851335510126788],[-80.519868167397959,40.900322709290997],[-80.519889457089434,40.906659780678829]]]}},
{"type":"Feature","properties":{"STUSPS":"SC","NAME":"South Carolina"},"geometry":{"type":"Polygon","coordinates":[[[-83.353234997688261,34.728646629489077],[-83.320059351229858,34.759614755571604],[-83.323863554999974,34.789710675893836],[-83.284810301664507,34.823041724481584],[-83.252580807268089,34.853481790770665],[-83.201182214253762,34.884651654569325],[-83.140620656133066,34.924913550184776],[-83.124377826286675,34.95523855663302],[-83.108605654881117,35.000659108537192],[-83.108399567190702,35.000713154396202],[-83.008410300438399,35.026935034044833],[-82.897558985678529,35.056005399035946],[-82.897498754454844,35.056021194457173],[-82.783282799861126,35.085600206405019],[-82.761797466831169,35.081828676636171],[-82.746430809505,35.079131216963781],[-82.686039830354446,35.124545189930835],[-82.577714998766126,35.146475519649201],[-82.532559857944833,35.155617163446394],[-82.455608870034212,35.177425148942106],[-82.411300877640713,35.202483134496653],[-82.353175156027191,35.198714269819433],[-82.313356955926594,35.196132462536369],[-82.29535388866195,35.194965145814244],[-82.21599627325611,35.193253259006667],[-82.105851544821505,35.190877243424879],[-82.039650914488192,35.189449179236505],[-81.96935832237105,35.186927279167129],[-81.874410134353397,35.183520807476519],[-81.76813434621306,35.179707933247563],[-81.494265250899801,35.169878937832593],[-81.367604102522662,35.164088516959524],[-81.328090885803263,35.162282144179933],[-81.042868188152795,35.149243991864964],[-81.042300631111402,35.146764641078889],[-81.036757107766434,35.122547985669371],[-81.058027246164031,35.073186007401489],[-81.041487059079884,35.044698975964081],[-80.934947701079139,35.107404848510072],[-80.906176289696745,35.075111230452841],[-80.840546074447687,35.001446458825427],[-80.782039609751024,34.935777366481283],[-80.796994802521425,34.823869321840007],[-80.561706615256739,34.817477978168611],[-80.561655065927283,34.817476577909787],[-80.320830640511332,34.813616941958912],[-80.077220758161374,34.809712980975434],[-79.927396168620007,34.807860241297632],[-79.924682401685843,34.807826683835977],[-79.692945518896067,34.804960311781336],[-79.675298068407301,34.804741841498533],[-79.461790070881122,34.630026899191108],[-79.450276417064458,34.62060524334828],[-79.358316732787713,34.545354421020946],[-79.108377423328676,34.33112989737613],[-79.071253121894742,34.299310449520561],[-79.071242533011642,34.299301373721129],[-79.071167920362242,34.299237422741783],[-78.811708477460215,34.081003858829938],[-78.65086936491268,33.945053150426361],[-78.615929952325828,33.915520309581709],[-78.54108482671235,33.851109175279667],[-78.672257607038873,33.817583808468711],[-78.772734340808086,33.768507439160828],[-78.862928859188344,33.705650742103352],[-78.938074348471844,33.639822964478775],[-78.995129662063235,33.572661021036275],[-79.028514710240231,33.533361966398928],[-79.084586705825416,33.483665949569478],[-79.135439726536703,33.403863941592618],[-79.162330770968623,33.327242902638169],[-79.180561812599848,33.237951833110642],[-79.172392766854429,33.206573777174277],[-79.21545173720402,33.155565753629986],[-79.27449330517706,33.120053001420885],[-79.29158970974585,33.109769717278397],[-79.329907690395189,33.089982690882316],[-79.339311641240656,33.050332645893633],[-79.359959589704388,33.006668605421673],[-79.423445613445026,33.015081640128805],[-79.483497609117975,33.001261659146415],[-79.522447680995754,33.035346705196481],[-79.580723710214045,33.006443759934406],[-79.60661374056771,32.972244755895133],[-79.569760713683067,32.926688661977757],[-79.601307763232768,32.898146670951334],[-79.695139906749318,32.850394750333272],[-79.726387973806808,32.805992756713685],[-79.818235925267089,32.766349238650697],[-79.868350820455731,32.734846605543964],[-79.884959743136761,32.68439963262589],[-79.96846661946951,32.63973003229291],[-80.000799584089364,32.605890090137621],[-80.077037680036199,32.60331685948259],[-80.148404790398189,32.578476595914871],[-80.190106884656544,32.546838424238459],[-80.246360000421404,32.531111267573877],[-80.252052616939181,32.527869685777816],[-80.338353307349351,32.47872683829025],[-80.413504558256435,32.471170535685985],[-80.465710055509689,32.495296272557951],[-80.472293071599012,32.483345184057377],[-80.48461673310841,32.460972268716624],[-80.45750105070023,32.410260476251082],[-80.434301610595,32.375189613844078],[-80.455190097721342,32.32645464713314],[-80.539426466211637,32.287020550509652],[-80.596391055807842,32.273545409135338],[-80.644791069597574,32.291493327766332],[-80.714598188543604,32.325652366761688],[-80.766034727116008,32.292604177371715],[-80.72696340143662,32.265702007446656],[-80.66916219932898,32.216779104573966],[-80.721458540613312,32.16042291771651],[-80.812498199131753,32.10974199400664],[-80.858730208950902,32.09957709833354],[-80.867422660112808,32.078486086498273],[-80.885511663573936,32.034596270700348],[-80.943220800821777,32.057820196906398],[-81.006740631521268,32.101148436302211],[-81.038260635751882,32.084465342922243],[-81.113330693057989,32.113201248134622],[-81.119358604122809,32.17713823062136],[-81.147593592083439,32.227165521789843],[-81.15352958392117,32.237683032256861],[-81.128032734155326,32.276293534722619],[-81.133031007494807,32.334791346465487],[-81.173473310099382,32.384901073126514],[-81.194930820027906,32.411487938279691],[-81.194829116827194,32.465085988540778],[-81.274927871365989,32.544159289888746],[-81.28423923354417,32.547112223868361],[-81.328753765662057,32.561229224830917],[-81.386902642511956,32.598965926466306],[-81.397106739764723,32.60558804946595],[-81.393818919143868,32.653491804151393],[-81.412671207971286,32.739083411890455],[-81.413118022279406,32.744261715451138],[-81.420621278164802,32.831222720438618],[-81.46407037773848,32.897813423878809],[-81.499567516019766,32.943721332048966],[-81.502031548858398,33.015111875016601],[-81.543967685046582,33.044398691555848],[-81.601656411768559,33.084686647942604],[-81.615957136546228,33.089337205977372],[-81.658434481428159,33.10315074157743],[-81.755136662459662,33.151548976615764],[-81.76250763323236,33.197264818202591],[-81.763536649190783,33.20364692420825],[-81.846537553441024,33.241744884649172],[-81.846502089817179,33.247250972908773],[-81.846137559782164,33.303841779429945],[-81.932738405076307,33.343539747259257],[-81.920122391653791,33.410751633343843],[-81.926337347287969,33.4629355583169],[-81.990939143550563,33.494233604256792],[-82.016582999667165,33.52908930401744],[-82.028239057947616,33.544932447350057],[-82.106240998811856,33.595635233897127],[-82.114647480586996,33.597901293759548],[-82.161908981792607,33.61064115081016],[-82.199747935335736,33.657608949815021],[-82.215939271483862,33.687752797405103],[-82.239098867223731,33.730869635548984],[-82.324480842703665,33.820030525106816],[-82.431150844433546,33.867048777742077],[-82.512950798685026,33.936966906956918],[-82.556835646627306,33.945350895905207],[-82.562997414867183,33.956552784386048],[-82.591855467474431,34.009015762753734],[-82.595026249672443,34.013515560231305],[-82.642797355756429,34.081309634051891],[-82.715373316128307,34.148162696803809],[-82.735980479526518,34.215460376515288],[-82.744982541027056,34.244858756521431],[-82.774629219294681,34.288364557565536],[-82.780308473241064,34.296698732014285],[-82.823420359406896,34.358869689743599],[-82.841997294759281,34.399763667401771],[-82.873831181232177,34.471505642040562],[-82.925766110494919,34.481799684788726],[-82.991388198214651,34.472978375692477],[-82.995090041348703,34.472480751911824],[-83.048289002583459,34.493251766690619],[-83.050572964152266,34.495051419317633],[-83.096857908781189,34.531521835436159],[-83.102873713786181,34.537428761241614],[-83.154576634787745,34.588196040019341],[-83.221401356399625,34.609945245851925],[-83.277958783221777,34.644851425791458],[-83.338687756736959,34.682000484372537],[-83.340036796629775,34.686326208691149],[-83.34960570575771,34.717009176911738],[-83.353234997688261,34.728646629489077]]]}},
{"type":"Feature","properties":{"STUSPS":"ME","NAME":"Maine"},"geometry":{"type":"MultiPolygon","coordinates":[[[[-68.924013660123407,43.885404256294244],[-68.874787540085364,43.90471205995653],[-68.849012504333373,43.849837915803469],[-68.888486595103529,43.803778095243985],[-68.944436697284544,43.835323379588296],[-68.924013660123407,43.885404256294244]]],[[[-71.083921027013204,45.305449456564332],[-71.038206949912208,45.311920478961525],[-71.012754025963631,45.344758557987056],[-70.949362040514842,45.331534591378997],[-70.912107930791535,45.296195547449642],[-70.892818510078897,45.239170461813316],[-70.844426588898372,45.234511447463063],[-70.834016357432262,45.2717929315397],[-70.829786854407502,45.286939569725426],[-70.808609847864901,45.311604647429512],[-70.819467949539103,45.341433711478807],[-70.806240990163232,45.376556789069767],[-70.82560908653079,45.400303806689315],[-70.781467958508031,45.431157818644564],[-70.755563893077621,45.428359830357344],[-70.729968795739993,45.399357842466571],[-70.677991613143831,45.394360858233448],[-70.634657436022934,45.383606869093512],[-70.635494560167302,45.42781588492641],[-70.6748996735367,45.452397866129232],[-70.723392641645987,45.510392887378579],[-70.688210657657194,45.563980024614914],[-70.649574772790189,45.598146236737236],[-70.591271807671333,45.630550440369539],[-70.552820689977281,45.667805615181315],[-70.552789773893537,45.667835569693558],[-70.446900049346297,45.704043666552295],[-70.38354931250214,45.734868702960831],[-70.415681353548237,45.78615773159391],[-70.39661736428782,45.808485794925147],[-70.329745347579944,45.853795010101109],[-70.259114215292556,45.890755386250191],[-70.252523238215844,45.933176404190093],[-70.265407348504226,45.962692414361534],[-70.312967299540617,45.961856359381009],[-70.303031635801702,45.998976543059307],[-70.317626721540009,46.019080574995712],[-70.306731639771954,46.061344054350293],[-70.266346372289235,46.100992184465049],[-70.239563299888459,46.142760863212565],[-70.290893233453986,46.185836754609362],[-70.255489274923818,46.246443103670934],[-70.232679415806857,46.28442699396178],[-70.205716374531292,46.299863834673303],[-70.207412302359344,46.331314678771406],[-70.161334033176232,46.360982644676881],[-70.118593224278001,46.384231820298979],[-70.08028759941439,46.410530015320994],[-70.053743455910791,46.429235077491548],[-70.023015253859811,46.573485874018466],[-69.997081611607001,46.695229717706361],[-69.818548183445557,46.875029765136112],[-69.566380971383637,47.125031566209685],[-69.43919762219825,47.250032174682239],[-69.219997617084545,47.457157802987652],[-69.15607543050028,47.451033828195058],[-69.108216164334337,47.435829960810125],[-69.03930183541722,47.422169244084195],[-69.053885722419736,47.377877344147095],[-69.040199068787317,47.245101080234313],[-68.966431768394727,47.212713616719313],[-68.900983893476464,47.17852075164312],[-68.803537589538479,47.216033957369753],[-68.675914453351552,47.242626756705398],[-68.604820517254495,47.249418749539778],[-68.588726613370824,47.281721710075466],[-68.507433400804416,47.296636505220171],[-68.460064433619266,47.286065384335316],[-68.375614202504963,47.292268449523064],[-68.384280550422815,47.32694349449762],[-68.361558652392787,47.355605673225888],[-68.269708894505371,47.353734477766686],[-68.204261325215569,47.339732061753985],[-68.1535061716515,47.314040491438895],[-68.082888911499481,47.271924279672405],[-67.998162998232857,47.217845352288187],[-67.952262754846572,47.19614449599829],[-67.889153365263468,47.118772229905282],[-67.789759918921845,47.065743947984572],[-67.789797221175533,46.794867939195413],[-67.78840257193059,46.601795062393641],[-67.782111394878285,46.279381530631944],[-67.78043513855323,46.038452458442315],[-67.779981031366404,45.938163426506243],[-67.750418995954774,45.917898433546839],[-67.803674968493084,45.869379390944786],[-67.763951906088707,45.829983395148652],[-67.803622873819762,45.78162436051587],[-67.781888807815164,45.731189353219712],[-67.802891057084508,45.67892820971943],[-67.803309761085259,45.677886323678806],[-67.710460714889621,45.679372367553214],[-67.675413643166195,45.630959366157043],[-67.63175860937848,45.621409384191196],[-67.534915528004476,45.595428423086318],[-67.455402495548014,45.604665466229719],[-67.423642440709969,45.572153470157446],[-67.417413355518093,45.501985447550474],[-67.47685138366451,45.49724041401776],[-67.484324335066574,45.451955391918169],[-67.427239211591129,45.373690389806775],[-67.460550146218978,45.300379342652384],[-67.480252120480415,45.268185319923788],[-67.453469072843006,45.241127322065694],[-67.390574932303494,45.154114315650254],[-67.339864865963165,45.125594328826644],[-67.298204864872034,45.146672360068642],[-67.271071901586581,45.191081393783463],[-67.203928836539561,45.171407421067677],[-67.161242800221316,45.162879440318733],[-67.112409705770233,45.112323446083145],[-67.090781636903174,45.068721438957716],[-67.082069582914215,45.029608425626876],[-67.033473667858814,44.939925891097928],[-66.983557569736206,44.903279903440705],[-66.992959215829956,44.849183729807564],[-66.949894316750772,44.817421990712475],[-67.026148782233633,44.768201512103715],[-67.073437983918765,44.741959478403551],[-67.116744384922328,44.706108411366294],[-67.169856762212945,44.662107322226383],[-67.234274994183636,44.637203281038495],[-67.29340302954401,44.599267208073186],[-67.368268939153339,44.624674270371784],[-67.39898689300469,44.602633269517931],[-67.448512826615172,44.600324296501007],[-67.491750669308018,44.556125377930925],[-67.521167488332935,44.50991240974934],[-67.503207438884857,44.476920386893653],[-67.579725038898161,44.429133110461983],[-67.634805119459486,44.487056156599358],[-67.653122201814597,44.525825096350474],[-67.706679003266473,44.501977031051005],[-67.793587701904855,44.494780864819688],[-67.837936324593599,44.464671738144538],[-67.855105914859308,44.419435624699759],[-67.899568494780794,44.394079487156745],[-67.936528454449814,44.411188448304969],[-67.943841338576192,44.407017215572587],[-67.978873018932632,44.387035308507144],[-68.013987045479396,44.390256235817581],[-68.049330841551537,44.330730857150797],[-68.103754575053429,44.36436280765448],[-68.125621878368108,44.387127917113766],[-68.18915333271579,44.373833586478128],[-68.173606055079318,44.328397145246598],[-68.191922179866467,44.306674786186804],[-68.229488534604243,44.266916993369499],[-68.174327843791147,44.225906921989797],[-68.306518800886963,44.234827241076154],[-68.314788928214313,44.197154710430951],[-68.331032136132819,44.107576511796452],[-68.438519870083525,44.116176805833959],[-68.502944811544836,44.099718773174821],[-68.531417092336113,44.089849127571249],[-68.584104013367948,44.071585725654373],[-68.61708781228613,44.010093403974857],[-68.657033888591997,44.003819505581831],[-68.669386360579225,44.07635595413231],[-68.77965360849069,44.057751093472795],[-68.874142658181938,44.025356140758049],[-68.905102038166234,44.07734125357878],[-68.935331388354214,44.130377304722209],[-68.888601472932635,44.159547361937875],[-68.910424373886158,44.179948208381575],[-68.95189486763168,44.218716320210774],[-69.021079315894099,44.23043255996631],[-69.040197608879055,44.233670271916374],[-69.054550276197745,44.171539338503045],[-69.075671002112912,44.129988401293197],[-69.031882097965905,44.079033370428348],[-69.068115790052914,44.039765456072097],[-69.043915779117881,44.006333441851709],[-69.077031631081482,43.973651590944783],[-69.131539448717419,43.976086699902929],[-69.174983302705172,43.976946788565463],[-69.212942158250485,43.921402234346708],[-69.242815059400826,43.918816354727468],[-69.279920741366922,43.879577670372186],[-69.321033347866361,43.856706825481446],[-69.354579031006097,43.917763422041517],[-69.38049150035161,43.943638502009449],[-69.393289656453007,43.956418196940341],[-69.422049382195667,43.923045413206701],[-69.438067230414063,43.909537497082731],[-69.503290638916852,43.837671887900711],[-69.552606345998839,43.841345867229087],[-69.578527195665913,43.823314949883027],[-69.650817766561261,43.803784017674587],[-69.695814953428538,43.796053999882147],[-69.717073369484169,43.792402037827962],[-69.75409016465558,43.743865170587085],[-69.807358059364276,43.728080132283459],[-69.833470020391928,43.701280138170873],[-69.855079965277611,43.704745108833897],[-69.86215391321484,43.758960871184875],[-69.887405011806209,43.766592224521098],[-69.915591859979727,43.775110815753592],[-69.983683774266723,43.744393769475415],[-70.001271757150832,43.710386779366438],[-70.071302666413914,43.713770720078415],[-70.09603763445709,43.672274732379407],[-70.168225538641551,43.675134672421429],[-70.190702506199173,43.645580678238503],[-70.217085464946209,43.596715697038867],[-70.206121476287876,43.557625737205939],[-70.245497417221756,43.539633721722723],[-70.321114310580214,43.527260688392069],[-70.33873576362781,43.528107957127915],[-70.361212255534895,43.529188664189427],[-70.385613224454758,43.487029692945022],[-70.327301326520427,43.458519761714783],[-70.38397927828143,43.412938795963456],[-70.416309267801111,43.361057855321015],[-70.465973210219545,43.340244867577553],[-70.517693143858068,43.344035857784846],[-70.553852130961431,43.32188491118481],[-70.585182149431361,43.270112018897791],[-70.575785217822514,43.221858087146416],[-70.596183294185025,43.163465180082873],[-70.622508313163792,43.134572232793033],[-70.66595634865142,43.076233327130289],[-70.703816324523757,43.05982436176177],[-70.7563952469811,43.079987350827473],[-70.819547498036115,43.123230226611255],[-70.828098208221959,43.129085241768664],[-70.824799157742859,43.179684205550437],[-70.813117116970545,43.21725118154621],[-70.872583072525941,43.270151092203513],[-70.923946984301594,43.324766950669897],[-70.984332878143661,43.37612681103672],[-70.968356770628034,43.429281691570125],[-70.954752650176303,43.509800507652919],[-70.963790376930746,43.540219385069697],[-70.972713744981561,43.57025334942405],[-70.981943973934634,43.700958009933892],[-70.987256119352566,43.792971368247429],[-70.989927083171608,43.839236663408265],[-71.001365311815661,44.09292837617982],[-71.00873466722598,44.25882253600232],[-71.01026979050647,44.284885898839498],[-71.01126859433522,44.301843604324006],[-71.022990305085131,44.500055932817517],[-71.036703736011603,44.736496621796654],[-71.057857755313407,45.000047250788782],[-71.083921027013204,45.305449456564332]]]]}},
{"type":"Feature","properties":{"STUSPS":"HI","NAME":"Hawaii"},"geometry":{"type":"MultiPolygon","coordinates":[[[[-156.049646064295217,19.780452585538111],[-156.006262499375055,19.817581145288862],[-155.976646958179856,19.850531700596932],[-155.94924691273215,19.857035972763821],[-155.915658197704659,19.887128486618362],[-155.892529725951448,19.932165010704107],[-155.856584932042949,19.968888486988256],[-155.831944870259548,19.982778702364094],[-155.825470255191362,20.025948336976974],[-155.850382870201202,20.062510921103225],[-155.890644925193754,20.123581894890496],[-155.902779592882979,20.17707984596781],[-155.89066308404395,20.255248277622503],[-155.853292462884298,20.271556449884233],[-155.79888284608262,20.254123702386359],[-155.737002104612714,20.222781188242806],[-155.704329157566008,20.191702190868387],[-155.637457386620667,20.153057056773363],[-155.598031402191083,20.124544681311004],[-155.558931801109736,20.131575429694276],[-155.502560025118214,20.114160256120325],[-155.387577393914398,20.067124709065894],[-155.27031593227602,20.014531035311187],[-155.166623535217212,19.937896992687318],[-155.124615677314551,19.897295569162413],[-155.086337849984432,19.855407184831808],[-155.091211345688322,19.776376679027965],[-155.087112585775202,19.728021939367917],[-155.045376800846185,19.739833397095953],[-155.006417864043499,19.739295842604715],[-154.981096546292235,19.690697132240409],[-154.974336050466974,19.633211315900741],[-154.947099997792463,19.60486655944743],[-154.85261226221229,19.549183357937078],[-154.814411416839448,19.530101694412444],[-154.816003152766257,19.500659801122183],[-154.876611469660048,19.43323528451943],[-154.94417791984938,19.381864667840976],[-155.020529431921659,19.331329871809366],[-155.113263877604169,19.290624839957811],[-155.15962663236752,19.268386286386704],[-155.205883377725257,19.260917514936629],[-155.264609935333709,19.274222227488679],[-155.313360454401675,19.250706368059046],[-155.360620563670267,19.20893750506626],[-155.390690173343927,19.201177890238625],[-155.453504090195565,19.151957851171748],[-155.50526853497874,19.137912907936553],[-155.555313089602834,19.069381721993704],[-155.590683326383783,19.007677796466435],[-155.61395183454448,18.970403618568287],[-155.63803944281085,18.941727360181048],[-155.671990062686291,18.917469973434173],[-155.726028586764869,18.969440206289459],[-155.806095079530166,19.013969212978814],[-155.881536231658941,19.036645436426941],[-155.914203137085508,19.099147860968245],[-155.912057505536183,19.179114431140725],[-155.902554875676771,19.258427046848517],[-155.890832199689754,19.298905151181842],[-155.888691421137679,19.348031302862282],[-155.90907755927293,19.415455469742664],[-155.924722674368155,19.453910522714967],[-155.951480771240227,19.486649492947603],[-155.969341550025433,19.55596351163183],[-155.978198230883891,19.608159519467598],[-155.997720694799,19.642816410190655],[-156.028974958622541,19.650098275538166],[-156.033319251985802,19.669230271936797],[-156.064358315746517,19.730766203188839],[-156.049646064295217,19.780452585538111]]],[[[-156.699899726392658,20.920639998104093],[-156.680914820317923,20.980273958498312],[-156.619589706589636,21.027805350228235],[-156.56277993692305,21.016179483395941],[-156.518712191119448,20.954673937228598],[-156.481059090901766,20.898210270871996],[-156.403306770212311,20.915837739154018],[-156.33281870425364,20.946462209584961],[-156.242555084661689,20.937850279642596],[-156.19470909704043,20.891986671548665],[-156.132667004025024,20.861380020938057],[-156.05978450615973,20.810550108055747],[-156.003527552277944,20.795554548816888],[-155.985408155851502,20.744254115178677],[-156.001865666193993,20.698073039115105],[-156.043782581903713,20.664911112562475],[-156.129895934779114,20.627532098103462],[-156.210256808627236,20.628527270815528],[-156.284390990686234,20.596496491554806],[-156.377634660415964,20.578434212175232],[-156.431874568942817,20.5981499936325],[-156.443675723342722,20.656025924852273],[-156.458440947026048,20.736685266129872],[-156.4622450354899,20.753961528744636],[-156.473565440885096,20.790765910383772],[-156.506030136722956,20.799472821394016],[-156.537756728346551,20.778417411087485],[-156.554622140702008,20.786105457030242],[-156.631801126767925,20.821249694490394],[-156.687813112037645,20.890730570162773],[-156.699899726392658,20.920639998104093]]],[[[-156.670476695383314,20.559913842414417],[-156.610740275668803,20.593775741359959],[-156.567145278875472,20.604901135924862],[-156.54303874412912,20.58012076672777],[-156.539647683995923,20.527648785776687],[-156.586243792317845,20.511715282872675],[-156.668816760038965,20.504741793805749],[-156.702273492054417,20.532455180868112],[-156.670476695383314,20.559913842414417]]],[[[-157.059140986061635,20.913419133302792],[-157.010012051159606,20.929769231016202],[-156.937540051369751,20.925285910727812],[-156.873135836216278,20.894690297042676],[-156.837057530632791,20.863585704228434],[-156.808479048899756,20.820405912873525],[-156.838330675332912,20.764584617868874],[-156.890304877858085,20.744865115253706],[-156.909090994946695,20.739543283207279],[-156.967900350107215,20.735091051049039],[-156.990688585412471,20.775913762475078],[-156.991844744546512,20.826614918020773],[-157.010921836842925,20.854488056207135],[-157.059673887564259,20.884646068366564],[-157.059140986061635,20.913419133302792]]],[[[-157.27723137835855,21.158442708021855],[-157.249707203891433,21.184412502633084],[-157.260702079046155,21.225695436801701],[-157.202137691235265,21.219309228851326],[-157.128220059408704,21.201499072754547],[-157.040000502919298,21.190919880330206],[-157.014281651377843,21.200704991688614],[-156.984046062959607,21.21220864124561],[-156.962861113571222,21.212141719742952],[-156.921121658596888,21.169079166791516],[-156.9178732274097,21.169032522180085],[-156.841605845169596,21.167937387759366],[-156.742244991746873,21.176225644561985],[-156.709118948950618,21.15866683761919],[-156.739355092928008,21.111347838728236],[-156.802212669624311,21.067106909793175],[-156.877149234397393,21.049311983120308],[-156.953884237894812,21.066139855816353],[-157.02618234508958,21.089026657623105],[-157.080672342722067,21.101987603030505],[-157.171617995288869,21.090712739496933],[-157.252545722021665,21.087681809112503],[-157.310758365855946,21.101638983614667],[-157.27723137835855,21.158442708021855]]],[[[-158.232187758062281,21.583819793056072],[-158.125606269970717,21.586752690929941],[-158.079891394459338,21.628114594520007],[-158.050688484435966,21.671228526135348],[-157.992296875238821,21.70801348212856],[-157.968625117459055,21.712717494404192],[-157.924588525289096,21.651196553568408],[-157.877347818786831,21.575290590771736],[-157.836943001837682,21.52995859428755],[-157.845487842963763,21.466760660396037],[-157.813897986403163,21.440313701233368],[-157.764570283602382,21.46134864740748],[-157.72250506158025,21.459238554305522],[-157.724322935119886,21.403324659776441],[-157.710599244375999,21.358513681840883],[-157.651800834632837,21.313913488766143],[-157.655031106364675,21.309402026988426],[-157.673069223003182,21.284209626097677],[-157.700099433126383,21.264013787402231],[-157.757197996090923,21.278014006688991],[-157.779941893030355,21.265266032095845],[-157.809597778872018,21.257714046796767],[-157.851045658412914,21.284543997477229],[-157.88999752330318,21.306513959736243],[-157.950733282773371,21.312522953723093],[-157.98152215786763,21.315911950492286],[-158.024496994378325,21.309313918984639],[-158.086643781725627,21.299085851678399],[-158.088296755327292,21.298813806334351],[-158.103296697977413,21.297913776734731],[-158.129367587958853,21.344831751251082],[-158.140296542782011,21.373813759822571],[-158.179196402433007,21.404313775547088],[-158.182644389854289,21.430086812581727],[-158.232996228181435,21.487613958712824],[-158.231167101233751,21.523870929928169],[-158.277674398773655,21.57880256812641],[-158.232187758062281,21.583819793056072]]],[[[-159.78373885314025,22.064908061383317],[-159.745239691476485,22.09751909098102],[-159.730536387502042,22.13996440654622],[-159.705522868583188,22.159332503307656],[-159.611639592576296,22.201399772042762],[-159.581046595566505,22.223500054966468],[-159.543911732113656,22.221706989377331],[-159.510743297828299,22.203559627351542],[-159.487925357813936,22.22952404883133],[-159.431692768582764,22.220026679188674],[-159.402451167764241,22.232614825721807],[-159.361491874496949,22.214103319770349],[-159.312277510474928,22.183092508252265],[-159.292997791199866,22.122969180975893],[-159.318265952759958,22.061425030288543],[-159.334475548639318,22.041705713279974],[-159.332551002247129,21.999358844049183],[-159.337667500031415,21.9511792488575],[-159.385259812876086,21.912444935523119],[-159.444858200479359,21.868632499921592],[-159.526909422671963,21.883892256001715],[-159.574512702975937,21.892812983945287],[-159.603270871583646,21.892255330036132],[-159.649758167132603,21.933856441091908],[-159.707787537313436,21.961238413039542],[-159.754787817070849,21.977782073118277],[-159.786694873984942,22.018811681922294],[-159.78373885314025,22.064908061383317]]],[[[-160.249602629540448,21.815161894522237],[-160.228957661800507,21.889133115402768],[-160.193951727116144,21.922401340324306],[-160.13704284246586,21.948646272993919],[-160.122254878970523,21.962894986048592],[-160.11273891780138,21.995258747909261],[-160.072116017140502,22.003347123952562],[-160.05853603448432,21.996392891672034],[-160.051121036503872,21.98107279294949],[-160.070284982930332,21.963964128297466],[-160.085779924908564,21.927308453888049],[-160.079057912979096,21.896093393629567],[-160.1242758265102,21.876803257429025],[-160.156084772509132,21.867944871499322],[-160.17478873681236,21.846938299320453],[-160.189774708888052,21.822465686424962],[-160.205843679699143,21.779534194942126],[-160.230365652712834,21.789691645050713],[-160.249602629540448,21.815161894522237]]]]}},
{"type":"Feature","properties":{"STUSPS":"RI","NAME":"Rhode Island"},"geometry":{"type":"MultiPolygon","coordinates":[[[[-71.63147156895576,41.166678091383879],[-71.593342096605767,41.237427757238379],[-71.54541031140765,41.242729499559879],[-71.534084035920884,41.181861590617906],[-71.519209926076442,41.14962360012607],[-71.593699611038815,41.146338955450744],[-71.63147156895576,41.166678091383879]]],[[[-71.860512384268091,41.320248377521295],[-71.835950578189824,41.353935466480529],[-71.839648762991956,41.412119521185382],[-71.797682890071002,41.416709615341311],[-71.793568465056552,41.505753798197233],[-71.789358714851588,41.596852692639317],[-71.789356042038492,41.596910532188225],[-71.789677879960408,41.724734281701636],[-71.789695311064278,41.725198525579785],[-71.792767059005186,41.807001173393864],[-71.799242765988438,42.008064980739199],[-71.606695094859631,42.013105678835743],[-71.591097188362369,42.01351402588395],[-71.559439630241755,42.014342807620672],[-71.498224589844526,42.015875151325488],[-71.381401810691145,42.018799009752513],[-71.381432120736932,41.985085187344829],[-71.381461721101459,41.95214199937427],[-71.381700626436412,41.893199876212108],[-71.339298698424059,41.893399874224947],[-71.339597591240121,41.832000746948353],[-71.329396518918784,41.782600644399814],[-71.317402533057361,41.777256742181706],[-71.261392548509619,41.752301581643728],[-71.20860109038351,41.690309837568257],[-71.195640546975653,41.675090592784791],[-71.132888441708772,41.660102602746576],[-71.135985597747549,41.621394330453747],[-71.137492461943424,41.602561543248925],[-71.120570428186014,41.497448415257878],[-71.1402244791756,41.485855402359839],[-71.193020611937271,41.457931361151694],[-71.245992797999676,41.48130248369619],[-71.2856397520206,41.487805500922896],[-71.312694674656328,41.451402347852408],[-71.351096613976026,41.450802326823947],[-71.38928455547898,41.460605351550747],[-71.417213296666631,41.456031632158954],[-71.428652491771743,41.454158304724551],[-71.455371466504261,41.407962071752721],[-71.483295453634298,41.371721873175737],[-71.55538131700294,41.373316044184769],[-71.624505155029155,41.360870228872649],[-71.701630924902929,41.336968448854627],[-71.78595664718604,41.325739543432498],[-71.862771339926027,41.309791361365022],[-71.860512384268091,41.320248377521295]]]]}},
{"type":"Feature","properties":{"STUSPS":"CT","NAME":"Connecticut"},"geometry":{"type":"Polygon","coordinates":[[[-73.727774996775395,41.100695748488839],[-73.482708731471504,41.212759587574929],[-73.550960765836749,41.295421564505432],[-73.544135037322405,41.366484700277759],[-73.543147090318044,41.376770289363357],[-73.536968730811552,41.441093667949055],[-73.529677461369587,41.527160734941766],[-73.521833914596243,41.619747745774156],[-73.520016856925665,41.641196714008146],[-73.517918672945271,41.666720243919649],[-73.505008205053016,41.823772712925667],[-73.487314554167639,42.049637857643262],[-73.231055432967793,42.044945023240196],[-73.127228609231807,42.042123055725405],[-73.053396591566909,42.040116333704219],[-72.999548444234222,42.038652764403771],[-72.863691458997707,42.037084608324932],[-72.847141487388555,42.036893577122918],[-72.810077447798108,41.998315519326532],[-72.774758767956982,42.002128584670906],[-72.76673845358853,42.002994471987243],[-72.735495528537029,42.036398460383836],[-72.607932648337766,42.030794469453774],[-72.528130733742387,42.034294479313033],[-72.317147960010786,42.031906502977606],[-72.205355897029676,42.030202669694511],[-72.135731756156915,42.029141561529904],[-71.98732661448274,42.026879789593913],[-71.846006921885504,42.024373400133712],[-71.800650779015243,42.02356898306347],[-71.799242765988438,42.008064980739199],[-71.792767059005186,41.807001173393864],[-71.789695311064278,41.725198525579785],[-71.789677879960408,41.724734281701636],[-71.789356042038492,41.596910532188225],[-71.789358714851588,41.596852692639317],[-71.793568465056552,41.505753798197233],[-71.797682890071002,41.416709615341311],[-71.839648762991956,41.412119521185382],[-71.835950578189824,41.353935466480529],[-71.860512384268091,41.320248377521295],[-71.886301358586394,41.336410339711875],[-71.956746106241525,41.329871181515806],[-72.021896927358569,41.316838050201909],[-72.094441981848391,41.314163967561036],[-72.134219974245951,41.299397907824996],[-72.201421082157708,41.315696851706782],[-72.235530084485404,41.300412797907079],[-72.248352750086582,41.295871462174745],[-72.293043088883309,41.280043753782728],[-72.348642114980592,41.277445743627943],[-72.386628114245212,41.261797730694447],[-72.405929147343855,41.278397735907802],[-72.472538173641283,41.270102725246431],[-72.534564068101602,41.253823996612724],[-72.547234167224275,41.250498722222112],[-72.598035187686648,41.268697722214064],[-72.653837184656084,41.265896722211338],[-72.654353204502058,41.265626030511697],[-72.690438165612349,41.24669671884206],[-72.760340133059756,41.241234724741552],[-72.786141069671984,41.264795760017748],[-72.881443743562272,41.242596857312599],[-72.903932415544276,41.24919402646082],[-72.935644576878843,41.258496921566433],[-72.970503877291279,41.24127426037446],[-72.986245440335765,41.23349695376119],[-73.020447584351274,41.206396900838556],[-73.07944885117999,41.19401484179145],[-73.101172835309171,41.163726066994364],[-73.108351063775217,41.153717783114004],[-73.130252151036132,41.146796771150804],[-73.172834639167135,41.153442043488894],[-73.202655364348871,41.158095756754172],[-73.26235756849708,41.117495753373724],[-73.269817157267624,41.116676645926589],[-73.296600976554373,41.113735623389253],[-73.297213999926313,41.113668309797305],[-73.330659650993411,41.109995780685992],[-73.372295702555519,41.104019804031672],[-73.354230697969257,41.08563881844325],[-73.387226758306099,41.058246879485516],[-73.422164806764414,41.047561929073026],[-73.468238855362259,41.051346964541082],[-73.516902909787461,41.038738007208003],[-73.561967945100719,41.016796999301022],[-73.595698958564284,41.015994955041428],[-73.657335993071797,40.985170865564626],[-73.659361987308614,41.004033880481906],[-73.659532982343762,41.017856866440383],[-73.706028508995573,41.07429771115622],[-73.727774996775395,41.100695748488839]]]}},
{"type":"Feature","properties":{"STUSPS":"MI","NAME":"Michigan"},"geometry":{"type":"MultiPolygon","coordinates":[[[[-84.616220376445497,45.894472015958875],[-84.517895228035144,45.828545034570155],[-84.419696310442518,45.799825200383239],[-84.356020375134975,45.771897324885678],[-84.394038209272253,45.727625231082889],[-84.484128035681223,45.730712030380218],[-84.587572152524089,45.806701985208278],[-84.650783275576458,45.859211977088577],[-84.616220376445497,45.894472015958875]]],[[[-85.701809914146395,45.736130168511828],[-85.651866899319472,45.743140226130727],[-85.524448848763555,45.829795385746294],[-85.360952673644022,45.817555498400388],[-85.377132680067177,45.769014473945873],[-85.509276629737172,45.596476175974452],[-85.561634619999225,45.572214105280402],[-85.62274166626085,45.586029076078454],[-85.696872856712616,45.69725113366524],[-85.701809914146395,45.736130168511828]]],[[[-86.138096444360684,45.043037091373208],[-86.044431158440105,45.159582033346418],[-85.989413176470151,45.15106913365878],[-85.954022325779903,45.119281061156975],[-85.97688439444768,45.06265965962978],[-86.081488424302904,44.99009496877315],[-86.154825537065093,45.002392812804324],[-86.138096444360684,45.043037091373208]]],[[[-86.824827287550093,41.760238800281151],[-86.693266038594956,41.835403250308183],[-86.597897200886706,41.918291207210906],[-86.528111279230103,42.038420075526965],[-86.501319017591271,42.084540298645898],[-86.466258807052427,42.134406291594914],[-86.366375457342784,42.243108055055721],[-86.356214304951138,42.254166326006391],[-86.284444601957645,42.394563105868777],[-86.276990716384589,42.41931039337036],[-86.240638849692047,42.539999919336665],[-86.226634738005387,42.644921757498203],[-86.208305657262102,42.762788614563419],[-86.208535166380145,42.7675434768759],[-86.214134807950032,42.883554377179223],[-86.214289208487301,42.884883382538227],[-86.226301925345638,42.988283179801059],[-86.254642038243787,43.083411414351204],[-86.273924461517595,43.118370441261582],[-86.316255507712867,43.195116607220108],[-86.348052976356968,43.244882963853321],[-86.407829202042706,43.338438811752603],[-86.448740699280492,43.43201590301792],[-86.463514804084852,43.472332640472622],[-86.479274154283942,43.515337967566161],[-86.529505612902156,43.593464999801697],[-86.540785902397303,43.644595994584151],[-86.510318163216894,43.698627929275219],[-86.445122442153206,43.771566799013705],[-86.435484684034904,43.819431923344474],[-86.431197735527604,43.840722692719986],[-86.447915121198548,43.918091610999639],[-86.463136397008412,43.970978558516038],[-86.501738693154678,44.021914516504644],[-86.514702849587053,44.058121457328241],[-86.429871859116332,44.119784244796833],[-86.387838309536434,44.178696091048259],[-86.351639019380059,44.229430963597068],[-86.268711017347727,44.345325660415277],[-86.251927061566235,44.400985535008928],[-86.248913332817594,44.483002545627123],[-86.237020274415144,44.518297137609011],[-86.220696654759323,44.566740496474168],[-86.253951247878504,44.648081033222439],[-86.248474573872585,44.699044053786167],[-86.160268095165591,44.728187412198366],[-86.089185583117086,44.741494739617025],[-86.078497924096666,44.778329550965303],[-86.065966004930928,44.82152089231694],[-86.058862728356374,44.911010977626816],[-85.980219551455022,44.906135211769289],[-85.93160135163194,44.968787461831695],[-85.854305288071544,44.938146618933835],[-85.780440921223857,44.977932170169652],[-85.746446026496571,45.051229601112134],[-85.681097489540392,45.092693534585457],[-85.633125074109387,45.170899627513933],[-85.551072680319592,45.210742603524423],[-85.531461600349132,45.177247468382156],[-85.56613082941989,45.043633135674277],[-85.555143463331106,45.027034602505324],[-85.520034256706126,44.97399594033255],[-85.475204181885005,44.991052946553665],[-85.431415572658409,45.016649585226467],[-85.38065894332324,45.046319389342223],[-85.366748979165791,45.101591562184581],[-85.380464140486126,45.180876709080337],[-85.377824469280853,45.207645180726679],[-85.371593234196382,45.270834912992399],[-85.294848115493707,45.316409086972961],[-85.196703996096417,45.360642224946524],[-85.096056713530061,45.363089331284087],[-85.054804777045007,45.364092317265403],[-84.959118630262381,45.375974403010517],[-84.91295557514708,45.409777456905459],[-84.980952653513839,45.429383357794165],[-85.040935751465454,45.436702315234584],[-85.109251889921268,45.521627308259447],[-85.119736892576782,45.569027327135579],[-85.061487620520353,45.639506318055325],[-84.970949340192448,45.686335336544936],[-85.014508280938585,45.760330288931193],[-84.86697557653153,45.752067602121983],[-84.772764989780654,45.789302854091133],[-84.732242032923267,45.780498766945271],[-84.718904029444772,45.77760091823707],[-84.55331092223085,45.698567987352007],[-84.461679924254426,45.652406133638621],[-84.413642048946954,45.669429214776791],[-84.329537196481724,45.664382377570689],[-84.210893660449244,45.626233547565228],[-84.196043324538792,45.62145853292192],[-84.126532205044271,45.556618534622437],[-84.095905019322345,45.497300525543729],[-83.998350051856391,45.491160555731717],[-83.909471918092137,45.485786688533445],[-83.841542833633483,45.435289701058942],[-83.697315719976402,45.396241615082744],[-83.599272617504226,45.352563356938418],[-83.488825473474847,45.35587418387513],[-83.385103701378327,45.274196580556911],[-83.405913710798728,45.227158595928316],[-83.385210827059339,45.207105515872968],[-83.31592384343476,45.139993250542368],[-83.265895858007809,45.026845024420858],[-83.340256805368412,45.041546385027388],[-83.399254752936756,45.070365654774506],[-83.442051720975826,45.051057870544547],[-83.435821745026416,45.000013876905811],[-83.438855718945163,44.940845062279685],[-83.352814519360493,44.886165918494015],[-83.320502435090063,44.880572830408838],[-83.316265462489156,44.858593365812688],[-83.296969929252896,44.758497333227382],[-83.276834628915935,44.689356701699062],[-83.31451552977758,44.608728113673386],[-83.316962093537967,44.511686603146309],[-83.317608111745045,44.486061671898682],[-83.336985392441733,44.332922906684203],[-83.401819370152026,44.301834851311604],[-83.442728283229314,44.265364903234982],[-83.524814386641651,44.261561745779822],[-83.564642508576625,44.163528384141827],[-83.567740663376412,44.155902550974226],[-83.584085974329057,44.056751450624461],[-83.679649975055526,44.036368304445865],[-83.693209712007459,43.988773296495879],[-83.787858906585527,43.985282156808644],[-83.869402000389655,43.960721935824409],[-83.901325099190245,43.908429851955589],[-83.910608666884499,43.89322276029224],[-83.92936991342593,43.777093578534995],[-83.947734664690856,43.735167521258973],[-83.909473301069184,43.672624720876634],[-83.817888194171886,43.673791903911003],[-83.730998753920105,43.62337196540971],[-83.699410667677327,43.60164003629145],[-83.683344484527822,43.590586847908753],[-83.512334310192912,43.733728445585875],[-83.506079937530387,43.745159637745246],[-83.479561647743466,43.793627457069086],[-83.432605028250492,43.885275674850945],[-83.407141129925563,43.919809775576873],[-83.282305164311751,43.938033440391472],[-83.261525139595733,43.973527710244561],[-83.134875822102728,43.993150042766075],[-83.046571670008518,44.015713311561598],[-83.024598768034409,44.045177459448233],[-82.928878641386063,44.069392775246072],[-82.793199091329384,44.023251059922607],[-82.709832723612479,43.948230096715221],[-82.633634382039048,43.831227979673372],[-82.6122172096767,43.739774844616385],[-82.606472333504087,43.690453084785922],[-82.593778366029824,43.581470733733767],[-82.5399232013757,43.42238169705346],[-82.523078303984732,43.225364666528762],[-82.506034363575253,43.168831106834588],[-82.486033479619948,43.102489788920444],[-82.4159275191098,43.005558752915682],[-82.428592900763718,42.952004328940312],[-82.469901161015983,42.887461746014061],[-82.467470383829962,42.76191155130536],[-82.509922157370156,42.637294312597582],[-82.58398358009859,42.554040340504571],[-82.679047217046786,42.522208778824336],[-82.706359599657219,42.621106754320621],[-82.639689171300134,42.661233301598934],[-82.707873712916651,42.675497326975503],[-82.801011216282518,42.629544693640902],[-82.76599298248675,42.600050429213077],[-82.755915855693985,42.564414054080991],[-82.859305616363969,42.541933914290887],[-82.870322160391382,42.451008027285042],[-82.870336891657573,42.4508864427278],[-82.92396060226892,42.352066253001155],[-82.98861017208425,42.332437341748538],[-83.096512997551287,42.290135877485191],[-83.125460335078031,42.200824057454831],[-83.133915351657976,42.174737613730436],[-83.133503621255414,42.088140337322116],[-83.185518745993775,42.052240214807497],[-83.194945120047137,42.033105068336774],[-83.216889982244354,41.988557963539584],[-83.26951425469602,41.939038742930791],[-83.326017312524755,41.924957796500649],[-83.34155064494793,41.87995260495272],[-83.396213905328892,41.852961570477071],[-83.441662380416048,41.808642414985442],[-83.424070893759193,41.740734217209571],[-83.453827000851064,41.732643359921703],[-83.763033975482841,41.723547008935995],[-83.763145826825834,41.723543810984765],[-83.880386423078633,41.72019177420119],[-84.134412708273544,41.712928810475923],[-84.360414593249345,41.706954358832775],[-84.399544356271079,41.70592000026155],[-84.43806258875648,41.704901809217723],[-84.806077992014949,41.696088510613862],[-84.805879061287968,41.760215455655413],[-84.825124378456195,41.760198489260382],[-85.196771139937255,41.759870745268913],[-85.232832039155994,41.759838935218781],[-85.292176001291693,41.759755183990514],[-85.659748302148344,41.759236571423017],[-85.791333232597538,41.759051019623094],[-85.791361270635591,41.759050980061559],[-86.062561367012165,41.759652922144419],[-86.226068509335974,41.760015732266986],[-86.226092854349545,41.760015691360181],[-86.501771827328881,41.759552464463646],[-86.524218594558178,41.759571575335855],[-86.640042980154703,41.759670186612652],[-86.699679849609751,41.759853704902014],[-86.824827287550093,41.760238800281151]]],[[[-89.221339144377509,47.908068384321709],[-89.179161351228771,47.935029552726206],[-89.01831096317099,47.992525113733691],[-88.940886,48.01959],[-88.893701,48.03477],[-88.816084,48.057006],[-88.728198,48.101914],[-88.631908,48.148307],[-88.547033,48.174891],[-88.425162,48.21065],[-88.427373,48.166764],[-88.55044,48.102111],[-88.579172,48.040758],[-88.718563550947522,47.995135294677894],[-88.852931252847668,47.965322704861627],[-88.898994011663063,47.900685419760478],[-89.044470533358194,47.855749806470754],[-89.157745085124347,47.82401442328711],[-89.201819024016089,47.850242340574304],[-89.2552089394121,47.876101239315318],[-89.221339144377509,47.908068384321709]]],[[[-90.418139177295288,46.566096050743546],[-90.327629671000807,46.607746258118112],[-90.237612966827456,46.62448735604066],[-90.045421887901782,46.668273695706354],[-89.918467002322132,46.740325402841606],[-89.884330396423408,46.765472456214404],[-89.831956541901576,46.804054144532422],[-89.720277109582611,46.830413776014588],[-89.642255063668344,46.825340528824107],[-89.56980803822502,46.831859316644803],[-89.499080011921862,46.841621118906154],[-89.415153975661809,46.843983086209164],[-89.227913946755265,46.912954071086709],[-89.142595007059271,46.984859117374207],[-89.028930038951927,47.001140110209725],[-88.959409107715871,47.008496120973319],[-88.933368614019784,47.033599243022607],[-88.924492180572486,47.042156152977832],[-88.889140262752449,47.100575197806911],[-88.814834363710375,47.141399227680985],[-88.699660483783916,47.20483125791079],[-88.584912572254254,47.24236126865047],[-88.512947145670481,47.286107532550595],[-88.500780651572143,47.293503287389512],[-88.41868065261356,47.371189756183938],[-88.285202878595186,47.422394337817728],[-88.217829821843921,47.448740664885896],[-88.085259358423059,47.468964192544476],[-87.929275568851082,47.478740728000126],[-87.801189647046797,47.473305094870966],[-87.680071986260714,47.455689265962391],[-87.59150256922922,47.424117270323293],[-87.604708506464775,47.388629173105905],[-87.800299407730577,47.392151887630618],[-87.941619376303777,47.390076445149766],[-87.943366217152757,47.335902289227867],[-88.016478699440682,47.306275232064458],[-88.096851685484751,47.261351227648404],[-88.194218693721908,47.209242225050865],[-88.200451370964927,47.199717119172639],[-88.239895707062161,47.139436211369016],[-88.340052695908838,47.080494202895018],[-88.385606696626056,47.004522183863287],[-88.439363938273175,46.941982604674244],[-88.455404772890375,46.923321179229823],[-88.477935859301866,46.850560174668054],[-88.372681822681457,46.872277163490963],[-88.244437766030003,46.92961215863518],[-88.143688682573824,46.96666515255756],[-88.065192647352248,46.918563131070734],[-88.044522315238751,46.917450073162669],[-87.900339510596709,46.909686107729861],[-87.776930383551374,46.876726085503059],[-87.687164287401458,46.841742069737656],[-87.595307172293602,46.782950051612907],[-87.573203112349702,46.720471040600358],[-87.503024997232046,46.647497030381707],[-87.38164887097912,46.580059015922508],[-87.366766811356726,46.507303008989503],[-87.175064696462414,46.497547993021101],[-87.116359267968534,46.506151389058175],[-86.976957641533843,46.52658097217784],[-86.90374159537636,46.466137960449508],[-86.810966570357365,46.449662948384791],[-86.750156568437902,46.479108940945608],[-86.695644608425496,46.555025936118696],[-86.627379590394838,46.533709925849621],[-86.557730561423625,46.487433915396892],[-86.459929594442045,46.551927903368252],[-86.188024948140594,46.654009472887005],[-86.138295943484906,46.672936488198616],[-85.995044887980356,46.673677527807428],[-85.864608033532093,46.686569912948208],[-85.841057891912257,46.68889761101908],[-85.482096775496885,46.680433732905136],[-85.256860942652452,46.753382022032334],[-85.237874342387059,46.755704865835618],[-85.173044285239925,46.763636365419309],[-84.964656610465013,46.772848408967171],[-85.028294689309305,46.67512755435893],[-85.027376029532363,46.553757995651793],[-84.969464989372824,46.476292166142343],[-84.849766755214787,46.460248626226807],[-84.678421413703049,46.48769925544773],[-84.607943741043968,46.456751826795241],[-84.493399840299986,46.440317574359156],[-84.46182518404882,46.466570772007046],[-84.420271211516734,46.501081939264971],[-84.293011713288948,46.492807102800242],[-84.193724477725226,46.539923767610368],[-84.117920994499073,46.517622343876447],[-84.125022490290874,46.4701462896019],[-84.138904211688953,46.372224210705433],[-84.097766190023052,46.256515265096176],[-84.108089383925531,46.241241196646577],[-84.114941726552701,46.174117043027302],[-84.026536928801974,46.131651224702637],[-83.974013239546522,46.081555148592685],[-83.882304127882307,46.042068118472415],[-83.815826216635685,46.108532592549132],[-83.719790658518704,46.101034782911988],[-83.598610567572806,46.090089131981863],[-83.480637326995804,45.996168122082061],[-83.526345896153018,45.91863975759064],[-83.583051365674507,45.915922562052735],[-83.657659960334612,45.945466364686887],[-83.801040979737067,45.937584965020761],[-83.910839544312523,45.965615854900385],[-84.080072626282501,45.970824729721905],[-84.114608028104158,45.967911091373296],[-84.254952844960442,45.956070654882424],[-84.376429648656725,45.931964388123973],[-84.480436619462552,45.977766207957771],[-84.567493520172732,45.947704084790367],[-84.632855525598018,45.951009029781559],[-84.734002394858038,45.907027934053566],[-84.706383234021786,45.848659940426209],[-84.79276316833483,45.858692832419067],[-84.91748426174199,45.930671666274137],[-85.003597565708844,46.006131646969749],[-85.15202766140122,46.050726644508487],[-85.266385688294349,46.065780630383209],[-85.381394721425025,46.082045528276062],[-85.540858906797908,46.079582417278722],[-85.648581941597499,45.983696392535307],[-85.697203971065122,45.96015935941282],[-85.810442968185995,45.980088418028444],[-85.86584084257332,45.947572513235514],[-85.913769879254218,45.919440459852268],[-86.07206788786894,45.965314605470915],[-86.278006587715723,45.942056929380577],[-86.349133648466733,45.83415995002629],[-86.439660684426329,45.760668960594515],[-86.459880206314281,45.750226512189371],[-86.541429742578501,45.708109969546193],[-86.616971868015185,45.620580985434231],[-86.636894983889562,45.542052998992759],[-86.712327876238987,45.610938984034604],[-86.705183757224106,45.69090097142211],[-86.647318698847144,45.732617964621966],[-86.773278634226685,45.811384957659044],[-86.838745746339669,45.722306962340603],[-86.964274894226421,45.672760959653111],[-87.070441812035838,45.71877895535512],[-87.172240870948414,45.661787956256589],[-87.253449590679352,45.550115546588906],[-87.288726002913094,45.501605956523754],[-87.350852192377502,45.40774307391915],[-87.465201291052367,45.273351368219167],[-87.548964417125461,45.191591673019396],[-87.590208894021544,45.095265011751842],[-87.648191701222487,45.106368950825157],[-87.695055274268114,45.150522791929781],[-87.74180478339126,45.197051639537847],[-87.711479512252936,45.245224489830321],[-87.667422640985293,45.316360319572993],[-87.657348670410258,45.368752201856111],[-87.706766538246512,45.383827161133354],[-87.750927401025649,45.355037222438789],[-87.800463243756681,45.353608098503905],[-87.863488043893909,45.353019937399665],[-87.856829131075571,45.393105886916196],[-87.847428237204795,45.444176819091446],[-87.80577236836389,45.473138841378365],[-87.80420246236865,45.524675802859619],[-87.787291599678127,45.574905855191901],[-87.777670681304784,45.609203886603453],[-87.824675769915032,45.653210847590898],[-87.781006818213129,45.673933915459223],[-87.805075893302273,45.703555901332862],[-87.833049427199839,45.722752454082375],[-87.879812081879024,45.75484284255522],[-87.966970176438892,45.764020744714777],[-87.995876229293273,45.795434718126955],[-88.048514273399661,45.782548607677548],[-88.057010750284277,45.784976620969772],[-88.10551835049786,45.798838498706537],[-88.135067413571733,45.821693459016302],[-88.073944398979535,45.875592608227002],[-88.115346517924422,45.922210577481557],[-88.116857058577864,45.922810818109753],[-88.178008661066357,45.947110517553917],[-88.246307812573477,45.962982453961075],[-88.309521219588703,45.959368391510623],[-88.38018488668915,45.991653408051789],[-88.409866039088058,45.979687356915605],[-88.526675923017223,46.020821533495372],[-88.593863059207138,46.015131822414432],[-88.613066037631896,45.9906268402707],[-88.657763115575094,45.989287036190845],[-88.679135226609077,46.01353820530413],[-88.683235440882882,46.014465895062202],[-88.739997307066261,46.027308486310382],[-88.811950917319678,46.021609645402421],[-88.932770380348302,46.072107875148063],[-88.991218469391384,46.09653701326755],[-89.09163117521112,46.138505559478652],[-89.638416912179039,46.243804791845541],[-89.929126878916961,46.299916915020141],[-90.120491117756458,46.336853605349276],[-90.158243926373444,46.420486807657504],[-90.21487030390135,46.499949195222293],[-90.285711399873165,46.518848300819279],[-90.331890873495837,46.553280217943581],[-90.387231514887262,46.53366508614463],[-90.418139177295288,46.566096050743546]]]]}},
{"type":"Feature","properties":{"STUSPS":"AK","NAME":"Alaska"},"geometry":{"type":"MultiPolygon","coordinates":[[[[179.48131826347884,51.975308985089441],[179.582857212096513,52.016848956267225],[179.636846184682724,52.025719950064499],[179.773922114832033,51.970700987793741],[179.743012130361137,51.911757028426138],[179.649484177653932,51.873678054772959],[179.543516231449871,51.890934043073642],[179.484634261480011,51.921276022300084],[179.48131826347884,51.975308985089441]]],[[[178.600493705839284,51.655264209070808],[178.660600675943812,51.683073189580902],[178.925330541656706,51.623912228918165],[179.195247404326579,51.477879328286029],[179.295785353363726,51.419240368285614],[179.418240291900787,51.41620337003684],[179.480418260406339,51.363868405873035],[179.25327137402661,51.337247424788728],[179.031533486275549,51.449892348154421],[178.930219538083861,51.530097293435546],[178.869249569082399,51.556994275221527],[178.772400617778402,51.554127277683463],[178.604866703027255,51.61602323604464],[178.600493705839284,51.655264209070808]]],[[[178.463385780701174,51.987856980957879],[178.552612735150717,51.973975989945153],[178.591597715014444,51.952660004387219],[178.539395740696847,51.903254038736165],[178.502493759345498,51.899652041451809],[178.432461796013115,51.965540996536184],[178.463385780701174,51.987856980957879]]],[[[178.204442909046804,51.830898090905499],[178.329699845761468,51.836800085907846],[178.378009820503678,51.792634115971111],[178.374074821680409,51.747864146815559],[178.270955874111962,51.765194135631049],[178.204442909046804,51.830898090905499]]],[[[178.093673969930933,52.055148937348036],[178.154769938988125,52.061428932526674],[178.201313914699995,52.031509952772645],[178.200900914087498,51.991163980568331],[178.120941954398177,51.977019990944818],[178.079214976496246,52.018967962392445],[178.093673969930933,52.055148937348036]]],[[[177.213087413422869,51.920366039088997],[177.310828364280724,51.933281029043343],[177.367364336662291,51.968383004223341],[177.460540290287071,51.999758981575809],[177.521007261363678,52.063069937311937],[177.581272232973532,52.144934880271592],[177.64865519826742,52.130907889242479],[177.675953183337924,52.092174915654084],[177.609088215635126,52.028525960181916],[177.572069233711119,52.001819978961471],[177.611554212282414,51.950837013663588],[177.601006216859787,51.922262033449655],[177.499281268420191,51.922041034675637],[177.409537314166471,51.930829029608859],[177.371264332713992,51.901953049921481],[177.334230350421535,51.866777074561135],[177.311769360560902,51.825979102904334],[177.262196386734956,51.861899078757091],[177.178790429496843,51.879227067826378],[177.213087413422869,51.920366039088997]]],[[[173.863995169018239,52.792490502873079],[174.067296061956768,52.757644521561708],[174.140118024026378,52.750744524451378],[174.1581490116738,52.706066554797061],[173.97511910578865,52.707466558553335],[173.819042189755294,52.75981252660813],[173.863995169018239,52.792490502873079]]],[[[173.439029362795395,52.470535736447886],[173.555742303899223,52.479479726999614],[173.638064265181214,52.524216693899284],[173.772802195266365,52.50991270007583],[173.702255225824103,52.434811753720098],[173.748304199257234,52.392353781708728],[173.725699208186256,52.356586806950439],[173.6512962460599,52.356377809126059],[173.543781303507842,52.392673787113381],[173.48638333094064,52.368620805285317],[173.319951419024818,52.412065780124642],[173.439029362795395,52.470535736447886]]],[[[172.458914905417799,52.954555432985664],[172.643269814914277,53.004986392233825],[172.79287573805837,53.008575385008506],[173.121991566697716,52.990359387461879],[173.251329496228379,52.944369415335224],[173.425365400510969,52.86835246270153],[173.423822398216203,52.828806490011353],[173.284420469855917,52.827940494640821],[173.20495151241704,52.848918482515806],[173.16690252764198,52.795236520648253],[173.096240563255748,52.786789528581359],[172.982603621973226,52.79108752905946],[172.903631660058522,52.761674551752265],[172.809390710759203,52.789297535644508],[172.763369737328162,52.823663513405798],[172.7542397466502,52.877497476590626],[172.669946793099797,52.913018454781657],[172.585078837507609,52.921334451774619],[172.472860892464979,52.890241476855373],[172.458914905417799,52.954555432985664]]],[[[-133.935016,55.920689],[-133.816363,55.964025],[-133.7314,56.028857],[-133.659241,56.083818],[-133.643817,56.127739],[-133.6721,56.222734],[-133.656889,56.281228],[-133.656415,56.326909],[-133.582116,56.352506],[-133.41837,56.332132],[-133.197009,56.333016],[-133.158233,56.314768],[-133.07823,56.246802],[-133.039877412398994,56.239040380095702],[-132.966922,56.224276],[-132.887585,56.172938],[-132.833864,56.103904],[-132.896433,56.099744],[-132.85978295116999,56.052769327023398],[-132.837592,56.024327],[-132.618464,55.911476],[-132.470697,55.782162],[-132.462531,55.673854],[-132.382505,55.665336],[-132.301119,55.55096],[-132.142945,55.457941],[-132.258056,55.416142],[-132.126398,55.288418],[-132.037122,55.275144],[-131.977397,55.180949],[-132.027513,55.104675],[-131.984592,55.027978],[-131.983324,54.897813],[-131.957914,54.791239],[-131.999591,54.731975],[-132.029747,54.701189],[-132.165182,54.69405],[-132.228223,54.72517],[-132.307943,54.718714],[-132.366389,54.751197],[-132.403533,54.784596],[-132.509371,54.781258],[-132.639032,54.753251],[-132.674324,54.674652],[-132.753019,54.673244],[-132.866355,54.700386],[-132.87721,54.753772],[-132.918751,54.783253],[-132.990589,54.820994],[-133.099047,54.919007],[-133.164788,54.976909],[-133.197719,55.033404],[-133.239695,55.092415],[-133.215086,55.136876],[-133.232491,55.198828],[-133.281979,55.217117],[-133.341259,55.205701],[-133.404497,55.214992],[-133.471938,55.247527],[-133.468217,55.281678],[-133.586605,55.3088],[-133.596762,55.218233],[-133.658359,55.232674],[-133.690174,55.304409],[-133.633006,55.361299],[-133.630945,55.416114],[-133.697898,55.454759],[-133.789055,55.457892],[-133.75287,55.544282],[-133.728549,55.593128],[-133.716665,55.660223],[-133.643324,55.729037],[-133.701152,55.78516],[-133.700468,55.837421],[-133.861039,55.848844],[-133.92025,55.860295],[-133.935016,55.920689]]],[[[-134.392983,56.864284],[-134.270459,56.93558],[-134.193751,56.933598],[-134.147103,56.95697],[-134.047753,56.923],[-134.006635,56.851587],[-133.942936,56.805551],[-133.86904,56.845938],[-133.921451,56.961511],[-134.049218,57.029203],[-134.008856,57.074578],[-133.887957,57.097744],[-133.739433,57.072184],[-133.536258,57.0387],[-133.334272,57.002442],[-133.31787102643699,57.002674737699699],[-133.104611,57.005701],[-132.98137,56.92738],[-132.903211,56.80361],[-132.796602,56.776932],[-132.743207,56.71372],[-132.619258,56.660778],[-132.611326,56.599913],[-132.671154,56.543071],[-132.806838,56.505492],[-132.933042,56.5222],[-133.041726,56.518356],[-133.183493,56.454241],[-133.300571,56.462343],[-133.415081566934987,56.4564601889074],[-133.460634,56.45412],[-133.655468,56.442279],[-133.821628,56.391602],[-133.834555,56.319801],[-133.876624,56.275884],[-133.88114,56.223197],[-133.941986,56.180095],[-133.927725,56.145949],[-133.960525,56.091359],[-134.018043,56.088176],[-134.087446,56.094939],[-134.121868,56.029895],[-134.099805,55.98414],[-134.118062,55.914642],[-134.208251,55.876709],[-134.255096,55.844614],[-134.311763,55.812285],[-134.344652,55.846312],[-134.374965,55.928492],[-134.291804,55.926219],[-134.202178,56.035175],[-134.259749,56.13444],[-134.282212,56.254789],[-134.294679,56.335888],[-134.243126,56.395778],[-134.25192,56.44455],[-134.197967,56.531028],[-134.241938,56.555531],[-134.320134,56.554484],[-134.30112,56.620317],[-134.376274,56.668608],[-134.418534,56.822333],[-134.392983,56.864284]]],[[[-134.960502,58.403758],[-134.865084,58.357276],[-134.788441,58.28909],[-134.735829,58.234597],[-134.724372268416005,58.211250152818103],[-134.699956,58.161494],[-134.608911,58.171637],[-134.46176,58.159289],[-134.329872,58.13499],[-134.262050642365011,58.144017315630798],[-134.256223,58.144793],[-134.174352,58.125284],[-134.183983,58.077295],[-134.138231,58.047103],[-134.087572,57.996475],[-133.999948,57.91481],[-133.904874,57.807406],[-133.896846,57.685524],[-133.808285,57.609604],[-133.8176,57.568353],[-133.871581,57.484158],[-133.866931,57.367869],[-133.786398,57.311528],[-133.840895,57.271074],[-133.875673,57.267613],[-133.983501,57.302838],[-134.100118,57.266285],[-134.193629,57.184879],[-134.302721,57.136562],[-134.378359,57.115016],[-134.386052,57.087392],[-134.443786,57.062292],[-134.497718,57.031194],[-134.565687,57.023737],[-134.634565,57.109863],[-134.640169,57.239852],[-134.55554,57.407428],[-134.607557,57.513042],[-134.695428,57.685335],[-134.709024,57.780498],[-134.752398,57.938956],[-134.783772,58.082292],[-134.864299,58.180489],[-134.958171,58.322057],[-134.960502,58.403758]]],[[[-136.563223,58.035052],[-136.538708,58.093482],[-136.446286,58.11334],[-136.365544,58.148854],[-136.387113,58.252414],[-136.290349,58.251761],[-136.176442,58.265111],[-136.033678,58.276728],[-135.877468,58.259852],[-135.78338,58.286709],[-135.712398,58.231892],[-135.497911,58.168882],[-135.275797,58.097024],[-135.108896,58.08827],[-134.950844,58.036993],[-134.926395,57.921919],[-135.004952,57.884338],[-134.94942955753001,57.781259289449601],[-134.939924,57.763612],[-134.824891,57.500067],[-134.825579,57.372143],[-134.854948,57.264766],[-134.738223,56.975741],[-134.695735,56.900791],[-134.663434,56.804687],[-134.62967,56.709596],[-134.615955,56.637289],[-134.626943,56.553868],[-134.669778,56.524129],[-134.64177,56.445479],[-134.634828,56.345297],[-134.634668,56.265832],[-134.653827,56.198385],[-134.674028,56.166925],[-134.763535,56.210363],[-134.810171,56.244987],[-134.839411,56.309403],[-134.915911,56.360555],[-134.977082,56.437294],[-135.058238,56.529453],[-135.123389,56.602823],[-135.175826,56.677876],[-135.21583,56.66534],[-135.305077,56.726382],[-135.362241,56.758742],[-135.467177,56.77141],[-135.550718,56.841228],[-135.506869,56.865978],[-135.476817,56.891232],[-135.442339,56.942355],[-135.353447,57.020905],[-135.457907,57.070165],[-135.571504,57.105697],[-135.604555,57.045834],[-135.63688,57.009874],[-135.825598,56.989032],[-135.856021,56.995636],[-135.844612,57.083568],[-135.755007,57.123972],[-135.753581,57.167168],[-135.832253,57.170647],[-135.870519,57.221639],[-135.837719,57.282068],[-135.85816,57.321358],[-135.892131,57.408048],[-135.943766,57.45878],[-136.047547,57.513762],[-136.088071,57.555291],[-136.163059,57.558861],[-136.238166,57.625991],[-136.250818,57.684831],[-136.304684,57.771051],[-136.371986492161,57.832232010704899],[-136.372377,57.832587],[-136.458829,57.853901],[-136.484259,57.89646],[-136.573288,57.926844],[-136.563223,58.035052]]],[[[-152.064099,60.417137],[-151.952456,60.510609],[-151.839194,60.485862],[-151.891542,60.440177],[-151.956263,60.367841],[-152.079995,60.341191],[-152.064099,60.417137]]],[[[-153.597411,59.386827],[-153.489005,59.41523],[-153.412493,59.415105],[-153.347772,59.377985],[-153.386898,59.33075],[-153.515286,59.320878],[-153.546695,59.331348],[-153.597411,59.386827]]],[[[-154.779663,57.366335],[-154.69331,57.446085],[-154.618704,57.514972],[-154.52206,57.577786],[-154.411385,57.598452],[-154.292471,57.644223],[-154.196959,57.664639],[-153.994572,57.656905],[-153.930279,57.696791],[-153.93522,57.813047],[-153.781408,57.876417],[-153.721176,57.890615],[-153.648798,57.880103],[-153.512024,57.909156],[-153.533204,57.941117],[-153.484603,57.9765],[-153.386422,57.936526],[-153.299009,57.985626],[-153.365574,58.039052],[-153.419783,58.059638],[-153.362281,58.106786],[-153.316127,58.14039],[-153.223709,58.16212],[-153.202801,58.20808],[-153.101841,58.257938],[-153.044316,58.306336],[-152.925586,58.339686],[-152.883107,58.400443],[-152.787776,58.411313],[-152.733845,58.460662],[-152.640313,58.469868],[-152.66622,58.544087],[-152.61613,58.601852],[-152.560171,58.61968],[-152.453817,58.618515],[-152.354709,58.63828],[-152.337212,58.589095],[-152.38761,58.52287],[-152.467197,58.476609],[-152.512483,58.427349],[-152.49848,58.372351],[-152.432235,58.355221],[-152.387343,58.359499],[-152.34486,58.39163],[-152.35609,58.42347],[-152.301713,58.428697],[-152.227835,58.376424],[-152.129257,58.396414],[-152.08925,58.367644],[-151.981781,58.347971],[-151.817111,58.263444],[-151.795696,58.211096],[-151.862321,58.168265],[-152.03412,58.183737],[-152.112205,58.148559],[-152.265111,58.135732],[-152.374399,58.120014],[-152.482674,58.129813],[-152.529036,58.093779],[-152.656801,58.061049],[-152.766673,58.029887],[-152.722524,57.987364],[-152.751978,57.933466],[-152.804807,57.899175],[-152.790211,57.858058],[-152.753437,57.834452],[-152.681204,57.875675],[-152.635378,57.91861],[-152.526283,57.913266],[-152.432608,57.976029],[-152.422573,57.948662],[-152.324103,57.916604],[-152.351152,57.834768],[-152.212247,57.791433],[-152.298762,57.745925],[-152.440182,57.72664],[-152.386805,57.667923],[-152.313974,57.63642],[-152.161617,57.623287],[-152.159677,57.593614],[-152.259641,57.527156],[-152.323683,57.467861],[-152.253603,57.384019],[-152.323687,57.34266],[-152.474883,57.434204],[-152.570527,57.448909],[-152.601148,57.382165],[-152.630441,57.322668],[-152.695698,57.281318],[-152.818187,57.265368],[-152.943463,57.256956],[-152.949333,57.187346],[-152.880321,57.164798],[-152.90054,57.132076],[-153.06433,57.10379],[-153.200217,57.042039],[-153.266822,56.999643],[-153.342018,56.982825],[-153.404263,57.080511],[-153.48652,57.085915],[-153.580831,57.049048],[-153.543429,56.995245],[-153.541492,56.887875],[-153.603624,56.887336],[-153.699409,56.855382],[-153.776468,56.830315],[-153.83964,56.822099],[-153.90215,56.771208],[-153.97178,56.744861],[-154.017042,56.689311],[-154.153147,56.681697],[-154.129017,56.742168],[-154.305713,56.846871],[-154.312888,56.918673],[-154.40749,56.968334],[-154.528538,57.001892],[-154.523432,57.129106],[-154.594977,57.257161],[-154.691855,57.28411],[-154.79384,57.288862],[-154.779663,57.366335]]],[[[-154.840415,56.42032],[-154.70614,56.521273],[-154.514078,56.604059],[-154.210336,56.609684],[-154.095833,56.617786],[-154.025041,56.572517],[-153.878764,56.565925],[-153.887678,56.533637],[-154.02093,56.482025],[-154.266332,56.496366],[-154.529507,56.502655],[-154.624282,56.475181],[-154.742887,56.401678],[-154.840415,56.42032]]],[[[-155.750002,55.821849],[-155.688098,55.864886],[-155.605373,55.928826],[-155.530591,55.912213],[-155.554245,55.84646],[-155.566307,55.789488],[-155.591002,55.761725],[-155.718593,55.772356],[-155.750002,55.821849]]],[[[-156.733628,56.077593],[-156.683003,56.09881],[-156.614757,56.065178],[-156.618202,56.017802],[-156.681814,55.994337],[-156.735292,56.02264],[-156.733628,56.077593]]],[[[-157.288702,56.566039],[-157.172027,56.598039],[-157.091146,56.581134],[-156.975549,56.540446],[-157.047173,56.519931],[-157.168777,56.53021],[-157.326059,56.525169],[-157.288702,56.566039]]],[[[-160.252749,54.913251],[-160.192058,55.038157],[-160.187261,55.118376],[-160.137102,55.171565],[-160.025257,55.203914],[-159.870591,55.284889],[-159.843859,55.249367],[-159.816419,55.178051],[-159.670305,55.182337],[-159.521096,55.253393],[-159.488766,55.188812],[-159.33847,55.046683],[-159.203228,54.914842],[-159.272354,54.864204],[-159.309681,54.865813],[-159.447982,54.941374],[-159.504434,55.027316],[-159.635226,55.037294],[-159.752779,55.066139],[-159.813625,55.027467],[-160.027035,55.02091],[-160.099295,54.962853],[-160.226967,54.864075],[-160.252749,54.913251]]],[[[-160.856621,55.318488],[-160.808929,55.370122],[-160.687442,55.402198],[-160.517513,55.379378],[-160.333421,55.436928],[-160.260565,55.463674],[-160.137032,55.450709],[-160.154038,55.377518],[-160.30655,55.303275],[-160.341217,55.251799],[-160.468262,55.288925],[-160.527617,55.256374],[-160.486511,55.181951],[-160.525226,55.129871],[-160.655577,55.160261],[-160.734942,55.151311],[-160.821381,55.117851],[-160.841917,55.20444],[-160.856621,55.318488]]],[[[-161.078486,58.635577],[-161.056595,58.702202],[-160.918586,58.746935],[-160.700627,58.817368],[-160.679309,58.780226],[-160.880515,58.581325],[-160.961416,58.553723],[-161.07563,58.549916],[-161.078486,58.635577]]],[[[-161.426005,55.216563],[-161.356726,55.221262],[-161.329875,55.219418],[-161.344152,55.158504],[-161.451286,55.178027],[-161.426005,55.216563]]],[[[-161.697129,55.249148],[-161.523434,55.271659],[-161.560207,55.207045],[-161.691553,55.198479],[-161.697129,55.249148]]],[[[-162.844362,54.510428],[-162.585315,54.447995],[-162.34484,54.401336],[-162.388754,54.367623],[-162.46695,54.342692],[-162.608608,54.369147],[-162.760247,54.372193],[-162.861736,54.424771],[-162.844362,54.510428]]],[[[-165.602225,54.045267],[-165.468221,54.079641],[-165.28077,54.115625],[-165.140978,54.131079],[-165.00791,54.134934],[-164.883134,54.196187],[-164.824183,54.225527],[-164.7637,54.223153],[-164.816166,54.158754],[-164.956139,54.060988],[-165.088283,54.072491],[-165.287665,54.038349],[-165.555768,54.023551],[-165.602225,54.045267]]],[[[-166.06155,54.185092],[-165.959751,54.220982],[-165.868192,54.214884],[-165.62555,54.298964],[-165.478452,54.295333],[-165.383719,54.196731],[-165.549217,54.112196],[-165.784434,54.069435],[-165.875129,54.03642],[-165.901649,54.06287],[-166.046438,54.044186],[-166.112242,54.122528],[-166.06155,54.185092]]],[[[-167.430619,60.197006],[-167.317602,60.231541],[-167.112841,60.231482],[-166.93866,60.214704],[-166.842599,60.21047],[-166.813127,60.249768],[-166.835825,60.268751],[-166.713539,60.327341],[-166.616566,60.319221],[-166.548589,60.361856],[-166.490358,60.389466],[-166.371874,60.355156],[-166.241032,60.38882],[-166.149763,60.4367],[-166.103296,60.367321],[-166.03734,60.319456],[-165.883086,60.343368],[-165.67987,60.292435],[-165.722533,60.236468],[-165.683554,60.198335],[-165.723484,60.163824],[-165.666679,60.124304],[-165.709223,60.066003],[-165.633879,60.019597],[-165.532633,59.953425],[-165.582302,59.908242],[-165.706609,59.883564],[-165.769832,59.900495],[-165.856822,59.869728],[-165.982317,59.871637],[-166.084995,59.839649],[-166.084282,59.776059],[-166.190406,59.750206],[-166.272168,59.811455],[-166.36213,59.838604],[-166.512819,59.846425],[-166.665528,59.878168],[-166.795194,59.913185],[-166.939572,59.965483],[-167.06578,59.98796],[-167.225739,60.04088],[-167.333289,60.066626],[-167.343509,60.126287],[-167.430619,60.197006]]],[[[-167.790928,53.33552],[-167.694484,53.388034],[-167.591219,53.393346],[-167.457366,53.442793],[-167.369791,53.450646],[-167.278827,53.478565],[-167.188033,53.524073],[-167.135695,53.551227],[-167.16164,53.605909],[-167.107836,53.633056],[-167.071823,53.66556],[-167.041245,53.707929],[-167.005778,53.755446],[-167.098135,53.799987],[-167.141966,53.826932],[-167.140992,53.866774],[-167.031252,53.945204],[-166.879488,53.988716],[-166.742587,54.015501],[-166.644627,54.014495],[-166.587393,53.959831],[-166.508388,53.923949],[-166.437083,53.955644],[-166.357117,54.002343],[-166.264519,53.97755],[-166.225644,53.986229105085002],[-166.172365,53.998124],[-166.075283,53.969571],[-166.160924652198986,53.935638052193902],[-166.210685,53.915922],[-166.250935,53.876851],[-166.320004,53.869527],[-166.404896,53.809345],[-166.336768,53.78709],[-166.198751,53.8361],[-166.113037,53.853716],[-166.09753,53.826933],[-166.138657,53.731082],[-166.244056,53.710708],[-166.320262,53.674276],[-166.444909,53.640646],[-166.508982,53.5838],[-166.581011,53.530449],[-166.656234,53.487119],[-166.749158,53.440944],[-166.878087,53.429884],[-166.994329,53.429201],[-167.075386,53.424979],[-167.166348,53.412793],[-167.291831,53.364102],[-167.308126,53.33433],[-167.417713,53.329856],[-167.488215,53.269121],[-167.539247,53.277864],[-167.622173,53.250362],[-167.747754,53.273564],[-167.851511,53.308668],[-167.790928,53.33552]]],[[[-168.12893,65.655744],[-167.979889,65.727972],[-167.650051,65.795703],[-167.282753,65.897386],[-166.768944,66.068582],[-166.038082,66.269512],[-165.407204,66.420441],[-164.816093,66.525025],[-164.400724,66.58111],[-164.395943591522013,66.5811976389151],[-163.824166,66.59168],[-163.603956,66.558089],[-163.728308,66.498552],[-163.798687,66.436875],[-163.873106,66.389015],[-163.849163,66.307639],[-163.843108,66.259869],[-163.925152,66.225078],[-163.916551,66.190494],[-163.80358,66.100059],[-163.695394,66.059552],[-163.495845,66.085388],[-163.372072,66.085029],[-163.146726,66.059487],[-162.997473,66.076845],[-162.750705,66.09016],[-162.622284,66.039526],[-162.423726,66.048984],[-162.331284,66.031403],[-162.137424,66.078547],[-161.838018,66.022582],[-161.775537,66.073732],[-161.613943,66.176693],[-161.548429,66.239912],[-161.484539,66.262426],[-161.341189,66.2551],[-161.320778,66.223591],[-161.198971,66.210949],[-160.993965,66.234444],[-161.089161,66.31514],[-161.322126,66.368554],[-161.575413,66.396806],[-161.694404,66.396174],[-161.916309,66.349481],[-161.86369,66.459487],[-161.87488,66.511446],[-162.105641,66.622584],[-162.175398,66.687789],[-162.349774,66.726713],[-162.501415,66.742503],[-162.626696,66.859572],[-162.582856,66.904292],[-162.466702,66.950998],[-162.468441,66.980604],[-162.63547,66.998434],[-162.842979,66.991177],[-163.011676,67.029538],[-163.299266,67.060748],[-163.591216,67.092373],[-163.702045,67.109375],[-163.74082,67.20996],[-163.878781,67.416125],[-164.051288,67.566351],[-164.256634,67.651651],[-164.533937,67.725606],[-165.094228,67.931963],[-165.35005,68.02586],[-165.396520296503013,68.034730518698197],[-165.688137,68.090396],[-165.872088,68.110047],[-165.97497,68.14091],[-166.089453,68.221299],[-166.313138,68.289164],[-166.60089,68.333637],[-166.838969,68.337186],[-166.591802,68.405551],[-166.328459,68.442261],[-166.28312,68.521247],[-166.229761,68.613771],[-166.193421,68.726649],[-166.224187,68.873175],[-165.923734,68.868432],[-165.522358,68.855839],[-164.967542,68.88303],[-164.526887,68.917909],[-164.253157,68.930938],[-163.926999,69.000802],[-163.574034,69.124077],[-163.244656,69.306081],[-163.151351,69.430262],[-163.151261,69.61263],[-163.071903,69.737605],[-162.989084,69.82525],[-162.78808,69.929097],[-162.503572,70.100393],[-162.302314,70.204227],[-161.879266,70.329269],[-161.581911,70.302877],[-161.288197,70.296772],[-160.81279,70.376696],[-160.214828,70.559087],[-159.869172,70.706397],[-159.648383,70.794368],[-159.17181,70.875103],[-159.114972,70.817402],[-158.85342,70.792352],[-158.573913,70.79495],[-158.366302,70.819712],[-158.032397,70.832263],[-157.768452,70.875842],[-157.421001,70.976805],[-157.176077,71.095549],[-156.906165,71.239616],[-156.809653,71.286886],[-156.56865,71.352561],[-156.531124,71.296338],[-156.309908,71.259881],[-156.074411,71.242489],[-156.044615,71.184701],[-155.895105,71.193899],[-155.587702,71.17256],[-155.520737,71.102476],[-155.533347,71.067683],[-155.705487,71.020153],[-155.762068,70.985644],[-155.95205,70.964831],[-155.979264,70.918524],[-155.924955,70.85272],[-155.731842,70.83116],[-155.543031,70.847175],[-155.485915,70.885905],[-155.513293,70.940579],[-155.36416,70.994195],[-155.262602,71.079149],[-155.060764,71.145422],[-154.942864,71.126264],[-154.581129,71.007321],[-154.608314,70.942405],[-154.572458,70.82594],[-154.430229,70.831258],[-154.290317,70.821495],[-154.127487,70.778133],[-153.89048,70.885719],[-153.666363,70.883448],[-153.426265,70.890131],[-153.23848,70.922467],[-153.049207,70.913102],[-152.904243,70.883877],[-152.696868,70.882086],[-152.423534,70.858708],[-152.223053,70.824594],[-152.19246,70.795294],[-152.348417,70.744382],[-152.352196,70.697802],[-152.473348,70.683669],[-152.433781,70.616926],[-152.29669,70.602287],[-152.078663,70.584504],[-151.975785,70.563215],[-151.697258,70.547741],[-151.734287,70.503492],[-151.739862,70.436207],[-151.504417,70.431103],[-151.297598,70.400748],[-151.175187,70.375558],[-151.020441,70.433841],[-150.903765,70.46091],[-150.786327,70.463271],[-150.557415,70.481643],[-150.414358,70.459694],[-150.301516,70.418392],[-150.074461,70.439333],[-149.866698,70.510769],[-149.740188,70.498151],[-149.461755,70.518271],[-149.179148,70.4857],[-148.928979,70.426835],[-148.667017,70.430084],[-148.477044,70.359068],[-148.46615,70.313609],[-148.351437,70.304453],[-148.203477,70.348188],[-147.9615,70.314201],[-147.863719,70.293317],[-147.765104,70.219806],[-147.431532,70.188826],[-147.233327,70.207553],[-147.161601,70.155612],[-146.991109,70.14761],[-146.885771,70.185917],[-146.508133,70.186044],[-146.129579,70.158948],[-146.006411,70.140402],[-145.858297,70.165996],[-145.623306,70.084375],[-145.43483,70.036994],[-145.175073,69.991707],[-144.902304,69.96451],[-144.792614,69.979796],[-144.672305,69.966876],[-144.455421,70.035244],[-144.274904,70.048711],[-143.914244,70.115696],[-143.5173,70.138418],[-143.425199,70.124928],[-143.281878,70.151052],[-142.99979,70.088305],[-142.746807,70.042531],[-142.452927,69.958125],[-142.404366,69.916511],[-142.239873,69.896598],[-142.015641,69.837976],[-141.713369,69.789497],[-141.43084,69.695144],[-141.210456,69.68419],[-141.002672,69.645609],[-141.002609596122994,68.498362265374993],[-141.002465,65.840075],[-141.002464924679003,65.839408083613506],[-141.002020469672004,61.904047],[-141.001849665528994,60.391686999337999],[-141.00184,60.306105],[-140.53509,60.224224],[-140.472292,60.31059],[-139.989142,60.18524],[-139.698361,60.340421],[-139.086669,60.357654],[-139.082246,60.323825],[-139.200346,60.090701],[-139.046426,59.998235],[-138.702053,59.910245],[-138.643422,59.792502],[-138.584819,59.752453],[-137.604277,59.243057],[-137.498558,58.986694],[-137.526424,58.906834],[-137.526131029391991,58.906843929887799],[-137.447383,58.909513],[-137.264752,59.002352],[-136.863896,59.138472],[-136.826633,59.158389],[-136.581521,59.164909],[-136.490034614874986,59.260093730179698],[-136.466815,59.284252],[-136.474326,59.464194],[-136.358141,59.449799],[-136.234229,59.524731],[-136.23734,59.558734],[-136.350622,59.599326],[-136.190352,59.639854],[-135.945905,59.663802],[-135.723077801338007,59.728406662061197],[-135.477436,59.799626],[-135.231148,59.697176],[-135.214344,59.664343],[-135.114588,59.623415],[-135.027456,59.563692],[-135.026328,59.474658],[-135.067356,59.421855],[-135.010033,59.381288],[-135.029120466615012,59.3455968616136],[-135.029245,59.345364],[-134.961972,59.280376],[-134.702383,59.247836],[-134.66407,59.181172],[-134.566689,59.128278],[-134.481241,59.128071],[-134.379771,59.034961],[-134.401042,58.976221],[-134.327982,58.963431],[-134.328006718062994,58.962327547408897],[-134.328964,58.919593],[-134.250526,58.858046],[-133.840392,58.727991],[-133.699835,58.60729],[-133.379908,58.427909],[-133.461475,58.385526],[-133.343725,58.270915],[-133.176902640204986,58.150482102909201],[-133.176444,58.150151],[-133.076421,57.999762],[-132.869318,57.842941],[-132.756813,57.705093],[-132.655278650447002,57.6017446104835],[-132.559178,57.503927],[-132.367984,57.348685],[-132.252187,57.215655],[-132.371312,57.095229],[-132.051044,57.051155],[-132.118917918329004,56.891229402368502],[-132.125934,56.874698],[-131.871725,56.804965],[-131.90176,56.753158],[-131.835133,56.601849],[-131.581221,56.613275],[-131.461806,56.547904],[-131.167925,56.448361],[-131.086794696281999,56.407094773223598],[-131.085704,56.40654],[-130.810707,56.371063],[-130.740619,56.342953],[-130.622482,56.267939],[-130.466874,56.239789],[-130.425575,56.140676],[-130.343716,56.127162],[-130.246029016792988,56.097026855225202],[-130.24554,56.096876],[-130.102761,56.116696],[-130.00426,55.993379],[-130.013198,55.916382],[-130.08451,55.823997],[-130.12372,55.80704],[-130.138221721229002,55.7630294424374],[-130.150061,55.727099],[-130.111677,55.682051],[-130.120132,55.563919],[-130.085413,55.491517],[-130.039928,55.429422],[-130.023558,55.338259],[-129.982348,55.302079],[-130.001735,55.264557],[-130.104749,55.188975],[-130.169294,55.105424],[-130.221512,55.02599],[-130.339504,54.921376],[-130.529228,54.8109],[-130.636745,54.778456],[-130.62807,54.739341],[-130.686192,54.71691],[-130.737423,54.753545],[-130.792122,54.784784],[-130.844145,54.765801],[-130.866866,54.769068],[-130.932454,54.806938],[-130.947338,54.886733],[-130.9604,54.933685],[-130.97503,54.974853],[-131.012061,54.996238],[-130.997057,55.044256],[-131.013215,55.090069],[-131.052298,55.11816],[-131.087497,55.163036],[-131.093806,55.191335],[-131.160492,55.197481],[-131.190628,55.108013],[-131.190033,55.043173],[-131.246018,54.989555],[-131.245988,54.940491],[-131.195197,54.919767],[-131.253671,54.866779],[-131.327624,54.859122],[-131.433473,54.896535],[-131.491504,54.930392],[-131.594567,54.93113],[-131.621948,54.946531],[-131.611889743272002,54.982270634883101],[-131.605661,55.004403],[-131.646276,55.035579],[-131.589387,55.08894],[-131.605302,55.107436],[-131.684131985649998,55.119093614075602],[-131.748334,55.128588],[-131.828395,55.198482],[-131.862162,55.289284],[-131.854297,55.421074],[-131.844157,55.456742],[-131.971792,55.498279],[-132.114654,55.550623],[-132.183207,55.588128],[-132.19986810574801,55.634351992553299],[-132.224167,55.701766],[-132.265071,55.762174],[-132.130413,55.811419],[-132.067412,55.875078],[-132.170198,55.919231],[-132.279962,55.924839],[-132.323242,55.851878],[-132.397304,55.878867],[-132.449834,55.956186],[-132.492795,56.066436],[-132.594235,56.021858],[-132.708697,56.112124],[-132.718342,56.217704],[-132.843716,56.238933],[-132.877582,56.240322],[-132.926759,56.266188],[-132.961082,56.296167],[-133.029712,56.3157],[-133.070056,56.330951],[-133.0696,56.346323],[-133.060361,56.358378],[-132.977163,56.439673],[-132.896342,56.457978],[-132.791872,56.449169],[-132.627544,56.46287],[-132.528637,56.529269],[-132.45079,56.564098],[-132.529037,56.63797],[-132.542885,56.701905],[-132.545822263319991,56.7136212358796],[-132.556758,56.757242],[-132.792089,56.856152],[-132.892388,56.993016],[-132.93752,57.048321],[-133.161448,57.086264],[-133.247414,57.136802],[-133.322359,57.112727],[-133.466932,57.159356],[-133.544817,57.24257],[-133.489738,57.305192],[-133.472039,57.368651],[-133.514964,57.473345],[-133.519598,57.530705],[-133.62076,57.578919],[-133.676449,57.625192],[-133.65453,57.713689],[-133.699124476434008,57.785734141854597],[-133.70286244801801,57.791773066728602],[-133.703097,57.792152],[-133.848776,57.93544],[-134.049603,58.062027],[-134.078155,58.152046],[-134.146685,58.199084],[-134.234572,58.197234],[-134.375579,58.208705],[-134.464635,58.227388],[-134.631203,58.247446],[-134.750586,58.391533],[-134.936897,58.457474],[-135.062870569360996,58.451299252644397],[-135.104413,58.449263],[-135.068437,58.374157],[-135.049062,58.309295],[-135.10121,58.292607],[-135.087872,58.200073],[-135.227736,58.2369],[-135.306507,58.242916],[-135.408059,58.342999],[-135.449966172855,58.339068182656902],[-135.544213,58.330228],[-135.649861,58.324517],[-135.728054,58.397067],[-135.917917,58.381237],[-136.041818,58.380161],[-136.11193,58.34253],[-136.265906,58.314499],[-136.437152,58.302417],[-136.544776,58.316665],[-136.576799,58.277951],[-136.567956,58.245153],[-136.591924,58.217886],[-136.70125,58.219416],[-136.717093,58.273508],[-136.857605,58.31636],[-136.911713,58.370252],[-136.986384,58.404043],[-137.078109,58.397474],[-137.239366,58.453159],[-137.355328,58.492374],[-137.568216,58.587989],[-137.653709,58.608324],[-137.681633,58.656452],[-137.836448,58.741563],[-137.941828,58.794322],[-137.936162994918988,58.810641293964601],[-137.924608,58.843928],[-137.951995,58.886029],[-138.066332,58.957126],[-138.224323,59.032216],[-138.357909,59.069394],[-138.636702,59.130585],[-138.807186,59.208772],[-138.919749,59.248531],[-139.07148,59.28715],[-139.271031,59.337421],[-139.420168,59.37976],[-139.632896,59.459906],[-139.861306,59.546678],[-139.74266,59.623871],[-139.585789,59.642765],[-139.588777,59.708968],[-139.608545,59.821961],[-139.776836,59.833835],[-139.871222,59.802611],[-140.080423,59.756299],[-140.176224,59.735965],[-140.242577,59.687888],[-140.4119,59.699649],[-140.792511,59.728573],[-140.922635,59.751687],[-141.156497,59.813582],[-141.392811,59.870028],[-141.485207,59.925024],[-141.595376,59.961905],[-141.73624,59.961905],[-141.912218,60.009779],[-142.062454,60.023781],[-142.426572,60.071066],[-142.744868,60.09413],[-142.908859,60.090328],[-143.0687,60.068603],[-143.267818,60.058655],[-143.624152,60.037257],[-143.781649,60.010354],[-143.893326,59.986721605893599],[-143.897029,59.985938],[-144.005879,60.012981],[-144.052539,60.041759],[-144.1103,60.098939],[-144.186745,60.116967],[-144.348913,60.091184],[-144.429249,60.14802],[-144.555093,60.178485],[-144.654899,60.204882],[-144.929327,60.228253],[-144.957848,60.288152],[-145.089139,60.320014],[-145.136728,60.296219],[-145.254749,60.311448],[-145.380064,60.352829],[-145.51081,60.318296],[-145.639204,60.301971],[-145.831202,60.350293],[-145.988546,60.387427],[-146.088134,60.364987],[-146.197229,60.348294],[-146.232681,60.338851],[-146.393256,60.327476],[-146.490804,60.294939],[-146.607692,60.241182],[-146.650852,60.242982],[-146.694034,60.279608],[-146.916487,60.290973],[-146.993353,60.24008],[-147.145205,60.171321],[-147.257795,60.107883],[-147.376397,60.016192],[-147.339794,59.962102],[-147.452217,59.954011],[-147.470281,59.906732],[-147.391846,59.87776],[-147.508309,59.841957],[-147.646045,59.817828],[-147.765122,59.795954],[-147.876475,59.763893],[-147.92924,59.783875],[-147.913316,59.837181],[-147.855084,59.871915],[-147.956775,59.9594],[-148.101239,59.952794],[-148.25406,59.932357],[-148.220554,59.97635],[-148.313962,60.033859],[-148.401666,59.977836],[-148.478881,59.935806],[-148.634777,59.915747],[-148.649529585787008,59.923553180099901],[-148.689496,59.944701],[-148.801325,59.952794],[-148.859556,59.924398],[-148.936406,59.953429],[-149.036467,59.942137],[-149.123262,59.968559],[-149.221067,59.938748],[-149.270623,59.872067],[-149.376593,59.835879],[-149.472227,59.903693],[-149.572714,59.852317],[-149.595531,59.79772],[-149.506758,59.770927],[-149.527793,59.706846],[-149.626311,59.73441],[-149.731966,59.706783],[-149.74622,59.637585],[-149.842672,59.7013],[-149.919444,59.691836],[-150.002337,59.630563],[-150.133747,59.556786],[-150.280838,59.466833],[-150.297108,59.424747],[-150.358992,59.399684],[-150.385341,59.341963],[-150.430144,59.343357],[-150.477717,59.422111],[-150.4989,59.456298],[-150.581182,59.445233],[-150.609488,59.386314],[-150.680872,59.305412],[-150.721799,59.292087],[-150.822768,59.330763],[-150.912817,59.305214],[-150.887821,59.26792],[-150.942212,59.233136],[-151.001196,59.224149],[-151.126247,59.209923],[-151.287771,59.219417],[-151.341601,59.222231],[-151.470623,59.242621],[-151.43339,59.135517],[-151.662368,59.089735],[-151.858124,59.144234],[-151.915684,59.227522],[-151.984101,59.278696],[-151.96313,59.344958],[-151.886513,59.421033],[-151.742915,59.468286],[-151.516339,59.52352],[-151.327803,59.573047],[-151.205459,59.630284],[-151.296895,59.696861],[-151.448669,59.648171],[-151.643061,59.646966],[-151.746815,59.686234],[-151.869468,59.769159],[-151.813619,59.844297],[-151.757693,59.917637],[-151.71801,60.009473],[-151.606881,60.099558],[-151.421702,60.212931],[-151.381959,60.296951],[-151.366874,60.372655],[-151.30609,60.387257],[-151.28181,60.496034],[-151.303125,60.561326],[-151.350154,60.63466],[-151.410273,60.711023],[-151.370515,60.733572],[-151.261319,60.769801],[-151.062558,60.787429],[-150.895508,60.853166],[-150.705812,60.937792],[-150.501923,61.007957],[-150.401859,61.036227],[-150.341709,61.024201],[-150.194128,60.90134],[-150.109276,60.890357],[-149.985374,60.879033],[-149.900135,60.940043],[-149.853693,60.967395],[-149.748463763198998,61.001237677068403],[-149.717167,61.011303],[-149.831922,61.076197],[-150.005041,61.138556],[-150.065646,61.151079],[-150.265894,61.127365],[-150.228774,61.162581],[-150.221244434269011,61.193155514249199],[-150.204894,61.259548],[-150.425,61.245552],[-150.535997,61.269724],[-150.679902,61.265888],[-150.827295,61.22839],[-150.939251,61.210299],[-150.974011916342988,61.1944672986995],[-151.047736,61.16089],[-151.121692,61.083574],[-151.166606,61.046404],[-151.252384,61.039968],[-151.349004,61.010004],[-151.4803,61.010902],[-151.600126,60.965589],[-151.720815,60.904257],[-151.800264,60.853672],[-151.77731,60.810461],[-151.703802,60.732376],[-151.716379,60.710415],[-151.89792,60.72175],[-152.039381,60.660517],[-152.13616,60.578475],[-152.261497,60.538237],[-152.331365,60.473525],[-152.30195,60.414328],[-152.234199,60.393888],[-152.376743,60.345613],[-152.411281,60.287864],[-152.539843,60.241644],[-152.574938,60.206451],[-152.57873,60.16987],[-152.550177,60.113715],[-152.575153,60.04826],[-152.679402,59.968054],[-152.700822,59.920309],[-152.860867,59.875033],[-152.967267,59.881494],[-153.009084,59.830643],[-153.016353,59.751127],[-153.051559,59.691562],[-153.155019,59.654344],[-153.240018,59.632426],[-153.308837,59.625706],[-153.409422,59.636328],[-153.542466,59.630236],[-153.553163,59.597046],[-153.577828,59.555991],[-153.684925,59.552865],[-153.76148,59.543411],[-153.699025,59.463603],[-153.747201,59.429657],[-153.862199,59.424124],[-153.925307,59.405254],[-153.998506,59.384723],[-154.030807,59.32704],[-154.122681,59.287622],[-154.141192,59.216598],[-154.172944,59.172496],[-154.180691,59.123235],[-154.063489,59.07214],[-153.932824,59.062677],[-153.793972,59.071416],[-153.695664,59.073994],[-153.596489,59.000192],[-153.479939,58.995286],[-153.393101,58.951097],[-153.322843,58.907849],[-153.267407,58.867218],[-153.294436234905987,58.855036],[-153.369389,58.821255],[-153.402472,58.742607],[-153.445002,58.70931],[-153.55265,58.687176],[-153.591635,58.640084],[-153.731019,58.608224],[-153.851432,58.611872],[-153.909994,58.561213],[-153.930473,58.497482],[-154.001918,58.492346],[-154.07066,58.440018],[-153.985416,58.390877],[-154.074145,58.352661],[-154.103412,58.280161],[-154.145277,58.210931],[-154.222465,58.132566],[-154.340449,58.090921],[-154.477979,58.052379],[-154.581547,58.019285],[-154.765287,58.00371],[-154.876559,58.027722],[-155.026275,57.999302],[-155.118648,57.953925],[-155.061806,57.90433],[-155.097095,57.865356],[-155.272917,57.823981],[-155.285339,57.758726],[-155.354011,57.715261],[-155.506533,57.76097],[-155.609353,57.777699],[-155.615203,57.688074],[-155.629912,57.656376],[-155.724167,57.633445],[-155.732779,57.549732],[-155.915261,57.535331],[-156.046804,57.525724],[-156.012841,57.451394],[-156.091668,57.439829],[-156.220105,57.445295],[-156.362039,57.400474],[-156.336427,57.336081],[-156.342943,57.248056],[-156.334404,57.1823],[-156.342103143092999,57.177850410525103],[-156.44301,57.119533],[-156.479111,57.068395],[-156.55052,56.98461],[-156.63784,56.993905],[-156.704216,56.987079],[-156.825982,56.897667],[-156.935629,56.920087],[-157.034624,56.884487],[-157.073453,56.838345],[-157.183636,56.769079],[-157.290511,56.804713],[-157.411488,56.778351],[-157.530765,56.753775],[-157.563802,56.703426],[-157.45216,56.64322],[-157.496523,56.616897],[-157.605231,56.621315],[-157.674587,56.609507],[-157.719048,56.653084],[-157.791844,56.670692],[-157.918541,56.643137],[-157.869897,56.566837],[-157.817826,56.51421],[-157.869124,56.456612],[-157.971711,56.476737],[-158.12744,56.460805],[-158.246144,56.466124],[-158.284699,56.481089],[-158.371953,56.467334],[-158.438414,56.427471],[-158.489546,56.341865],[-158.415095,56.336228],[-158.288369,56.316089],[-158.207387,56.294354],[-158.117797,56.230742],[-158.283191,56.173212],[-158.374324,56.134522],[-158.394922,56.064721],[-158.431471,55.994452],[-158.50984,55.979617],[-158.638211,55.994743],[-158.653214,55.958615],[-158.74856,55.959365],[-158.898116,55.951041],[-159.096187,55.91475],[-159.086217,55.834869],[-159.394595,55.714944],[-159.532754,55.676424],[-159.561438320694009,55.640913756658101],[-159.572125,55.627684],[-159.696713,55.573306],[-159.733899,55.569985],[-159.760365,55.615203],[-159.679201,55.655895],[-159.673191,55.750961],[-159.627482,55.803248],[-159.679792,55.838765],[-159.770298,55.852357],[-159.847359,55.80253],[-159.937089,55.803306],[-160.026282,55.792295],[-160.058443,55.721734],[-160.130445,55.681419],[-160.279827,55.641384],[-160.392587,55.602771],[-160.464301,55.533243],[-160.462745,55.506654],[-160.521335,55.47442],[-160.654117,55.512596],[-160.666917,55.459776],[-160.781401,55.45178],[-160.836725,55.473135],[-160.976551,55.472736],[-161.080549,55.408498],[-161.253977,55.355896],[-161.486114,55.359322],[-161.514211,55.385254],[-161.478303,55.4406],[-161.469271,55.49683],[-161.376102,55.569794],[-161.392613,55.628221],[-161.482064,55.633979],[-161.587047,55.62006],[-161.658262,55.560447],[-161.700069,55.51439],[-161.686495,55.408041],[-161.777414,55.329377],[-161.863339,55.266989],[-161.817232,55.176529],[-161.718614,55.154166],[-161.576643,55.103831],[-161.550357,55.065734],[-161.690346,55.0785],[-161.792297,55.052278],[-161.906434,55.10032],[-161.956595,55.112174],[-162.053281,55.074212],[-162.11874,55.102911],[-162.190348,55.066981],[-162.219326,55.028975],[-162.235675,54.962601],[-162.236806,54.88163],[-162.282944,54.841216],[-162.349315,54.836049],[-162.428237,54.895434],[-162.435473,54.929249],[-162.41351,55.03656],[-162.471364,55.051932],[-162.569291,55.004599],[-162.587967,54.97201],[-162.708453,54.95848],[-162.834245,54.926851],[-162.913684,54.950273],[-162.962205,54.993538],[-163.065602,54.926172],[-163.14958,54.885906],[-163.254588,54.838907],[-163.352997,54.810174],[-163.281379,54.77673],[-163.184295,54.774912],[-163.068952,54.712605],[-163.037788,54.646995],[-163.223179,54.676895],[-163.392198,54.658496],[-163.572383,54.623211],[-163.80359,54.636498],[-164.03827,54.624688],[-164.257585,54.572722],[-164.337538,54.524259],[-164.352704,54.465023],[-164.456554,54.419856],[-164.640457,54.391166],[-164.743977,54.394216],[-164.861475,54.431353],[-164.904077,54.499195],[-164.944636,54.532903],[-164.948789,54.579877],[-164.864333,54.620188],[-164.741815,54.645441],[-164.674836,54.702596],[-164.576896,54.824564],[-164.57626,54.895342],[-164.43528,54.933126],[-164.343534,54.894139],[-164.204897,54.93124],[-164.119196,54.969416],[-163.994179,54.983315],[-163.894695,55.039115],[-163.774093,55.05578],[-163.527109,55.040871],[-163.429548,54.954759],[-163.343768,54.974439],[-163.280771,55.032959],[-163.314652,55.126312],[-163.132007,55.179629],[-163.032256,55.172147],[-162.86152,55.198339],[-162.900027,55.252466],[-162.813255,55.299458],[-162.64165,55.392576],[-162.565411,55.466849],[-162.365467,55.604586],[-162.219551,55.710867],[-162.120886,55.749089],[-162.05063,55.790897],[-161.898956,55.833464],[-161.807833,55.891954],[-161.712283,55.904232],[-161.450442,55.954485],[-161.15687,56.012216],[-160.964744,56.023754],[-160.807119,56.02398],[-160.811041,55.94723],[-160.793215,55.88596],[-160.564014,55.863719],[-160.508433,55.869379],[-160.457194,55.917233],[-160.533685,55.95995],[-160.589569,55.983048],[-160.488708,56.077214],[-160.405869,56.207938],[-160.385922,56.279706],[-160.222878,56.346868],[-160.146252,56.400176],[-159.985615,56.449743],[-159.828049,56.543935],[-159.534961,56.626529],[-159.219956,56.73953],[-158.972735,56.842138],[-158.893547986565011,56.809308548377203],[-158.853294,56.79262],[-158.744534,56.795112],[-158.656355,56.810012],[-158.646812,56.846992],[-158.686184,56.911555],[-158.679293,56.988625],[-158.531328,57.132156],[-158.32018,57.281558],[-158.229883,57.321534],[-158.083785,57.357181],[-157.931624,57.476208],[-157.772496,57.547055],[-157.678891,57.563888],[-157.684282,57.609974],[-157.709179,57.657459],[-157.683349,57.753695],[-157.642226,57.868777],[-157.596601,58.08867],[-157.556556,58.148445],[-157.48013,58.217354],[-157.547209,58.277535],[-157.541041,58.377302],[-157.481487,58.480771],[-157.313572,58.565043],[-157.235465257437994,58.6159085624056],[-157.135927,58.680731],[-157.06223,58.740187],[-156.993548,58.836798],[-157.016088,58.86349],[-157.095372270939009,58.866670717094998],[-157.116866,58.867533],[-157.19629214009899,58.849359541662103],[-157.388651,58.805346],[-157.572524,58.750839],[-157.777937,58.703288],[-158.140307,58.61502],[-158.232276,58.619902],[-158.332093,58.665313],[-158.376873,58.748043],[-158.423828,58.769847],[-158.564833,58.802715],[-158.520327,58.857105],[-158.619684,58.911048],[-158.767748,58.864264],[-158.790378,58.804712],[-158.780136,58.75379],[-158.861207,58.69558],[-158.827852,58.626432],[-158.704052,58.482759],[-158.795316,58.408032],[-158.880927,58.39067],[-159.063346,58.423139],[-159.228398,58.603047],[-159.409779,58.773611],[-159.532347,58.833609],[-159.643549,58.845063],[-159.601899,58.884671],[-159.61612,58.931601],[-159.712114,58.929468],[-159.748183,58.875827],[-159.792923,58.823971],[-159.908386,58.779903],[-159.979344,58.835535],[-160.150528,58.866062],[-160.232788,58.901127],[-160.322922,58.953953],[-160.256592,58.99448],[-160.31778,59.070477],[-160.516426,59.01124],[-160.730971,58.921186],[-160.823489,58.829136],[-160.872003,58.878472],[-161.001101,58.849693],[-161.03144100529201,58.8398079512056],[-161.073748442441001,58.826023804612703],[-161.221942,58.777741],[-161.337982,58.742912],[-161.339580659244007,58.739338625003001],[-161.372314,58.666172],[-161.550537,58.61116],[-161.751999,58.551842],[-161.802156,58.612318],[-162.027363,58.60705],[-162.171722,58.648441],[-161.994644,58.688828],[-161.824107,58.734549],[-161.764791,58.846235],[-161.804034,58.991717],[-161.910267,59.093503],[-161.996859,59.174126],[-162.048584,59.254177],[-161.992903,59.338385],[-161.848988,59.432494],[-161.790375,59.468197],[-161.70253,59.490906],[-161.772979,59.566243],[-161.873944,59.649487],[-161.88552,59.69839],[-162.046547,59.849688],[-162.108772,59.920107],[-162.143049,59.967506],[-162.228371,60.056313],[-162.37224,60.167009],[-162.45128,60.174367],[-162.49418,60.130271],[-162.495608,60.078949],[-162.487649,60.028082],[-162.515276,59.976183],[-162.622569,59.971809],[-162.737447,59.972254],[-162.808513,59.933933],[-162.929135,59.908054],[-163.172633,59.845058],[-163.458092,59.809958],[-163.772229,59.795624],[-163.930798,59.803853],[-164.133393,59.845612],[-164.208475,59.934461],[-164.178705,59.96181],[-164.13181,59.991177],[-164.272808,60.046194],[-164.411016,60.097675],[-164.517647,60.199493],[-164.619501,60.234938],[-164.698889,60.296298],[-164.777233,60.293833],[-164.984527,60.349929],[-165.129403,60.433707],[-165.069693,60.460893],[-165.015155,60.471414],[-164.956788,60.527837],[-164.986952,60.542406],[-165.093939,60.531862],[-165.190449,60.498001],[-165.274867,60.499021],[-165.362975,60.506866],[-165.420349,60.550692],[-165.367676,60.581158],[-165.206433,60.610227],[-165.073091,60.684217],[-164.991665,60.69884],[-165.010452,60.744789],[-165.040843,60.77266],[-165.030183,60.83805],[-165.08509,60.913763],[-165.108494992778986,60.926575398622902],[-165.194945,60.9739],[-165.133937,61.01125],[-165.057842,61.059746],[-165.139403,61.092946],[-165.203757,61.150341],[-165.325552,61.169306],[-165.385437,61.079574],[-165.459236,61.083424],[-165.55514,61.092674],[-165.640289,61.138066],[-165.63288,61.227965],[-165.623317,61.278431],[-165.787442,61.310063],[-165.831365,61.306719],[-165.921194,61.40308],[-165.877104,61.431149],[-165.791085,61.449852],[-165.746352,61.489304],[-165.865668,61.535046],[-165.912496,61.5562],[-165.999535,61.53972],[-166.075398,61.49298],[-166.149577,61.513288],[-166.211787,61.608373],[-166.143757,61.724352],[-166.050997,61.766689],[-166.094312,61.813859],[-165.940864,61.84908],[-165.803979,61.825685],[-165.639516,61.847006],[-165.650103,61.874153],[-165.743528,61.962533],[-165.754295,62.055955],[-165.672037,62.13989],[-165.458499,62.282847],[-165.26927,62.427352],[-165.096155,62.522452],[-165.052202,62.598217],[-164.962432,62.658246],[-164.837703,62.685267],[-164.864367,62.752042],[-164.87564,62.806254],[-164.813007,62.903919],[-164.685213,63.022191],[-164.607425,63.112899],[-164.442368,63.202672],[-164.209475,63.251472],[-164.066991,63.262276],[-163.885059,63.222308],[-163.73265,63.213257],[-163.616272,63.141213],[-163.529938,63.1354],[-163.316203,63.037763],[-163.053996,63.058334],[-162.919727,63.120153],[-162.844559,63.154191],[-162.821122,63.205596],[-162.72408,63.214615],[-162.602860986156998,63.277182503469],[-162.526588,63.316551],[-162.42153,63.409014],[-162.352274,63.454069],[-162.562007,63.537105],[-162.707559,63.577607],[-162.587527,63.625115],[-162.401203,63.634367],[-162.252411,63.541753],[-162.073156,63.513768],[-161.982168,63.446313],[-161.676526,63.465003],[-161.421085,63.46015],[-161.191163,63.490072],[-161.073573,63.5617],[-160.783304,63.752893],[-160.76562,63.828714],[-160.900464,63.99834],[-160.941096,64.066319],[-160.962007,64.220575],[-161.177712,64.343541],[-161.263519,64.398166],[-161.504903,64.423074],[-161.469046,64.506575],[-161.389879,64.547833],[-161.198029,64.496626],[-160.992894,64.541295],[-160.793356,64.619317],[-160.783398,64.71716],[-160.935974,64.82237],[-161.079718,64.869549],[-161.133062,64.898219],[-161.213756,64.883324],[-161.327848,64.829836],[-161.376985,64.773036],[-161.518211,64.75325],[-161.64552,64.776452],[-161.772978,64.749258],[-161.878363,64.709476],[-162.060291,64.692872],[-162.188146,64.672395],[-162.234477,64.619336],[-162.539996,64.530931],[-162.603236,64.479904],[-162.632242,64.385734],[-162.768424,64.333516],[-162.83654,64.436702],[-162.857562,64.49978],[-162.940776,64.542417],[-163.033231,64.519314],[-163.027158,64.477945],[-163.091486,64.437736],[-163.133172,64.381844],[-163.249092,64.456223],[-163.4129,64.524986],[-163.686337,64.568798],[-163.829739,64.574965],[-163.974352,64.55137],[-164.147059,64.564552],[-164.307273,64.561488],[-164.548298,64.516738],[-164.807747,64.449432],[-165.001961,64.433917],[-165.291644,64.480731],[-165.819595,64.540171],[-166.236939,64.583558],[-166.413926,64.651229],[-166.482682,64.755101],[-166.478978,64.797036],[-166.407315,64.852281],[-166.432246,64.88316],[-166.586066,64.955712],[-166.697808,64.991201],[-166.73725,65.027526],[-166.911922,65.125965],[-166.886677,65.138763],[-166.634449,65.125873],[-166.479913,65.167249],[-166.451711,65.236178],[-166.347189,65.276341],[-166.439404,65.319058],[-166.596964,65.336246],[-166.750702,65.333172],[-166.899681,65.360642],[-167.067707,65.385117],[-167.348739,65.397891],[-167.474024,65.412744],[-167.684378,65.489079],[-167.851234,65.538181],[-168.04762,65.569149],[-168.12893,65.655744]]],[[[-169.28652,52.784747],[-169.044466,52.893927],[-168.95946,52.936739],[-168.861061,53.016384],[-168.785236,53.045038],[-168.804901,53.120015],[-168.763331,53.182812],[-168.581891,53.286521],[-168.445083,53.26533],[-168.420521,53.322743],[-168.395355,53.397776],[-168.342127,53.475992],[-168.238321,53.521902],[-168.027006,53.562755],[-167.914669,53.522716],[-167.789164,53.519329],[-167.808117,53.473861],[-167.856837,53.428609],[-167.842328,53.386489],[-167.959096,53.341788],[-168.092011,53.28827],[-168.296229,53.227235],[-168.343075,53.170553],[-168.412522,53.110683],[-168.457103,53.055839],[-168.613964,53.008776],[-168.688468,52.9664],[-168.755531,52.907507],[-168.851017,52.90804],[-169.005038,52.829992],[-169.170371,52.776663],[-169.261765,52.754897],[-169.28652,52.784747]]],[[[-169.81831,56.633612],[-169.613691,56.622761],[-169.474322,56.625183],[-169.453786,56.583786],[-169.582624,56.536939],[-169.685825,56.539717],[-169.81831,56.633612]]],[[[-170.170683,52.784918],[-170.092221,52.919387],[-170.026342,52.944912],[-169.857567,52.908533],[-169.76274,52.97805],[-169.820198,53.06679],[-169.747457,53.0932],[-169.680033,53.035075],[-169.662385,52.951752],[-169.666512,52.864349],[-169.703873,52.777117],[-169.818548,52.791577],[-169.951498,52.788615],[-170.077734,52.720416],[-170.207887,52.708899],[-170.170683,52.784918]]],[[[-170.420047,57.212917],[-170.303091,57.238029],[-170.143996,57.242804],[-170.133884,57.181329],[-170.286318,57.128169],[-170.421867,57.161202],[-170.420047,57.212917]]],[[[-170.817943,52.636275],[-170.671545,52.698082],[-170.532144,52.679971],[-170.58496,52.587186],[-170.685914,52.581228],[-170.788495,52.54024],[-170.841936,52.558171],[-170.817943,52.636275]]],[[[-171.312658,52.493502],[-171.256768,52.52858],[-171.196013,52.500106],[-171.226729,52.434269],[-171.30417,52.449952],[-171.312658,52.493502]]],[[[-171.83683,63.564883],[-171.791881,63.620625],[-171.802824,63.716391],[-171.743398,63.782971],[-171.613182,63.785065],[-171.58305,63.715557],[-171.552856,63.666251],[-171.309333,63.621085],[-170.950817,63.570127],[-170.859032,63.587503],[-170.606282,63.672732],[-170.488192,63.696723],[-170.344855,63.694225],[-170.26748,63.675816],[-170.176413,63.625489],[-170.095833,63.612701],[-170.048963,63.537958],[-170.007943,63.475428],[-169.857078,63.441975],[-169.656474,63.429929],[-169.566562,63.388725],[-169.462733,63.360458],[-169.087914,63.340937],[-168.937385,63.333789],[-168.685145,63.296427],[-168.751537,63.217962],[-168.841654,63.153844],[-168.93915,63.137653],[-169.07503,63.177689],[-169.230523,63.172948],[-169.436748,63.113579],[-169.534984,63.074355],[-169.576965,63.027025],[-169.568016,62.976879],[-169.638309,62.937527],[-169.757249,62.960087],[-169.788466,63.043015],[-169.88123,63.105848],[-170.049622,63.163377],[-170.186485,63.181618],[-170.263032,63.179147],[-170.30363,63.238692],[-170.430656,63.314284],[-170.663536,63.376109],[-170.896167,63.417745],[-171.067663,63.424579],[-171.226326,63.395108],[-171.285411,63.366464],[-171.433319,63.307578],[-171.528084,63.324933],[-171.667115,63.356166],[-171.760112,63.381633],[-171.849984,63.485039],[-171.83683,63.564883]]],[[[-172.612277770351369,52.306835874077215],[-172.545119808814064,52.357870841116558],[-172.448182,52.391439],[-172.326444,52.366472],[-172.301445,52.329951],[-172.414419,52.27674],[-172.528095,52.254336],[-172.639995751040516,52.244772915890664],[-172.612277770351369,52.306835874077215]]],[[[-173.074642,60.704657],[-172.912636,60.604129],[-172.847344,60.516742],[-172.545912,60.412225],[-172.380946,60.382764],[-172.238862,60.336642],[-172.254263,60.297375],[-172.416534,60.314347],[-172.630272,60.334922],[-172.895998,60.450587],[-173.0638,60.502589],[-173.115569,60.658971],[-173.074642,60.704657]]],[[[-175.301558388334854,52.055609976818381],[-175.031215527482232,52.092116957323796],[-174.887244602648394,52.128609935332932],[-174.715207689905498,52.127382940037926],[-174.55467277342467,52.160412921017929],[-174.462964823320391,52.213038886962252],[-174.455981833278202,52.313697817815338],[-174.329820901460238,52.373555779649266],[-174.185349978112527,52.417795752768335],[-174.068251035989903,52.390338774658822],[-173.985206073289959,52.31760782689188],[-174.046997036268465,52.236269881293552],[-174.022641041641123,52.13372095250471],[-173.899969104263818,52.139956951409502],[-173.654407229178645,52.146199953706514],[-173.529926293230062,52.159371948084818],[-173.375232367763175,52.108235987633421],[-173.174406470780269,52.126285981040567],[-172.94781458391148,52.10737900082249],[-172.980225564070167,52.064057029631371],[-173.169560466839755,52.043858037873612],[-173.393973352315868,52.028682041816715],[-173.513050291902488,52.025318040772909],[-173.695319201929806,52.055327015109825],[-173.820695137664217,52.043320019997232],[-173.901078097426762,52.049443013658582],[-174.099838998361975,52.072085992939975],[-174.278281909118363,52.089496976487951],[-174.382663855718846,52.081665979324882],[-174.408695838162231,52.012819026070652],[-174.556280764951026,52.03674100610089],[-174.736594671875167,52.007316022189144],[-174.892308593758145,52.019695010190453],[-175.01480953099346,52.007008016257451],[-175.155675459895861,52.011520010168255],[-175.323324374745056,52.007496009497913],[-175.301558388334854,52.055609976818381]]],[[[-176.950129538690675,51.686727203189925],[-176.917089559135405,51.797024127732321],[-176.781890628713938,51.832381105231036],[-176.762479639817371,51.867886081062949],[-176.810434617678311,51.927097039638575],[-176.774024637537877,51.965903013423684],[-176.698772675640981,51.964462015474453],[-176.579976737369066,52.003245990490541],[-176.549120751165077,51.955569023774807],[-176.554662746579993,51.909842055172305],[-176.576382732983319,51.842283101352557],[-176.431674806895955,51.861177090525985],[-176.311574868096244,51.872471084628494],[-176.173872938166312,51.882457079982757],[-176.168644943639947,51.948033034932287],[-176.183024938550204,51.998911999668138],[-176.211189927093528,52.0647139538967],[-176.149511960733662,52.117577918506363],[-176.05598500792081,52.109476925659621],[-176.007591030555204,52.066235956266759],[-175.887516088208514,51.995150007309022],[-175.807850128329534,51.989673012505314],[-175.664276201290079,51.99387001225486],[-175.450472310589532,52.012750003353077],[-175.424861321478431,51.972340031670932],[-175.639741210758302,51.933653054161503],[-175.789120134478878,51.91933106126146],[-175.963043043151885,51.846261108458975],[-175.99846602324925,51.8015501386107],[-176.158186941213529,51.768909158375081],[-176.289922873617058,51.741686174966006],[-176.467051783690863,51.726676182536188],[-176.543949743839647,51.698727200608943],[-176.656006685862394,51.658314226772184],[-176.715425654560448,51.620430251983784],[-176.809001607324348,51.61624325356366],[-176.938918541092903,51.590990269189511],[-176.987384517244919,51.606880257629676],[-176.950129538690675,51.686727203189925]]],[[[-177.670120177149386,51.743389155881147],[-177.492125267777965,51.770314139201972],[-177.313150358426697,51.778231135752215],[-177.228178402146455,51.803791119158106],[-177.199540419968685,51.910247046219091],[-177.181272430270297,51.943175023768219],[-177.099267471615292,51.936127029631734],[-177.045091497827173,51.898613056143184],[-177.098662468448765,51.829655102936869],[-177.10518946158021,51.719341178771515],[-177.189941418132349,51.697225192949681],[-177.275122374671469,51.680518203431816],[-177.348011338398209,51.69652119157977],[-177.483960269434988,51.68228619986516],[-177.651387184263029,51.653612217844604],[-177.707803157096265,51.703276183110901],[-177.670120177149386,51.743389155881147]]],[[[-178.197090914278476,51.905472039615333],[-178.090632968545009,51.919407030870694],[-177.952095038697308,51.915356034841501],[-177.887424069952459,51.850898079802867],[-177.757430135660712,51.847050083670609],[-177.615312207805545,51.855088079552409],[-177.649279189208954,51.801859115848217],[-177.755023135013516,51.772842134775509],[-177.827525096903884,51.712094175894656],[-177.867961075721041,51.679382198030396],[-177.909186053013201,51.596679254555553],[-178.045660985029315,51.630070230399895],[-178.117864949648038,51.677839196937811],[-178.054798982039273,51.704776178920028],[-177.981631019207072,51.715625172077175],[-177.995273013795696,51.781543126591117],[-178.086074968462128,51.808055107575989],[-178.22412989976047,51.864889067351498],[-178.197090914278476,51.905472039615333]]],[[[-178.889347559132688,51.570360265930255],[-178.678149666252011,51.626018228740492],[-178.551475729832447,51.610183240388388],[-178.584789712326142,51.563868272045902],[-178.734585636640816,51.542334285997661],[-178.825956590739565,51.547093282246244],[-178.889347559132688,51.570360265930255]]],[[[-178.876843568771932,51.837925081843508],[-178.77965761816688,51.851555072948969],[-178.733355640658061,51.783955119737819],[-178.792409610282675,51.746079145495969],[-178.895958558367454,51.779227122163483],[-178.876843568771932,51.837925081843508]]],[[[-179.174265,51.279057],[-178.995591503930939,51.41449237264807],[-178.926874538041659,51.383648394160112],[-178.908883546548168,51.34059042384385],[-179.07232,51.250963],[-179.126856,51.219862],[-179.174265,51.279057]]]]}},
{"type":"Feature","properties":{"STUSPS":"DE","NAME":"Delaware"},"geometry":{"type":"Polygon","coordinates":[[[-75.773784285893868,39.722201428004809],[-75.753226337990441,39.757990401111762],[-75.717057346538297,39.792326401682061],[-75.662844398659558,39.821426295122919],[-75.594315021444288,39.834596022211365],[-75.592560763266832,39.834933155820409],[-75.579645881217857,39.837415140118829],[-75.570431153311361,39.839186028424351],[-75.481205226986773,39.82919206942335],[-75.415060245977926,39.801920321206346],[-75.459437150696218,39.765814221309732],[-75.477638052646199,39.715014315610141],[-75.509739953832977,39.686114378436081],[-75.535141921030274,39.647213653499151],[-75.559443934659271,39.629813867117328],[-75.54396289007407,39.59600196124341],[-75.512729806688142,39.578001833677966],[-75.527673794176351,39.535280137652165],[-75.528085755435498,39.498116306378272],[-75.59306594433194,39.479188920405889],[-75.571827783522494,39.438899703371774],[-75.521679607772796,39.387873324823467],[-75.505640432857504,39.370396454083149],[-75.469321654257186,39.330822303859186],[-75.408373738275529,39.264700413434575],[-75.394787839468194,39.188356408510003],[-75.40747088999143,39.133708399689127],[-75.396275043411848,39.057886383028894],[-75.340888296292491,39.019962317139893],[-75.30665046463335,38.94766257913939],[-75.302550351960903,38.939004438236971],[-75.304076296874427,38.913162515137905],[-75.232026352005178,38.844256855885412],[-75.159019291742624,38.790196219182391],[-75.113328416918847,38.783001359758025],[-75.089470592914608,38.797201357039427],[-75.071801689182209,38.696500836901819],[-75.053967682410743,38.536277578386155],[-75.048932712512652,38.451267673958853],[-75.185448564639884,38.451016239611945],[-75.341280921016519,38.452439973530453],[-75.479276745186425,38.453700559261016],[-75.693715064081147,38.460129423317781],[-75.700376472370223,38.542744518419262],[-75.701772071156384,38.560768459972245],[-75.7075458946738,38.635336585690744],[-75.707549921327725,38.635386940788855],[-75.723098453551728,38.829828398729056],[-75.748151706968059,39.143134105825922],[-75.756432399315145,39.246690040155407],[-75.760438718018534,39.296792021592509],[-75.766892514916833,39.377501208896561],[-75.766902122060927,39.377653802076971],[-75.788594292281118,39.722200414973884],[-75.773784285893868,39.722201428004809]]]}},
{"type":"Feature","properties":{"STUSPS":"NM","NAME":"New Mexico"},"geometry":{"type":"Polygon","coordinates":[[[-109.049197512040664,31.796551080147328],[-109.048296700664892,32.084093722697922],[-109.047612471484854,32.426378452730269],[-109.047116886403913,32.77757146036835],[-109.04711694897496,32.777795460941064],[-109.047237206594758,33.208895661995321],[-109.047237226093756,33.208965661144006],[-109.047298059623103,33.409783550663235],[-109.046608438947018,33.777407157801875],[-109.046425090865796,33.875052328057158],[-109.046180014868128,34.522392907254101],[-109.046136973340154,34.579290962403917],[-109.045850549281198,34.959719048843453],[-109.045850785154457,34.959819565147633],[-109.046355801741143,35.175507963144177],[-109.046795876140862,35.363606288056936],[-109.046295947978138,35.61425065565696],[-109.04602433899116,35.879799064918046],[-109.045871700871444,36.00270047287411],[-109.045729421647991,36.117027415063937],[-109.045431593426443,36.87459030706912],[-109.045222022949105,36.999085167138631],[-108.620307535241182,36.999288467523378],[-108.379301163815029,36.999566373470252],[-108.000621556251787,37.000001884893308],[-107.481735880378466,37.000005156376361],[-107.420911957456156,37.000005567544143],[-106.877291175747118,37.000139275281889],[-106.869795189701648,36.992426268075171],[-106.476232384621326,36.99377406357975],[-106.343137422101663,36.994229834471412],[-106.006313935263336,36.995385541352576],[-105.99746951204898,36.995415893808342],[-105.71846768172216,36.99584509639876],[-105.716469003615387,36.995848168873934],[-105.533920542033101,36.995874148717036],[-105.41930887337719,36.995855050804479],[-105.251295354967127,36.99560385540213],[-105.220504620718842,36.995562079193114],[-105.155042303918165,36.995473263485565],[-105.120799626959553,36.995426804885412],[-104.732031564563059,36.993445386117024],[-104.338833280954518,36.993534521461193],[-104.007850196825345,36.995984064194531],[-103.733247578426997,36.998016324983162],[-103.086103186509717,36.999864207968329],[-103.002202031222865,37.000103725811258],[-103.001967025848046,36.909572129954888],[-103.002520517753481,36.675183912746462],[-103.002190052234312,36.602713741432531],[-103.00243539302376,36.500394498016433],[-103.041925418406436,36.500436450494995],[-103.04082409637077,36.05522925515816],[-103.041356927132824,35.739431767356741],[-103.041554470198776,35.622485328584638],[-103.042619482541582,35.183156092324246],[-103.042712522272794,35.144733799198818],[-103.042740409006328,34.954140648214064],[-103.042771061255138,34.747359315753926],[-103.043074067666595,34.619779879546662],[-103.043947754835884,34.379552356165433],[-103.043851878948828,34.312747165102046],[-103.043837381172267,34.30264528183686],[-103.043516860810215,34.079379712598254],[-103.047346678189967,33.824673383058638],[-103.052610647682584,33.570598007226799],[-103.052611164237987,33.570573783727184],[-103.056495719474299,33.388413258997964],[-103.060103715337263,33.219223834144572],[-103.063469711036007,32.959104898106986],[-103.064889730411423,32.849357421509112],[-103.064829695047393,32.726948776742105],[-103.064761607757077,32.587981472930899],[-103.064696592364854,32.522191525903409],[-103.064422315469201,32.145005609909454],[-103.064422643579249,32.087050735943521],[-103.06442313348262,32.000517924126783],[-103.32650099187336,32.000369814572558],[-103.722882019332459,32.000165567092587],[-103.980214179808939,32.000033092850877],[-104.024521765716145,32.000010263747072],[-104.643526420166992,32.000442831863609],[-104.847740276425668,32.000464323538132],[-104.918357269283561,32.000471793064683],[-105.153994104968405,32.000496549482214],[-105.750527818565146,32.002205187694166],[-105.997971793148338,32.001973910427239],[-106.20069957377568,32.001784192633188],[-106.377173698986965,32.001239165271059],[-106.513986502289939,32.00081662995111],[-106.618486261472327,32.000493935700987],[-106.630114207333477,31.971256976252729],[-106.623445148335676,31.914033064529466],[-106.635880083720082,31.871513119546147],[-106.581344058182594,31.813905251714836],[-106.528242045114823,31.783147354018809],[-106.531731044366083,31.783909349231781],[-106.993544637200756,31.78368793446522],[-107.29679400179802,31.783624583008272],[-107.422247069302884,31.783598375265981],[-108.208394516787521,31.783599042454149],[-108.208572892321527,31.499740316164473],[-108.208574492008822,31.333392658368044],[-108.707660142200709,31.333189194973002],[-108.861031767145448,31.332313561111718],[-109.050048127427388,31.332501237912357],[-109.049197512040664,31.796551080147328]]]}},
{"type":"Feature","properties":{"STUSPS":"AL","NAME":"Alabama"},"geometry":{"type":"Polygon","coordinates":[[[-88.468661686693338,31.89385317399238],[-88.468659202416333,31.933170576310733],[-88.431144366861929,32.227634631964818],[-88.428276984184237,32.250141459941815],[-88.421311293064122,32.308677673035717],[-88.389247952870434,32.578121233980539],[-88.373337359439091,32.711823776405232],[-88.347489781794053,32.929033352714434],[-88.340084601816841,32.991262831249678],[-88.317134694559641,33.184121331974808],[-88.304442590834668,33.288318325815496],[-88.274516547486797,33.534000167772966],[-88.254444611986543,33.698777630159185],[-88.248386942828645,33.744906206524497],[-88.207228756232567,34.058330872476091],[-88.20358340443866,34.086525588743214],[-88.173262414000845,34.321037357410638],[-88.154902776373163,34.463032253083838],[-88.139559884278597,34.581694706934456],[-88.134263380383089,34.622657953809799],[-88.09788831425054,34.892199834746584],[-88.154617353799438,34.92238973932681],[-88.200064314290202,34.99563395700627],[-88.202959310069176,35.008027943315057],[-88.000032488309586,35.005938766348514],[-87.984916532235346,35.005909873632255],[-87.851886490160894,35.005655599294073],[-87.625025385879226,35.003731470704452],[-87.606098237604726,35.003518994795556],[-87.424909277875912,35.001484975691035],[-87.22405392076908,34.999230173005245],[-87.216683279248727,34.999147427072153],[-87.210758859508047,34.999048604931076],[-86.836286712744197,34.992802577945078],[-86.783648430874351,34.99192465689206],[-86.783628448056419,34.991924578915238],[-86.467798009362568,34.990691974949605],[-86.318760772236558,34.991078443996635],[-86.311274006644084,34.991097857952724],[-85.873028627789338,34.98711331087403],[-85.605165015773323,34.984678002210003],[-85.595165559154523,34.924170577054014],[-85.582812827162144,34.86043506643982],[-85.56142442411722,34.750078623435186],[-85.534405870498659,34.623789827963535],[-85.526895486062614,34.588685155114632],[-85.513045002160439,34.523945895178095],[-85.502471740230234,34.474525412486706],[-85.463140966160992,34.286190289416595],[-85.429499230344817,34.125094176919397],[-85.421073468420744,34.080811809015202],[-85.398871537005604,33.964127164961177],[-85.386671329765193,33.901700685645629],[-85.360533187303162,33.767956173964272],[-85.338117622873952,33.653113448742033],[-85.314049420944357,33.529803921272446],[-85.304945267779829,33.482755207685628],[-85.294348274871169,33.427991960100975],[-85.236596616420243,33.129542696451452],[-85.232442217067558,33.108073686361784],[-85.186118269792715,32.870137012744173],[-85.184400854547889,32.861315737951742],[-85.160963782278543,32.826670773108717],[-85.12453386243115,32.751628398992665],[-85.114250574821369,32.730445848312094],[-85.088533350739638,32.657956998330185],[-85.076072571437876,32.608066544005496],[-85.069848121656648,32.583145098690871],[-85.007099847029281,32.523867178985526],[-85.001130635614004,32.510153970836129],[-84.999786541937766,32.507066152127145],[-84.97183108591824,32.442842265387775],[-84.98115072565669,32.379039348121708],[-84.98346652130796,32.363185273236461],[-85.008096706311932,32.336676245991065],[-84.955704742456547,32.305909347246832],[-84.891841684989387,32.263397475680925],[-84.919943106611839,32.230847590834166],[-84.930128074378587,32.219050342193718],[-84.997766660475037,32.185444074923169],[-85.058750911560125,32.136016827868254],[-85.047065269883134,32.087387673869728],[-85.051413559664127,32.062254664971398],[-85.063593329854456,31.991855366068016],[-85.067831671677425,31.967356408257078],[-85.114033307160341,31.893358423130998],[-85.141833116958125,31.839259394434581],[-85.129161249800603,31.780276773389566],[-85.125442453012369,31.762967245276556],[-85.118931721379283,31.732662567830047],[-85.125531498776894,31.6949634932744],[-85.058170080142176,31.620225673504148],[-85.057960827655037,31.570838594187542],[-85.041881720278653,31.544682606708125],[-85.051682007376257,31.519538860437027],[-85.07162139644818,31.468382439512432],[-85.066005369252309,31.43136145759301],[-85.09248719377122,31.36287940228733],[-85.087929154689832,31.321646420252669],[-85.088830096743095,31.30864617655417],[-85.089774110449994,31.295024422064134],[-85.108191972394778,31.258589401151443],[-85.107515884614969,31.186449413293829],[-85.035614985867767,31.10819045722663],[-85.021107505603027,31.075462320417611],[-85.011391906738453,31.053544438212381],[-85.002498776059937,31.000680406185577],[-85.031284743538706,31.000645414826554],[-85.145958614404165,31.000691449316932],[-85.333318234391896,30.999553586727298],[-85.488297032912385,30.997963406898918],[-85.498000298562843,30.997863845507197],[-85.749714268504746,30.995280241318206],[-85.893631562791924,30.99345248313637],[-86.035037744636483,30.993746665075285],[-86.132719896410876,30.993950541594998],[-86.187247043518553,30.994064347999984],[-86.364973057399268,30.994434930434494],[-86.388643787223643,30.994526160743181],[-86.563493332727234,30.995199370557163],[-86.688240075718596,30.996197992634908],[-86.785690929596342,30.996978433901038],[-86.831977892244609,30.997349397542614],[-86.927849766449128,30.997673307145991],[-87.162642673882743,30.999021138242913],[-87.163643982357002,30.999016973343267],[-87.312204728489462,30.998398854198118],[-87.425789825866204,30.998052439346385],[-87.519531854035748,30.997546150659876],[-87.598827656048172,30.997416253087209],[-87.598935709589568,30.997416076080423],[-87.592062755784966,30.951454125692347],[-87.634941767778272,30.86585116392876],[-87.542266925882686,30.767475348860021],[-87.523619950118231,30.73827939229858],[-87.442289961168328,30.692655502368179],[-87.400187993922586,30.657195559072225],[-87.401188069944354,30.604377587954822],[-87.43144911804616,30.550246600290698],[-87.444721147887478,30.507478620020308],[-87.414684139421013,30.457283640590379],[-87.36660019223612,30.436637678028294],[-87.431783031519274,30.403187625848869],[-87.452280902514914,30.344091598561945],[-87.51832265843764,30.280429489643701],[-87.656886314935562,30.24970325141161],[-87.818865519364621,30.228307760518874],[-87.893199873845404,30.239230380380402],[-87.806464440902516,30.279791831342123],[-87.796715450863175,30.324191906605634],[-87.865015716278918,30.383443722928458],[-87.914134803646135,30.446137707929001],[-87.933353789503798,30.487350768860214],[-87.901709710317718,30.550872945097073],[-87.914954681969959,30.58588699923618],[-87.93106860930537,30.652688129643575],[-88.00839452935675,30.684950228248614],[-88.009435755186075,30.684171962482317],[-88.061996762279009,30.644885157091984],[-88.064896872395295,30.588285989591828],[-88.081615999422823,30.546310873360035],[-88.103767150674415,30.500896745799245],[-88.10569839971717,30.401858464677382],[-88.136172702702481,30.320722283436226],[-88.195663903316515,30.321235381487682],[-88.257764144151849,30.318926517532624],[-88.311608294732139,30.368901979306983],[-88.364022482299731,30.388000374757066],[-88.395023744236497,30.369419546628919],[-88.403930841234242,30.543354002259633],[-88.412269052078969,30.73176655778682],[-88.412466466915959,30.735593028289468],[-88.41504651019541,30.785599936102912],[-88.426019511507278,30.998277433247004],[-88.43200584141799,31.114294254633784],[-88.448659790426731,31.421273803185244],[-88.449445913614994,31.435833693305021],[-88.459477668759391,31.62164899844101],[-88.463624699053497,31.69793939197266],[-88.468668203230109,31.790719163520833],[-88.468661686693338,31.89385317399238]]]}},
{"type":"Feature","properties":{"STUSPS":"KS","NAME":"Kansas"},"geometry":{"type":"Polygon","coordinates":[[[-102.051744218550922,40.003077913224161],[-101.832161000105671,40.002933118763167],[-101.542272613566709,40.002609097490392],[-101.411028374684236,40.002582583452131],[-101.324035262995693,40.002565016339098],[-101.293990184461748,40.00255894913213],[-101.060315870481261,40.00230659526607],[-100.758828885457717,40.002300977918388],[-100.738823602529067,40.00226189093047],[-100.477016902276503,40.00175041607266],[-100.19358898541887,40.0015715445833],[-100.17779654679947,40.001564362790823],[-99.813400344434683,40.001398795893657],[-99.628253276092067,40.001770816990749],[-99.625326153876486,40.001776697519588],[-99.501791453392315,40.00202487598353],[-99.179132936477856,40.002107841013213],[-99.085596896613524,40.002131887433592],[-99.067018268552815,40.002142400303924],[-98.726373131353512,40.002334497367436],[-98.61375508528846,40.002398278538912],[-98.504454989235526,40.00237820798425],[-98.274017289301781,40.002336031525282],[-98.076034113268946,40.002299607881035],[-97.931824965522566,40.002234956909511],[-97.821500830986636,40.002185499774448],[-97.777155010471887,40.002165619987153],[-97.415833109671084,40.001999611727996],[-97.369199195338382,40.001937902733474],[-97.009165530367625,40.001461355071257],[-96.916407731300012,40.001452430089167],[-96.873812820754566,40.001448334859084],[-96.805768972444312,40.001366783342718],[-96.469946258519329,40.000964270525579],[-96.463713324321304,40.000956837056336],[-96.2392087566393,40.000689099329577],[-96.239172878253157,40.000689056571233],[-96.154365937135154,40.000493047334018],[-96.024091028244541,40.000717032570513],[-96.010679855521346,40.000702696861573],[-95.788112075982184,40.00046484047401],[-95.784576081693089,40.000461061626211],[-95.339896569581327,40.000027662999806],[-95.308290607337554,39.999996895626794],[-95.231114737859741,39.943782926507879],[-95.14244604559542,39.895418967327942],[-95.081535285917425,39.861717029735537],[-95.018744381766425,39.897371216852783],[-94.993375663632733,39.898564519092908],[-94.951541380680098,39.900532284780098],[-94.928467402808067,39.876343266978218],[-94.878678404159146,39.826521226972744],[-94.877859092636527,39.820699315119427],[-94.87114545145549,39.772993158762198],[-94.860372451598906,39.749529131110613],[-94.899317730728555,39.724041066638179],[-94.971080000736009,39.723145028685494],[-94.971319357319416,39.686408943304293],[-95.037466484330764,39.65290368361115],[-95.044053476070516,39.613666835163095],[-95.047167824360386,39.595115467481975],[-95.076690510895162,39.576762260576807],[-95.113559015809116,39.553938984157611],[-95.091421887300157,39.533255915020213],[-95.049848449430257,39.494413140073256],[-94.982147734578959,39.440550174156002],[-94.96575082807459,39.421679840889347],[-94.94666506430633,39.399715003553645],[-94.888974561379854,39.392430041584809],[-94.90806727752306,39.323660633949409],[-94.857073830070476,39.273822410579754],[-94.825664648723233,39.241726329823635],[-94.799664491385528,39.206015452680575],[-94.79199614531565,39.201257721963245],[-94.741939375492322,39.170200604260913],[-94.680337349823418,39.184300743379332],[-94.62393526308901,39.156600923712865],[-94.60193922827996,39.155501211103221],[-94.591934238867125,39.155001001945521],[-94.607355201417533,39.113441987782458],[-94.607531314647218,39.089782004894879],[-94.607871474393903,39.044083122089312],[-94.608335029548726,38.981804049110458],[-94.608961076143558,38.847209356893103],[-94.609456512905624,38.740698027793783],[-94.609490184060562,38.738099734967697],[-94.612866032846796,38.477599990645068],[-94.612866436968019,38.477568810403746],[-94.612773190881128,38.388716275351527],[-94.612614776108856,38.237763757044974],[-94.613931016922805,38.060050605014098],[-94.614101340902366,38.037054214160221],[-94.614466167651884,37.987796596585731],[-94.61788653164399,37.682211275806353],[-94.617873986887091,37.673107962172622],[-94.617847069661806,37.653575028507596],[-94.617512531879498,37.410905697700862],[-94.617669091729695,37.364166868433202],[-94.617755353916607,37.338414455287925],[-94.618352274882412,37.160207030758649],[-94.61810404658948,37.056792272737582],[-94.617965082365885,36.998900797026671],[-94.712771293423543,36.998789619029615],[-94.995295480999403,36.999524178190818],[-95.007622540334651,36.999517733277635],[-95.073506794898549,36.999483336240928],[-95.322568880782342,36.999353267874042],[-95.407737202346752,36.999336974549308],[-95.522419225449255,36.999315039337112],[-95.573602980348753,36.999305257366601],[-95.786767921089947,36.99926624663761],[-95.928128092400755,36.999240540957423],[-95.964277335173151,36.99921873926445],[-96.0008163167182,36.999196702947565],[-96.217576287033822,36.999066094315801],[-96.500291612421663,36.998639104667816],[-96.525585572569625,36.998674102259336],[-96.749840781801268,36.998984388105455],[-97.100654781345796,36.998994781456403],[-97.147723749365795,36.998969170656757],[-97.384927594228785,36.998840206394632],[-97.462348514405889,36.998821591114982],[-97.768706222726422,36.998747800517776],[-97.802315189297119,36.998696448570151],[-98.045344233550949,36.99832519118501],[-98.111987471125175,36.998246368626511],[-98.347151348468813,36.997968109204692],[-98.354075580830553,36.997959911124077],[-98.544664817079706,36.998523336359604],[-98.791938866570561,36.999253959984969],[-99.000303833216648,36.999357264571721],[-99.129451766502982,36.999421297287157],[-99.407017501664853,36.999578488646293],[-99.456204856604444,36.999699790215544],[-99.541117103794704,36.999909262435899],[-99.657659740081115,37.000196864397786],[-99.995202111325526,37.001631277181524],[-100.002572615196499,37.00161943686733],[-100.089482668846344,37.001479804904918],[-100.552683424376639,37.000733472081798],[-100.633325217781803,37.000171640395173],[-100.855634163064707,36.99862332571653],[-100.945467133276864,36.998244095383541],[-101.066450922009793,36.997733545228606],[-101.211487266951167,36.997121673729332],[-101.485325795140753,36.995609501384436],[-101.555259218232052,36.99528930836177],[-101.902443114986653,36.993701051444717],[-102.028207571387242,36.993144982919453],[-102.042243392731507,36.993082809391119],[-102.041923381218311,37.035082711684531],[-102.04198637968976,37.106550340996215],[-102.041966351462918,37.258162612304496],[-102.041941472840989,37.389188912909304],[-102.041892976316859,37.644277018891763],[-102.041877828714973,37.723874481840333],[-102.041967436313158,37.738540083018492],[-102.04425649205885,38.113010355155787],[-102.044635311778734,38.262411536601611],[-102.044651403167634,38.268749194259868],[-102.044945090808795,38.38441902451342],[-102.045511598945112,38.615164650606175],[-102.045713845030591,38.697565818875738],[-102.046571148343659,39.047038300169639],[-102.047200918003639,39.133147075442736],[-102.048960239343458,39.37371231698458],[-102.049962119191434,39.568179193363456],[-102.049992400990121,39.574056313733706],[-102.051254338877953,39.818992210613764],[-102.051744218550922,40.003077913224161]]]}},
{"type":"Feature","properties":{"STUSPS":"VT","NAME":"Vermont"},"geometry":{"type":"Polygon","coordinates":[[[-73.416317791826188,44.099419760058666],[-73.395398133783431,44.166900853811811],[-73.349888466119751,44.230353850201503],[-73.31661759971557,44.257766784636985],[-73.317455589250173,44.263519977225805],[-73.324228729547414,44.31002081156263],[-73.334636827623314,44.356874852691853],[-73.320953928139076,44.382666806511757],[-73.293613179644339,44.440556699888667],[-73.312871288523851,44.507243715542728],[-73.347983418276485,44.54616044124375],[-73.363660286142078,44.563536025729242],[-73.367275119971239,44.567542559833605],[-73.38996606305804,44.61961740403261],[-73.365560298700416,44.700293632867144],[-73.357671411838822,44.751014190822382],[-73.334430446341855,44.802184324532824],[-73.365678251053367,44.826447831194166],[-73.379822154405105,44.857034156722541],[-73.338979176039544,44.917678355518952],[-73.344740058745202,44.970465813650947],[-73.343123771268594,45.010837772590428],[-73.192573803764517,45.012855548105662],[-73.048385512950986,45.01478812580033],[-72.936439252099206,45.01426538342276],[-72.582370373600369,45.011541747068129],[-72.553779456047806,45.009430149262322],[-72.532502492345941,45.00785873191144],[-72.348582923811421,45.005623877747091],[-72.023292830290202,45.006790659515055],[-71.91500874979036,45.007788647925629],[-71.899314570631887,45.008043767003954],[-71.69189585074254,45.011416354308004],[-71.609837113968041,45.012706399556855],[-71.501084779584957,45.013374408259942],[-71.531606008332403,44.976021543343727],[-71.494403851770031,44.911835616452557],[-71.522393782247661,44.880809587017488],[-71.570402693909131,44.805274565698433],[-71.626909752782169,44.747222569164606],[-71.584574289059134,44.665349505246191],[-71.551721977013401,44.627596468324398],[-71.54492171491377,44.57927641264186],[-71.588075820942805,44.547848386000581],[-71.579973578059352,44.501776336356819],[-71.646550804253408,44.468867279073621],[-71.690919662922184,44.421232183555517],[-71.76319230835901,44.403566416514167],[-71.778612828223729,44.399797113365508],[-71.818837617092512,44.352936978916446],[-71.837838965554397,44.347749209948745],[-71.875862835807553,44.337367904756739],[-71.945163272028552,44.337741834031668],[-72.002314537411692,44.32486880862082],[-72.046302245852715,44.291980914601176],[-72.053990010500712,44.246923983248102],[-72.061337782283573,44.18494892238661],[-72.053859312279357,44.159924427316128],[-72.036882619623114,44.103116851293656],[-72.075485180201042,44.03461175617602],[-72.116704772007992,43.991951679165254],[-72.105873821806782,43.949367723043409],[-72.16977856563615,43.873422760423956],[-72.183331620284562,43.808174837094668],[-72.211481302039502,43.773041604004788],[-72.222067678743045,43.759828911941263],[-72.284803842546964,43.720358015777968],[-72.329521194842584,43.60839119272098],[-72.333595703656997,43.605589540216208],[-72.379439270353174,43.57406726020433],[-72.380893436724122,43.493392337397111],[-72.413376635948111,43.362739376788788],[-72.402531669201636,43.320378373655679],[-72.421582853326484,43.263440409873368],[-72.433626205488153,43.232864038121491],[-72.440562998170975,43.21525247890601],[-72.450396017496118,43.16121207205564],[-72.451802090506661,43.153484566352333],[-72.435190999344357,43.086620608042864],[-72.462248213272289,43.044212712292925],[-72.444977097491218,43.004414718649215],[-72.492597320742135,42.967647020472334],[-72.532186342077722,42.954944133610127],[-72.531469089267631,42.897949440139627],[-72.556112015136875,42.866251595576905],[-72.53959970840711,42.804831929691495],[-72.477614331994758,42.761245137979131],[-72.458518364311487,42.726853082448812],[-72.809113336917733,42.736580736319368],[-72.864292071341552,42.737713610946024],[-72.930106688941734,42.739064850662679],[-73.02301779302411,42.740972413710551],[-73.264956740013105,42.745939721083431],[-73.290943821128593,42.801919709437094],[-73.27867284207818,42.833409701635802],[-73.27849166917818,42.837535490280629],[-73.273832755961266,42.943631422901632],[-73.269780006191567,43.035922593343919],[-73.255364725655639,43.314535557068631],[-73.252831621961619,43.363492044307137],[-73.242041143077444,43.534923778028897],[-73.292112053491039,43.584507700145501],[-73.327700955730705,43.625911629908458],[-73.395766055340829,43.568085918488087],[-73.424975953631943,43.59877386953562],[-73.414544782985644,43.658207666633281],[-73.393721696613042,43.69919850605595],[-73.361105780558049,43.75323174542941],[-73.350705637686517,43.770461220099726],[-73.38252468600173,43.80815713507701],[-73.390300512399278,43.817369127144318],[-73.374049499952008,43.875560924477256],[-73.407740390347996,43.929884782073877],[-73.411246349481203,43.975593635259806],[-73.405975394600517,44.011482574664406],[-73.436878489727178,44.042575663943325],[-73.416317791826188,44.099419760058666]]]}},
{"type":"Feature","properties":{"STUSPS":"NJ","NAME":"New Jersey"},"geometry":{"type":"Polygon","coordinates":[[[-75.559443934659271,39.629813867117328],[-75.535141921030274,39.647213653499151],[-75.509739953832977,39.686114378436081],[-75.477638052646199,39.715014315610141],[-75.459437150696218,39.765814221309732],[-75.415060245977926,39.801920321206346],[-75.410490730009755,39.804673567205612],[-75.341763302133543,39.846083512478828],[-75.29337431495982,39.848783670961041],[-75.257271794994026,39.854936847096667],[-75.221023403382389,39.861114779579523],[-75.211393349690411,39.866411025243892],[-75.183021482782607,39.882014702287393],[-75.140792492428588,39.894103665208746],[-75.133418602682511,39.896214598683038],[-75.134264172321934,39.914928202877654],[-75.135546567621944,39.943309341920475],[-75.135718455281292,39.947113446918713],[-75.119218446295676,39.965413346444279],[-75.060750492775895,39.99173207803728],[-75.059015505417548,39.992513063241496],[-74.989912693165152,40.037311769379919],[-74.973174666068985,40.046333056014731],[-74.932209991478416,40.068411747739283],[-74.863808301448216,40.082210758230183],[-74.825906378600706,40.123910657202728],[-74.769487580310596,40.129145661254675],[-74.723378902819334,40.152896117813235],[-74.721603604765107,40.153810567332705],[-74.748497107071017,40.184909088863094],[-74.760604368928952,40.198909428243276],[-74.82390610529518,40.241508304351747],[-74.856507049758534,40.277407272147201],[-74.903308994108386,40.31560727116301],[-74.928109533983729,40.339828720014957],[-74.94600494276942,40.35730627506166],[-74.969595922354344,40.399770273381478],[-75.024773861684835,40.403455354133676],[-75.056100857960416,40.416066424321436],[-75.070566863722732,40.455165444340913],[-75.062225874364913,40.481391415260191],[-75.078501904086451,40.548296417585995],[-75.136746827759097,40.575731550580599],[-75.186735751390657,40.56940668027972],[-75.188198606727127,40.592614045034182],[-75.189235113219752,40.609057638297649],[-75.191057681243038,40.637971675313501],[-75.192610603461262,40.715874661863332],[-75.177475716980652,40.764225586781563],[-75.108504095801862,40.791094366564245],[-75.090961378276859,40.84918729695881],[-75.065437547818846,40.885682243039504],[-75.097719678817725,40.926679273167473],[-75.123253797643613,40.965305804708358],[-75.133085932556227,40.980179263089958],[-75.070531921891188,41.018620195780997],[-75.015270832513309,41.06121510107107],[-74.992385806870388,41.09302828568341],[-74.98304188806047,41.106017575876137],[-74.979872814972239,41.110423009732742],[-74.905255874427993,41.155667955431888],[-74.879333313838373,41.205047621313412],[-74.867404966948854,41.227769842202889],[-74.815703021675915,41.296150721547932],[-74.760325024048996,41.340324633550175],[-74.694913973837743,41.357422495646496],[-74.457583911782265,41.248224315007654],[-74.367037957145044,41.204211098226452],[-74.301993559077602,41.172593813436059],[-74.234491915904599,41.142891496608222],[-74.234472475367824,41.142882942263839],[-74.211617139694695,41.132981312220096],[-74.041053669606612,41.059087953081864],[-73.893978837147813,40.9971967572775],[-73.907279827079876,40.951497689480334],[-73.920484209056895,40.918573902644361],[-73.934892028603599,40.882649462824801],[-73.938080797128947,40.874698590750221],[-73.945015428661932,40.862216874944025],[-73.953214835128279,40.847458676882546],[-73.964968548689612,40.826303042856729],[-73.965406766987201,40.825514289055839],[-73.968081762604626,40.820699535791434],[-73.97121093739473,40.81631072642147],[-73.984585517663191,40.797552271088229],[-74.013783708847129,40.756600502180468],[-74.019508743857642,40.745308062048949],[-74.029474302975061,40.725651441455874],[-74.047039888917055,40.691004111624899],[-74.047312866701404,40.690465675243111],[-74.067720259232232,40.67038033408857],[-74.07109053931265,40.667063240298802],[-74.086805995206959,40.651595787748512],[-74.160146810814425,40.646076412710897],[-74.170611033013358,40.645288910636154],[-74.200186166584956,40.631840116428819],[-74.2022471089834,40.630902937208596],[-74.203668896527887,40.59320527585777],[-74.203688296887734,40.592690889647606],[-74.216839478812929,40.558617845115577],[-74.249211588481842,40.545063815722045],[-74.260611762737938,40.502435727647871],[-74.261889581381098,40.464705724450184],[-74.224653013255477,40.448662244134233],[-74.206188514157148,40.440706779922607],[-74.157094542241197,40.447570841552412],[-74.108295539402548,40.443787906775299],[-74.047884578639653,40.418908009322394],[-74.019334489822128,40.471243992574465],[-73.99794346077303,40.476668005567419],[-73.976982669029198,40.408508060276304],[-73.971381837849265,40.348010132360869],[-73.981682025781907,40.279411229648808],[-74.007637041547852,40.195606369070354],[-74.030181060621288,40.122814122308654],[-74.0349622964318,40.102584412301731],[-74.064134488080981,39.979157241807947],[-74.076912024385024,39.912734382921975],[-74.077247234457531,39.910991823445329],[-74.090946437852125,39.79997975865286],[-74.09241112475803,39.793868386840636],[-74.101444909012571,39.756175127301454],[-74.190976028456873,39.625120297724699],[-74.291586949786449,39.507707241067997],[-74.300699523852415,39.481808150703252],[-74.304344923789017,39.47144749802343],[-74.366991811908235,39.402020154607953],[-74.41269371287926,39.360819573622962],[-74.521798319721213,39.313820092580521],[-74.540788993943949,39.300029693693048],[-74.581008727940741,39.270823411564663],[-74.646594979715431,39.212006817163946],[-74.67142969218888,39.179807071620914],[-74.714340229341119,39.119809569807344],[-74.705875272793264,39.102942739360856],[-74.778775740847124,39.023079142074117],[-74.807915605580106,38.985953990764905],[-74.864456403839043,38.940415395969758],[-74.93356917610825,38.928523639620501],[-74.967272064774647,38.933417247016322],[-74.955361095544887,39.001266202763325],[-74.903662454368543,39.087441727286176],[-74.885912615717032,39.143631738376499],[-74.905179631343728,39.174949627868862],[-74.915154417199986,39.176702107057494],[-74.998000456911399,39.191257476239848],[-75.048485447894208,39.215226168213043],[-75.090792383560512,39.210805799340072],[-75.136665323281932,39.18188634060796],[-75.166665274308315,39.222580193865276],[-75.212508221662304,39.262757877038247],[-75.244355249388079,39.285702660905535],[-75.285331157877707,39.292214583887834],[-75.326752163947162,39.332475583433485],[-75.355556103915887,39.347825541153561],[-75.399302005404223,39.379492453387996],[-75.417105024582909,39.388913092256566],[-75.442390855723886,39.402293328778242],[-75.465209792829981,39.438932232624666],[-75.536428731559667,39.460561401667668],[-75.528085755435498,39.498116306378272],[-75.527673794176351,39.535280137652165],[-75.512729806688142,39.578001833677966],[-75.54396289007407,39.59600196124341],[-75.559443934659271,39.629813867117328]]]}},
{"type":"Feature","properties":{"STUSPS":"NH","NAME":"New Hampshire"},"geometry":{"type":"Polygon","coordinates":[[[-72.556112015136875,42.866251595576905],[-72.531469089267631,42.897949440139627],[-72.532186342077722,42.954944133610127],[-72.492597320742135,42.967647020472334],[-72.444977097491218,43.004414718649215],[-72.462248213272289,43.044212712292925],[-72.435190999344357,43.086620608042864],[-72.451802090506661,43.153484566352333],[-72.450396017496118,43.16121207205564],[-72.440562998170975,43.21525247890601],[-72.433626205488153,43.232864038121491],[-72.421582853326484,43.263440409873368],[-72.402531669201636,43.320378373655679],[-72.413376635948111,43.362739376788788],[-72.380893436724122,43.493392337397111],[-72.379439270353174,43.57406726020433],[-72.333595703656997,43.605589540216208],[-72.329521194842584,43.60839119272098],[-72.284803842546964,43.720358015777968],[-72.222067678743045,43.759828911941263],[-72.211481302039502,43.773041604004788],[-72.183331620284562,43.808174837094668],[-72.16977856563615,43.873422760423956],[-72.105873821806782,43.949367723043409],[-72.116704772007992,43.991951679165254],[-72.075485180201042,44.03461175617602],[-72.036882619623114,44.103116851293656],[-72.053859312279357,44.159924427316128],[-72.061337782283573,44.18494892238661],[-72.053990010500712,44.246923983248102],[-72.046302245852715,44.291980914601176],[-72.002314537411692,44.32486880862082],[-71.945163272028552,44.337741834031668],[-71.875862835807553,44.337367904756739],[-71.837838965554397,44.347749209948745],[-71.818837617092512,44.352936978916446],[-71.778612828223729,44.399797113365508],[-71.76319230835901,44.403566416514167],[-71.690919662922184,44.421232183555517],[-71.646550804253408,44.468867279073621],[-71.579973578059352,44.501776336356819],[-71.588075820942805,44.547848386000581],[-71.54492171491377,44.57927641264186],[-71.551721977013401,44.627596468324398],[-71.584574289059134,44.665349505246191],[-71.626909752782169,44.747222569164606],[-71.570402693909131,44.805274565698433],[-71.522393782247661,44.880809587017488],[-71.494403851770031,44.911835616452557],[-71.531606008332403,44.976021543343727],[-71.501084779584957,45.013374408259942],[-71.498396417611659,45.069626716465052],[-71.448675582591008,45.10899872599002],[-71.419055634508695,45.170485257256288],[-71.405633498477357,45.198136354597274],[-71.438543425258914,45.239001699356749],[-71.360661398469546,45.269833099083769],[-71.283681448950162,45.301975439314724],[-71.244496421004811,45.268137499394854],[-71.182584275812857,45.241067510580102],[-71.13942713714529,45.242956513732473],[-71.10934605458273,45.28222048234403],[-71.083921027013204,45.305449456564332],[-71.057857755313407,45.000047250788782],[-71.036703736011603,44.736496621796654],[-71.022990305085131,44.500055932817517],[-71.01126859433522,44.301843604324006],[-71.01026979050647,44.284885898839498],[-71.00873466722598,44.25882253600232],[-71.001365311815661,44.09292837617982],[-70.989927083171608,43.839236663408265],[-70.987256119352566,43.792971368247429],[-70.981943973934634,43.700958009933892],[-70.972713744981561,43.57025334942405],[-70.963790376930746,43.540219385069697],[-70.954752650176303,43.509800507652919],[-70.968356770628034,43.429281691570125],[-70.984332878143661,43.37612681103672],[-70.923946984301594,43.324766950669897],[-70.872583072525941,43.270151092203513],[-70.813117116970545,43.21725118154621],[-70.824799157742859,43.179684205550437],[-70.828098208221959,43.129085241768664],[-70.819547498036115,43.123230226611255],[-70.7563952469811,43.079987350827473],[-70.703816324523757,43.05982436176177],[-70.735475339888424,43.012200426864638],[-70.765220363127952,42.975348380469754],[-70.79863442375229,42.924287278941073],[-70.801478588457357,42.916361737698097],[-70.809653012570578,42.893582913829725],[-70.817294484529583,42.872289216761622],[-70.864748485023512,42.870257232119371],[-70.930797466279813,42.884588250322132],[-70.966498482371534,42.868988270867142],[-71.031199585068592,42.859088286182832],[-71.048715099971048,42.831063688148191],[-71.064199786657881,42.806288425837238],[-71.116373976649612,42.811902363908445],[-71.149702073963525,42.815488457335569],[-71.186103292653598,42.790688624370418],[-71.181802468013984,42.737589838423659],[-71.245383779994725,42.736555303654193],[-71.255109864224991,42.736397006205785],[-71.255604740006163,42.736388949815058],[-71.294204704317607,42.696989710519716],[-71.351873444996926,42.6981534078745],[-71.636213568288994,42.704887123678539],[-71.745817199907265,42.70728654715721],[-71.898768925267774,42.711466044823716],[-71.92903020328167,42.712292947042592],[-72.11105710895535,42.717267111128052],[-72.124525761846044,42.717635172432054],[-72.283033479741263,42.722009577728222],[-72.458518364311487,42.726853082448812],[-72.477614331994758,42.761245137979131],[-72.53959970840711,42.804831929691495],[-72.556112015136875,42.866251595576905]]]}},
{"type":"Feature","properties":{"STUSPS":"AZ","NAME":"Arizona"},"geometry":{"type":"Polygon","coordinates":[[[-114.799680495079457,32.593617038382725],[-114.809390553537725,32.617115084543912],[-114.764947569865157,32.649387161143039],[-114.719630727164997,32.718759493048154],[-114.705714766458883,32.741577618110377],[-114.667490768522299,32.734222818888547],[-114.61572265941669,32.74127628619236],[-114.570672781219272,32.747414381776544],[-114.540258202672319,32.774826821096241],[-114.531743885232487,32.782500714910711],[-114.468969059554993,32.845153315287646],[-114.463125210836836,32.901882540397217],[-114.476638256510512,32.923626540944412],[-114.481313379506332,32.972062685915368],[-114.511341418698962,33.023453782262962],[-114.517490513329335,33.024714720664363],[-114.57515967231916,33.036540398511725],[-114.62829194782573,33.031049971672914],[-114.670802112453174,33.037981692900487],[-114.706173886936725,33.105332742357383],[-114.679357486810432,33.159517234768309],[-114.678095096222762,33.230298599960527],[-114.674489005224132,33.255595767637224],[-114.723257241339724,33.288077517247885],[-114.707960359409029,33.323419894675901],[-114.707346581310929,33.37662725851748],[-114.725280726924325,33.405047342685961],[-114.673899708394472,33.418298728474134],[-114.635181673190402,33.422725968656671],[-114.629145231739614,33.43354505289043],[-114.597281935518666,33.490653440907906],[-114.524597833024856,33.552231595197057],[-114.52918476478888,33.606650442174733],[-114.525199692705101,33.66158330733132],[-114.504991657379506,33.693022249231184],[-114.496563625739512,33.719155183174578],[-114.504861581007049,33.760465105074481],[-114.520463495953891,33.827778196751815],[-114.505636470044578,33.864276288452061],[-114.508706428049081,33.900640343503731],[-114.53498536774498,33.92849929885891],[-114.509566366251164,33.95726443744126],[-114.454805348775366,34.010968439455098],[-114.435502372348608,34.042615341682733],[-114.430089534740688,34.07893167207326],[-114.428024405297606,34.092787237816061],[-114.405939420515807,34.111540181226587],[-114.348050443309674,34.134458097964604],[-114.292804470464773,34.166725036104012],[-114.229713418897532,34.186928004754115],[-114.178048288732484,34.239968940742564],[-114.139053123901974,34.259537890573895],[-114.140815048209063,34.303127391901221],[-114.140927882283222,34.305918877242476],[-114.172842710894543,34.344978911335339],[-114.264314413686023,34.4013290100958],[-114.33536934712852,34.450037837852449],[-114.378849523196592,34.450375729799561],[-114.378220325630181,34.516520617739779],[-114.422379696363294,34.580710249897869],[-114.465244065820215,34.691200680972848],[-114.49096917632626,34.724846444934272],[-114.576450075372477,34.81529790196165],[-114.634380214011472,34.872887603918926],[-114.629767893349282,34.943037639400174],[-114.633486433848816,35.001854637289853],[-114.625069052129817,35.068475952224716],[-114.61990552654062,35.12163019009067],[-114.599120500900369,35.121048271518688],[-114.57274761090396,35.138723441775575],[-114.587130558522091,35.26237488999287],[-114.627139066826814,35.409503841727201],[-114.664502292035479,35.449497061045093],[-114.663107484855018,35.524491584578023],[-114.655970165419063,35.58799892808662],[-114.653408761841604,35.610790109202036],[-114.689410024229062,35.651413324756348],[-114.697312341656243,35.733687828196956],[-114.703713290993264,35.814587211499919],[-114.669690087157136,35.865086423337644],[-114.700274106954225,35.901774592068989],[-114.731162114331582,35.943918792192385],[-114.742782061955552,36.009966120736422],[-114.743302462890867,36.065938690073054],[-114.743345229756073,36.070538548903578],[-114.736168299116741,36.104370759099979],[-114.666541103757197,36.117346541357925],[-114.627858030847108,36.141015451756857],[-114.572033863875092,36.151613181692383],[-114.511723655518196,36.150958851097968],[-114.487036521357098,36.129398747862524],[-114.448656356688304,36.126412593436051],[-114.416952271300701,36.145763447804121],[-114.372108083860539,36.143116265376683],[-114.337274843590308,36.108022158779953],[-114.316110620734804,36.063111123071224],[-114.270646327227226,36.035721978442076],[-114.213691100597217,36.015614926306228],[-114.151726005411732,36.024564921995271],[-114.138204010041918,36.053162901941789],[-114.099870934960236,36.121655879525626],[-114.046838671438138,36.194070886258324],[-114.048226642746712,36.268875855335949],[-114.047584661648287,36.325574814275804],[-114.049493678375612,36.604060465148883],[-114.050161152513652,36.843142548478994],[-114.050600027500593,37.000396765023652],[-113.965907078091931,37.000025895355535],[-112.966470640123617,37.000220330296173],[-112.899190752229657,37.000302397532138],[-112.82950202105441,37.000387403012837],[-112.545094744304805,37.000734561655982],[-112.538571757486707,37.000744682613579],[-112.357690517127736,37.001025062293841],[-111.413013434461149,37.00147918365635],[-111.405868447078021,37.001482621357525],[-111.278285445167882,37.000466885102107],[-111.25076146941052,37.000716982140865],[-111.066496229439707,37.002390522537205],[-110.750690326292016,37.003197917117568],[-110.470190095886252,36.997997529482852],[-110.000676832236749,36.997968721395281],[-109.495337097070248,36.99910636192628],[-109.045222022949105,36.999085167138631],[-109.045431593426443,36.87459030706912],[-109.045729421647991,36.117027415063937],[-109.045871700871444,36.00270047287411],[-109.04602433899116,35.879799064918046],[-109.046295947978138,35.61425065565696],[-109.046795876140862,35.363606288056936],[-109.046355801741143,35.175507963144177],[-109.045850785154457,34.959819565147633],[-109.045850549281198,34.959719048843453],[-109.046136973340154,34.579290962403917],[-109.046180014868128,34.522392907254101],[-109.046425090865796,33.875052328057158],[-109.046608438947018,33.777407157801875],[-109.047298059623103,33.409783550663235],[-109.047237226093756,33.208965661144006],[-109.047237206594758,33.208895661995321],[-109.04711694897496,32.777795460941064],[-109.047116886403913,32.77757146036835],[-109.047612471484854,32.426378452730269],[-109.048296700664892,32.084093722697922],[-109.049197512040664,31.796551080147328],[-109.050048127427388,31.332501237912357],[-109.494493763867808,31.333394631812201],[-109.829692659108261,31.33406852544659],[-110.459754317534362,31.333145006768376],[-111.074825827640268,31.332242367553818],[-111.366783104542264,31.424767967188668],[-112.365043010726225,31.74113225938428],[-113.333768669105538,32.040256414118062],[-113.750746093756874,32.169010138628856],[-114.813613,32.494277],[-114.811536,32.522834],[-114.795632403952752,32.550951951448134],[-114.814182458444932,32.564783980689064],[-114.799680495079457,32.593617038382725]]]}}
]
}
